EstacaoCodigo;NivelConsistencia;Data;hora;MediaDiaria;TipoMedicaoCotas;Maxima;Minima;Media;DiaMaxima;DiaMinima;MaximaStatus;MinimaStatus;MediaStatus;MediaAnual;MediaAnualStatus;Cota01;Cota02;Cota03;Cota04;Cota05;Cota06;Cota07;Cota08;Cota09;Cota10;Cota11;Cota12;Cota13;Cota14;Cota15;Cota16;Cota17;Cota18;Cota19;Cota20;Cota21;Cota22;Cota23;Cota24;Cota25;Cota26;Cota27;Cota28;Cota29;Cota30;Cota31;Cota01Status;Cota02Status;Cota03Status;Cota04Status;Cota05Status;Cota06Status;Cota07Status;Cota08Status;Cota09Status;Cota10Status;Cota11Status;Cota12Status;Cota13Status;Cota14Status;Cota15Status;Cota16Status;Cota17Status;Cota18Status;Cota19Status;Cota20Status;Cota21Status;Cota22Status;Cota23Status;Cota24Status;Cota25Status;Cota26Status;Cota27Status;Cota28Status;Cota29Status;Cota30Status;Cota31Status
15400000;1;01/07/2024;07:00;0;1;433;236;333;7;29;0;0;0;;0;426;417;402;403;392;418;428;416;419;386;371;342;336;315;327;334;337;323;308;302;284;286;291;280;272;276;254;251;240;245;236;1;1;1;1;1;1;1;1;1;1;1;1;1;1;1;1;1;1;1;1;1;1;1;1;1;1;1;1;1;1;1
15400000;1;01/07/2024;17:00;0;1;433;236;333;7;29;0;0;0;;0;416;426;388;404;396;417;433;424;409;387;359;334;331;325;326;351;323;325;304;300;274;300;282;283;288;266;253;250;236;254;252;1;1;1;1;1;1;1;1;1;1;1;1;1;1;1;1;1;1;1;1;1;1;1;1;1;1;1;1;1;1;1
15400000;1;01/07/2024;;1;1;433;236;333;7;29;0;0;0;;0;421;422;395;404;394;418;431;420;414;387;365;338;334;320;327;343;330;324;306;301;279;293;287;282;280;271;254;251;238;250;244;1;1;1;1;1;1;1;1;1;1;1;1;1;1;1;1;1;1;1;1;1;1;1;1;1;1;1;1;1;1;1
15400000;1;01/06/2024;07:00;0;1;827;411;604;1;18;0;0;0;;0;817;812;774;760;719;692;683;672;677;616;580;570;529;510;494;465;459;436;418;493;668;686;668;642;654;614;576;540;503;498;;1;1;1;1;1;1;1;1;1;1;1;1;1;1;1;1;1;1;1;1;1;1;1;1;1;1;1;1;1;1;0
15400000;1;01/06/2024;17:00;0;1;827;411;604;1;18;0;0;0;;0;827;802;764;712;708;684;688;640;634;610;575;556;524;496;489;464;454;411;417;584;684;684;664;640;628;618;569;518;493;475;;1;1;1;1;1;1;1;1;1;1;1;1;1;1;1;1;1;1;1;1;1;1;1;1;1;1;1;1;1;1;0
15400000;1;01/06/2024;;1;1;827;411;604;1;18;0;0;0;;0;822;807;769;736;714;688;686;656;656;613;578;563;527;503;492;465;457;424;418;539;676;685;666;641;641;616;573;529;498;487;;1;1;1;1;1;1;1;1;1;1;1;1;1;1;1;1;1;1;1;1;1;1;1;1;1;1;1;1;1;1;0
15400000;1;01/05/2024;07:00;0;1;1006;820;923;1;30;0;0;0;;0;1006;999;1004;993;973;950;912;922;935;939;930;914;908;920;928;937;901;898;936;913;959;956;902;901;898;905;906;884;859;838;830;;;;;;;;;;;;;;;;;;;;;;;;;;;;;;;
15400000;1;01/05/2024;17:00;0;1;1006;820;923;1;30;0;0;0;;0;1003;990;998;978;970;944;924;928;934;934;920;902;912;936;916;909;898;898;944;977;969;940;899;884;912;910;880;888;840;820;834;;;;;;;;;;;;;;;;;;;;;;;;;;;;;;;
15400000;1;01/05/2024;;1;1;1006;820;925;1;30;0;0;0;;0;1005;995;1001;986;972;947;918;925;935;937;925;908;910;928;922;923;900;948;940;945;964;948;901;893;905;908;893;886;850;829;832;1;1;1;1;1;1;1;1;1;1;1;1;1;1;1;1;1;1;1;1;1;1;1;1;1;1;1;1;1;1;1
15400000;1;01/04/2024;07:00;0;1;1344;1016;1176;1;30;0;0;0;;0;1344;1324;1299;1271;1257;1240;1240;1250;1234;1196;1184;1159;1140;1144;1110;1142;1144;1166;1190;1192;1180;1144;1156;1145;1137;1130;1099;1060;1054;1028;;1;1;1;1;1;1;1;1;1;1;1;1;1;1;1;1;1;1;1;1;1;1;1;1;1;1;1;1;1;1;0
15400000;1;01/04/2024;17:00;0;1;1344;1016;1176;1;30;0;0;0;;0;1342;1306;1280;1266;1246;1234;1246;1234;1214;1199;1173;1161;1139;1125;1132;1148;1158;1168;1195;1186;1158;1137;1144;1148;1148;1120;1088;1052;1044;1016;;1;1;1;1;1;1;1;1;1;1;1;1;1;1;1;1;1;1;1;1;1;1;1;1;1;1;1;1;1;1;0
15400000;1;01/04/2024;;1;1;1344;1016;1176;1;30;0;0;0;;0;1343;1315;1290;1269;1252;1237;1243;1242;1224;1198;1179;1160;1140;1135;1121;1145;1151;1167;1193;1189;1169;1141;1150;1147;1143;1125;1094;1056;1049;1022;;1;1;1;1;1;1;1;1;1;1;1;1;1;1;1;1;1;1;1;1;1;1;1;1;1;1;1;1;1;1;0
15400000;1;01/03/2024;07:00;0;1;1462;1258;1365;7;21;0;0;0;;0;1404;1415;1426;1442;1443;1454;1457;1448;1452;1439;1445;1412;1388;1366;1344;1347;1330;1314;1291;1276;1258;1262;1278;1290;1296;1303;1326;1333;1337;1354;1358;1;1;1;1;1;1;1;1;1;1;1;1;1;1;1;1;1;1;1;1;1;1;1;1;1;1;1;1;1;1;1
15400000;1;01/03/2024;17:00;0;1;1462;1258;1365;7;21;0;0;0;;0;1412;1430;1432;1446;1448;1454;1462;1456;1458;1443;1420;1399;1372;1359;1350;1336;1324;1312;1282;1267;1261;1276;1279;1299;1296;1314;1332;1348;1358;1348;1359;1;1;1;1;1;1;1;1;1;1;1;1;1;1;1;1;1;1;1;1;1;1;1;1;1;1;1;1;1;1;1
15400000;1;01/03/2024;;1;1;1462;1258;1365;7;21;0;0;0;;0;1408;1423;1429;1444;1446;1454;1460;1452;1455;1441;1433;1406;1380;1363;1347;1342;1327;1313;1287;1272;1260;1269;1279;1295;1296;1309;1329;1341;1348;1351;1359;1;1;1;1;1;1;1;1;1;1;1;1;1;1;1;1;1;1;1;1;1;1;1;1;1;1;1;1;1;1;1
15400000;1;01/02/2024;07:00;0;1;1399;890;1097;29;14;0;0;0;;0;1069;1066;1058;1075;1075;1047;1034;1029;1010;1004;978;957;914;890;908;960;983;1068;1126;1149;1169;1180;1156;1178;1248;1296;1334;1368;1393;;;1;1;1;1;1;1;1;1;1;1;1;1;1;1;1;1;1;1;1;1;1;1;1;1;1;1;1;1;1;0;0
15400000;1;01/02/2024;17:00;0;1;1399;890;1097;29;14;0;0;0;;0;1082;1054;1058;1048;1050;1053;1035;1021;1001;1001;954;929;898;910;912;968;1030;1112;1150;1154;1172;1172;1174;1223;1268;1323;1350;1382;1399;;;1;1;1;1;1;1;1;1;1;1;1;1;1;1;1;1;1;1;1;1;1;1;1;1;1;1;1;1;1;0;0
15400000;1;01/02/2024;;1;1;1399;890;1097;29;14;0;0;0;;0;1076;1060;1058;1062;1063;1050;1035;1025;1006;1003;966;943;906;900;910;964;1007;1090;1138;1152;1171;1176;1165;1201;1258;1310;1342;1375;1396;;;1;1;1;1;1;1;1;1;1;1;1;1;1;1;1;1;1;1;1;1;1;1;1;1;1;1;1;1;1;0;0
15400000;1;01/01/2024;07:00;0;1;1049;731;826;31;4;0;0;0;;0;779;776;756;731;734;762;790;817;832;866;860;858;824;790;752;768;756;742;733;744;768;802;838;852;891;891;890;891;928;1008;1041;1;1;1;1;1;1;1;1;1;1;1;1;1;1;1;1;1;1;1;1;1;1;1;1;1;1;1;1;1;1;1
15400000;1;01/01/2024;17:00;0;1;1049;731;826;31;4;0;0;0;;0;777;770;748;752;745;780;787;830;852;877;881;842;814;779;752;777;752;746;744;738;784;816;848;880;894;902;892;904;971;1031;1049;1;1;1;1;1;1;1;1;1;1;1;1;1;1;1;1;1;1;1;1;1;1;1;1;1;1;1;1;1;1;1
15400000;1;01/01/2024;;1;1;1049;731;826;31;4;0;0;0;;0;778;773;752;742;740;771;789;824;842;872;871;850;819;785;752;773;754;744;739;741;776;809;843;866;893;897;891;898;950;1020;1045;1;1;1;1;1;1;1;1;1;1;1;1;1;1;1;1;1;1;1;1;1;1;1;1;1;1;1;1;1;1;1
15400000;1;01/12/2023;17:00;0;1;792;405;690;11;1;0;0;0;;0;443;450;514;543;579;614;622;619;730;790;792;769;780;778;758;748;734;724;699;680;709;744;766;741;713;708;756;743;740;739;764;;;;;;;;;;;;;;;;;;;;;;;;;;;;;;;
15400000;1;01/12/2023;07:00;0;1;792;405;690;11;1;0;0;0;;0;405;441;479;528;569;608;614;599;674;760;788;780;771;779;757;748;750;733;694;687;683;740;766;747;736;714;738;740;752;739;755;;;;;;;;;;;;;;;;;;;;;;;;;;;;;;;
15400000;1;01/12/2023;;1;1;792;405;690;11;1;0;0;0;;0;424;446;497;536;574;611;618;609;702;775;790;775;776;779;758;748;742;729;697;684;696;742;766;744;725;711;747;742;746;739;760;;;;;;;;;;;;;;;;;;;;;;;;;;;;;;;
15400000;1;01/11/2023;07:00;0;1;381;114;243;30;4;0;0;0;;0;125;129;118;116;116;192;273;318;307;277;262;252;262;259;246;252;246;249;259;236;231;229;230;234;251;266;284;322;337;342;;;;;;;;;;;;;;;;;;;;;;;;;;;;;;;1;0
15400000;1;01/11/2023;17:00;0;1;381;114;243;30;4;0;0;0;;0;130;125;116;114;138;239;296;308;288;270;258;261;262;249;246;252;250;256;253;234;228;227;232;239;256;293;308;322;328;381;;;;;;;;;;;;;;;;;;;;;;;;;;;;;;;1;0
15400000;1;01/11/2023;;1;1;381;114;243;30;4;0;0;0;;0;128;127;117;115;127;216;285;313;298;274;260;257;262;254;246;252;248;253;256;235;230;228;231;237;254;280;296;322;333;362;;;;;;;;;;;;;;;;;;;;;;;;;;;;;;;1;0
15400000;1;01/10/2023;07:00;0;1;190;110;145;20;7;0;0;0;;0;150;130;128;131;119;120;114;110;122;126;130;131;135;123;128;156;172;176;188;181;186;157;173;164;156;156;148;146;142;129;137;1;1;1;1;1;1;1;1;1;1;1;1;1;1;1;1;1;1;1;1;1;1;1;1;1;1;1;1;1;1;1
15400000;1;01/10/2023;17:00;0;1;190;110;145;20;7;0;0;0;;0;146;132;132;123;126;116;110;118;123;127;132;126;122;123;142;170;174;186;188;190;189;160;170;164;160;156;145;146;129;146;128;1;1;1;1;1;1;1;1;1;1;1;1;1;1;1;1;1;1;1;1;1;1;1;1;1;1;1;1;1;1;1
15400000;1;01/10/2023;;1;1;190;110;145;20;7;0;0;0;;0;148;131;130;127;123;118;112;114;123;127;131;129;129;123;135;163;173;181;188;186;188;159;172;164;158;156;147;146;136;138;133;1;1;1;1;1;1;1;1;1;1;1;1;1;1;1;1;1;1;1;1;1;1;1;1;1;1;1;1;1;1;1
15400000;1;01/09/2023;07:00;0;1;;;;;;0;0;0;;0;209;206;;;182;176;163;155;164;159;164;178;198;200;188;198;167;176;159;158;158;170;156;158;150;140;147;149;148;152;;1;1;4;4;1;1;1;1;1;1;1;1;1;1;1;1;1;1;1;1;1;1;1;1;1;1;1;1;1;1;0
15400000;1;01/09/2023;17:00;0;1;;;;;;0;0;0;;0;218;197;;178;176;176;172;156;160;166;172;183;199;203;189;187;167;163;160;167;162;162;158;150;147;145;145;148;150;151;;1;1;4;1;1;1;1;1;1;1;1;1;1;1;1;1;1;1;1;1;1;1;1;1;1;1;1;1;1;1;0
15400000;1;01/09/2023;;1;1;214;143;171;1;26;2;2;2;;0;214;202;195;187;179;176;168;156;162;163;168;181;199;202;189;193;167;170;160;163;160;166;157;154;149;143;146;149;149;152;;1;1;2;2;1;1;1;1;1;1;1;1;1;1;1;1;1;1;1;1;1;1;1;1;1;1;1;1;1;1;0
15400000;1;01/08/2023;07:00;0;1;;;;;;0;0;0;;0;;402;446;454;484;458;449;440;430;403;386;360;332;342;304;313;290;288;295;320;324;328;316;326;322;306;280;283;260;246;217;4;1;1;1;1;1;1;1;1;1;1;1;1;1;1;1;1;1;1;1;1;1;1;1;1;1;1;1;1;1;1
15400000;1;01/08/2023;17:00;0;1;;;;;;0;0;0;;0;;420;452;468;490;484;454;429;416;405;382;346;328;332;288;310;280;296;329;322;334;320;326;334;308;298;285;270;246;232;206;4;1;1;1;1;1;1;1;1;1;1;1;1;1;1;1;1;1;1;1;1;1;1;1;1;1;1;1;1;1;1
15400000;1;01/08/2023;;1;1;487;212;348;5;31;2;2;2;;0;396;411;449;461;487;471;452;435;423;404;384;353;330;337;296;312;285;292;312;321;329;324;321;330;315;302;283;277;253;239;212;2;1;1;1;1;1;1;1;1;1;1;1;1;1;1;1;1;1;1;1;1;1;1;1;1;1;1;1;1;1;1
15400000;1;01/07/2023;07:00;0;1;;;;;;0;0;0;;0;717;708;678;682;632;632;630;645;652;647;632;604;582;558;542;533;509;496;;;;;;;496;488;475;479;451;433;417;1;1;1;1;1;1;1;1;1;1;1;1;1;1;1;1;1;1;4;4;4;4;4;4;1;1;1;1;1;1;1
15400000;1;01/07/2023;17:00;0;1;;;;;;0;0;0;;0;718;695;670;650;636;638;629;673;634;618;618;604;577;551;558;505;498;504;;;;;;;488;489;482;465;447;420;463;1;1;1;1;1;1;1;1;1;1;1;1;1;1;1;1;1;1;4;4;4;4;4;4;1;1;1;1;1;1;1
15400000;1;01/07/2023;;1;1;718;427;567;1;30;2;2;2;;0;718;702;674;666;634;635;630;659;643;633;625;604;580;555;550;519;504;500;530;565;579;562;542;527;492;489;479;472;449;427;440;1;1;1;1;1;1;1;1;1;1;1;1;1;1;1;1;1;1;2;2;2;2;2;2;1;1;1;1;1;1;1
15400000;1;01/06/2023;07:00;0;1;1086;748;910;1;30;1;1;1;;0;1086;1058;1048;1059;1061;1039;1039;1007;992;958;930;908;866;870;846;838;832;886;904;910;910;890;857;841;823;787;780;773;758;748;;1;1;1;1;1;1;1;1;1;1;1;1;1;1;1;1;1;1;1;1;1;1;1;1;1;1;1;1;1;1;0
15400000;1;01/06/2023;17:00;0;1;;;;;;0;0;0;;0;1068;1056;1066;1070;1045;1060;1025;979;972;952;924;892;878;856;858;826;846;906;914;;894;867;855;837;817;795;774;760;740;734;;1;1;1;1;1;1;1;1;1;1;1;1;1;1;1;1;1;1;1;4;1;1;1;1;1;1;1;1;1;1;0
15400000;1;01/06/2023;;1;1;1077;741;908;1;30;2;2;2;;0;1077;1057;1057;1065;1053;1050;1032;993;982;955;927;900;872;863;852;832;839;896;909;910;902;879;856;839;820;791;777;767;749;741;;1;1;1;1;1;1;1;1;1;1;1;1;1;1;1;1;1;1;1;2;1;1;1;1;1;1;1;1;1;1;0
15400000;1;01/05/2023;07:00;0;1;1390;1030;1207;1;27;0;0;0;;0;1390;1360;1320;1284;1266;1259;1246;1236;1234;1224;1226;1252;1293;1318;1330;1305;1274;1234;1194;1194;1156;1140;1109;1082;1048;1044;1030;1075;1106;1120;1120;1;1;1;1;1;1;1;1;1;1;1;1;1;1;1;1;1;1;1;1;1;1;1;1;1;1;1;1;1;1;1
15400000;1;01/05/2023;17:00;0;1;1390;1030;1207;1;27;0;0;0;;0;1371;1332;1306;1270;1270;1262;1244;1238;1228;1236;1240;1276;1306;1327;1317;1297;1253;1210;1180;1162;1145;1127;1088;1088;1054;1048;1058;1096;1112;1124;1091;1;1;1;1;1;1;1;1;1;1;1;1;1;1;1;1;1;1;1;1;1;1;1;1;1;1;1;1;1;1;1
15400000;1;01/05/2023;;1;1;1390;1030;1207;1;27;0;0;0;;0;1381;1346;1313;1277;1268;1261;1245;1237;1231;1230;1233;1264;1300;1323;1324;1301;1264;1222;1187;1178;1151;1134;1099;1085;1051;1046;1044;1086;1109;1122;1106;1;1;1;1;1;1;1;1;1;1;1;1;1;1;1;1;1;1;1;1;1;1;1;1;1;1;1;1;1;1;1
15400000;1;01/04/2023;07:00;0;1;1566;1392;1499;2;30;0;0;0;;0;1556;1560;1550;1558;1550;1543;1528;1520;1512;1530;1534;1543;1558;1549;1541;1524;1510;1482;1470;1452;1450;1442;1427;1428;1442;1450;1466;1465;1448;1419;;1;1;1;1;1;1;1;1;1;1;1;1;1;1;1;1;1;1;1;1;1;1;1;1;1;1;1;1;1;1;0
15400000;1;01/04/2023;17:00;0;1;1566;1392;1499;2;30;0;0;0;;0;1558;1566;1560;1558;1545;1546;1526;1517;1520;1528;1534;1543;1548;1548;1535;1516;1490;1476;1460;1452;1444;1441;1432;1438;1448;1464;1480;1456;1428;1392;;1;1;1;1;1;1;1;1;1;1;1;1;1;1;1;1;1;1;1;1;1;1;1;1;1;1;1;1;1;1;0
15400000;1;01/04/2023;;1;1;1566;1392;1499;2;30;0;0;0;;0;1557;1563;1555;1558;1548;1545;1527;1519;1516;1529;1534;1543;1553;1549;1538;1520;1500;1479;1465;1452;1447;1442;1430;1433;1445;1457;1473;1461;1438;1406;;1;1;1;1;1;1;1;1;1;1;1;1;1;1;1;1;1;1;1;1;1;1;1;1;1;1;1;1;1;1;0
15400000;1;01/03/2023;17:00;0;1;1543;1305;1367;31;2;0;0;0;;0;1326;1305;1307;1320;1330;1330;1332;1320;1310;1310;1324;1334;1334;1336;1344;1346;1343;1344;1360;1370;1395;1388;1384;1382;1396;1410;1426;1442;1490;1520;1543;;;;;;;;;;;;;;;;;;;;;;;;;;;;;;;
15400000;1;01/03/2023;07:00;0;1;1543;1305;1367;31;2;0;0;0;;0;1340;1319;1305;1312;1332;1346;1323;1320;1310;1317;1326;1322;1320;1336;1340;1350;1344;1346;1350;1362;1380;1416;1395;1386;1386;1402;1420;1426;1460;1501;1530;;;;;;;;;;;;;;;;;;;;;;;;;;;;;;;
15400000;1;01/03/2023;;1;1;1543;1305;1367;31;2;0;0;0;;0;1333;1312;1306;1316;1331;1338;1328;1320;1310;1314;1325;1328;1327;1336;1342;1348;1344;1345;1355;1366;1388;1402;1390;1384;1391;1406;1423;1434;1475;1511;1537;;;;;;;;;;;;;;;;;;;;;;;;;;;;;;;
15400000;1;01/02/2023;17:00;0;1;1420;924;1228;25;3;0;0;0;;0;934;938;924;944;984;1034;1081;1129;1185;1242;1260;1270;1284;1294;1307;1304;1310;1312;1332;1348;1362;1375;1404;1413;1420;1396;1371;1344;;;;1;1;1;1;1;1;1;1;1;1;1;1;1;1;1;1;1;1;1;1;1;1;1;1;1;1;1;1;0;0;0
15400000;1;01/02/2023;07:00;0;1;1420;924;1228;25;3;0;0;0;;0;952;936;930;927;955;1005;1044;1112;1164;1230;1242;1264;1275;1297;1294;1293;1302;1308;1334;1350;1362;1370;1386;1412;1410;1396;1370;1356;;;;1;1;1;1;1;1;1;1;1;1;1;1;1;1;1;1;1;1;1;1;1;1;1;1;1;1;1;1;0;0;0
15400000;1;01/02/2023;;1;1;1420;924;1228;25;3;0;0;0;;0;943;937;927;936;970;1020;1063;1121;1175;1236;1251;1267;1280;1296;1301;1299;1306;1310;1333;1349;1362;1373;1395;1413;1415;1396;1371;1350;;;;1;1;1;1;1;1;1;1;1;1;1;1;1;1;1;1;1;1;1;1;1;1;1;1;1;1;1;1;0;0;0
15400000;1;01/01/2023;07:00;0;1;1054;830;946;11;3;0;0;0;;0;918;850;830;868;906;930;916;950;1018;1026;1054;1012;972;962;916;892;894;870;921;958;968;965;958;954;955;986;983;956;962;949;951;1;1;1;1;1;1;1;1;1;1;1;1;1;1;1;1;1;1;1;1;1;1;1;1;1;1;1;1;1;1;1
15400000;1;01/01/2023;17:00;0;1;1054;830;946;11;3;0;0;0;;0;870;850;852;890;943;934;934;988;1038;1032;1026;1006;972;954;930;908;882;888;934;968;970;953;952;954;987;1001;976;971;957;955;948;1;1;1;1;1;1;1;1;1;1;1;1;1;1;1;1;1;1;1;1;1;1;1;1;1;1;1;1;1;1;1
15400000;1;01/01/2023;;1;1;1040;841;946;11;3;1;1;1;;0;894;850;841;879;925;932;925;969;1028;1029;1040;1009;972;958;923;900;888;879;928;963;969;959;955;954;971;994;980;964;960;952;950;1;1;1;1;1;1;1;1;1;1;1;1;1;1;1;1;1;1;1;1;1;1;1;1;1;1;1;1;1;1;1
15400000;1;01/12/2022;07:00;0;1;892;416;584;30;6;0;0;0;;0;494;468;452;436;420;416;514;575;607;594;562;530;490;476;465;437;440;514;568;588;628;616;625;627;674;745;761;730;768;868;886;1;1;1;1;1;1;1;1;1;1;1;1;1;1;1;1;1;1;1;1;1;1;1;1;1;1;1;1;1;1;1
15400000;1;01/12/2022;17:00;0;1;892;416;584;30;6;0;0;0;;0;480;460;460;433;422;438;562;628;610;592;544;510;484;464;438;436;467;536;580;590;610;630;654;652;693;744;762;748;830;892;890;1;1;1;1;1;1;1;1;1;1;1;1;1;1;1;1;1;1;1;1;1;1;1;1;1;1;1;1;1;1;1
15400000;1;01/12/2022;;1;1;888;421;584;31;5;1;1;1;;0;487;464;456;435;421;427;538;602;609;593;553;520;487;470;452;437;454;525;574;589;619;623;640;640;684;745;762;739;799;880;888;1;1;1;1;1;1;1;1;1;1;1;1;1;1;1;1;1;1;1;1;1;1;1;1;1;1;1;1;1;1;1
15400000;1;01/11/2022;07:00;0;1;502;290;399;30;18;0;0;0;;0;408;395;379;387;398;416;458;443;419;414;405;373;362;336;332;310;306;290;322;388;450;460;476;432;430;384;370;401;478;502;;1;1;1;1;1;1;1;1;1;1;1;1;1;1;1;1;1;1;1;1;1;1;1;1;1;1;1;1;1;1;0
15400000;1;01/11/2022;17:00;0;1;502;290;399;30;18;0;0;0;;0;388;396;397;379;426;426;452;441;418;382;410;370;358;333;334;306;298;302;344;393;470;470;468;428;413;374;368;450;492;501;;1;1;1;1;1;1;1;1;1;1;1;1;1;1;1;1;1;1;1;1;1;1;1;1;1;1;1;1;1;1;0
15400000;1;01/11/2022;;1;1;502;296;399;30;18;1;1;1;;0;398;396;388;383;412;421;455;442;419;398;408;372;360;335;333;308;302;296;333;391;460;465;472;430;422;379;369;426;485;502;;1;1;1;1;1;1;1;1;1;1;1;1;1;1;1;1;1;1;1;1;1;1;1;1;1;1;1;1;1;1;0
15400000;1;01/10/2022;07:00;0;1;432;204;292;29;1;0;0;0;;0;210;220;226;229;226;220;222;249;255;252;244;232;230;248;246;259;248;254;266;334;365;356;358;354;344;336;323;398;432;422;413;1;1;1;1;1;1;1;1;1;1;1;1;1;1;1;1;1;1;1;1;1;1;1;1;1;1;1;1;1;1;1
15400000;1;01/10/2022;17:00;0;1;432;204;292;29;1;0;0;0;;0;204;224;228;234;227;218;233;250;258;250;240;233;234;262;228;266;259;256;318;354;354;353;360;352;340;338;344;420;425;428;412;1;1;1;1;1;1;1;1;1;1;1;1;1;1;1;1;1;1;1;1;1;1;1;1;1;1;1;1;1;1;1
15400000;1;01/10/2022;;1;1;429;207;292;29;1;1;1;1;;0;207;222;227;232;227;219;228;250;257;251;242;233;232;255;237;263;254;255;292;344;360;355;359;353;342;337;334;409;429;425;413;1;1;1;1;1;1;1;1;1;1;1;1;1;1;1;1;1;1;1;1;1;1;1;1;1;1;1;1;1;1;1
15400000;1;01/09/2022;07:00;0;1;334;138;212;23;18;0;0;0;;0;274;278;251;225;201;196;194;174;180;167;170;168;150;173;160;168;155;141;150;144;174;266;319;332;302;276;260;226;230;222;;1;1;1;1;1;1;1;1;1;1;1;1;1;1;1;1;1;1;1;1;1;1;1;1;1;1;1;1;1;1;0
15400000;1;01/09/2022;17:00;0;1;334;138;212;23;18;0;0;0;;0;272;277;238;210;216;190;184;182;180;168;182;182;170;162;155;170;146;138;148;148;224;294;334;320;297;264;250;234;210;240;;1;1;1;1;1;1;1;1;1;1;1;1;1;1;1;1;1;1;1;1;1;1;1;1;1;1;1;1;1;1;0
15400000;1;01/09/2022;;1;1;334;138;212;23;18;0;0;0;;0;273;278;245;218;209;193;189;178;180;168;176;175;160;168;158;169;151;140;149;146;199;280;327;326;300;270;255;230;220;231;;1;1;1;1;1;1;1;1;1;1;1;1;1;1;1;1;1;1;1;1;1;1;1;1;1;1;1;1;1;1;0
15400000;1;01/08/2022;07:00;0;1;426;274;338;13;30;0;0;0;;0;316;332;338;340;325;317;298;310;310;301;296;379;420;410;399;389;398;391;380;364;328;318;299;305;299;324;330;336;312;297;293;1;1;1;1;1;1;1;1;1;1;1;1;1;1;1;1;1;1;1;1;1;1;1;1;1;1;1;1;1;1;1
15400000;1;01/08/2022;17:00;0;1;426;274;338;13;30;0;0;0;;0;314;336;345;343;316;309;301;321;311;292;316;412;426;416;396;397;397;384;372;354;324;306;306;304;320;324;322;339;320;274;299;1;1;1;1;1;1;1;1;1;1;1;1;1;1;1;1;1;1;1;1;1;1;1;1;1;1;1;1;1;1;1
15400000;1;01/08/2022;;1;1;426;274;338;13;30;0;0;0;;0;315;334;342;342;321;313;300;316;311;297;306;396;423;413;398;393;398;388;376;359;326;312;303;305;310;324;326;338;316;286;296;1;1;1;1;1;1;1;1;1;1;1;1;1;1;1;1;1;1;1;1;1;1;1;1;1;1;1;1;1;1;1
15400000;1;01/07/2022;07:00;0;1;544;298;380;1;18;0;0;0;;0;544;516;492;483;458;448;390;395;385;379;360;335;332;340;338;322;315;298;318;420;410;396;371;360;341;338;346;346;338;334;318;1;1;1;1;1;1;1;1;1;1;1;1;1;1;1;1;1;1;1;1;1;1;1;1;1;1;1;1;1;1;1
15400000;1;01/07/2022;17:00;0;1;544;298;380;1;18;0;0;0;;0;536;510;484;472;452;420;396;392;398;358;366;334;339;348;336;316;319;308;388;405;418;384;364;354;341;344;354;344;336;328;324;1;1;1;1;1;1;1;1;1;1;1;1;1;1;1;1;1;1;1;1;1;1;1;1;1;1;1;1;1;1;1
15400000;1;01/07/2022;;1;1;544;298;380;1;18;0;0;0;;0;540;513;488;478;455;434;393;394;392;369;363;335;336;344;337;319;317;303;353;413;414;390;368;357;341;341;350;345;337;331;321;1;1;1;1;1;1;1;1;1;1;1;1;1;1;1;1;1;1;1;1;1;1;1;1;1;1;1;1;1;1;1
15400000;1;01/06/2022;07:00;0;1;886;550;737;13;30;0;0;0;;0;743;755;748;726;750;778;786;779;760;750;766;841;886;871;881;864;837;809;778;736;738;701;674;635;630;602;595;574;582;550;;1;1;1;1;1;1;1;1;1;1;1;1;1;1;1;1;1;1;1;1;1;1;1;1;1;1;1;1;1;1;0
15400000;1;01/06/2022;17:00;0;1;886;550;737;13;30;0;0;0;;0;756;750;735;723;772;790;777;765;765;750;801;860;884;878;866;852;828;802;763;717;727;686;664;636;624;626;599;577;586;557;;1;1;1;1;1;1;1;1;1;1;1;1;1;1;1;1;1;1;1;1;1;1;1;1;1;1;1;1;1;1;0
15400000;1;01/06/2022;;1;1;886;550;737;13;30;0;0;0;;0;750;753;742;725;761;784;782;772;763;750;784;851;885;875;874;858;833;806;771;727;733;694;669;636;627;614;597;576;584;554;;1;1;1;1;1;1;1;1;1;1;1;1;1;1;1;1;1;1;1;1;1;1;1;1;1;1;1;1;1;1;0
15400000;1;01/05/2022;17:00;0;1;1156;758;971;1;31;0;0;0;;0;1148;1125;1115;1105;1082;1075;1058;1036;1023;1040;1034;1006;968;957;952;942;960;944;941;942;929;944;938;927;905;902;868;832;816;814;758;;;;;;;;;;;;;;;;;;;;;;;;;;;;;;;
15400000;1;01/05/2022;07:00;0;1;1156;758;971;1;31;0;0;0;;0;1156;1139;1119;1118;1092;1069;1063;1033;1018;1032;1032;1015;980;960;940;941;968;946;928;926;930;935;940;942;925;898;870;841;819;780;771;;;;;;;;;;;;;;;;;;;;;;;;;;;;;;;
15400000;1;01/05/2022;;1;1;1156;758;971;1;31;0;0;0;;0;1152;1132;1117;1112;1087;1072;1061;1035;1021;1036;1033;1011;974;959;946;942;964;945;935;934;930;940;939;935;915;900;869;837;818;797;765;;;;;;;;;;;;;;;;;;;;;;;;;;;;;;;
15400000;1;01/04/2022;17:00;0;1;1498;1180;1359;2;30;0;0;0;;0;1482;1498;1477;1463;1480;1478;1458;1446;1414;1378;1383;1363;1344;1351;1360;1339;1372;1342;1360;1372;1356;1321;1302;1282;1266;1228;1236;1215;1198;1180;;;;;;;;;;;;;;;;;;;;;;;;;;;;;;;;0
15400000;1;01/04/2022;07:00;0;1;1498;1180;1359;2;30;0;0;0;;0;1473;1494;1481;1476;1468;1462;1464;1456;1421;1405;1380;1383;1353;1334;1355;1340;1340;1340;1356;1374;1363;1349;1320;1294;1270;1250;1222;1206;1210;1186;;;;;;;;;;;;;;;;;;;;;;;;;;;;;;;;0
15400000;1;01/04/2022;;1;1;1498;1180;1359;2;30;0;0;0;;0;1478;1496;1479;1470;1474;1470;1461;1451;1418;1392;1382;1373;1349;1343;1358;1340;1356;1341;1358;1373;1360;1335;1311;1288;1268;1239;1229;1211;1204;1183;;;;;;;;;;;;;;;;;;;;;;;;;;;;;;;;0
15400000;1;01/03/2022;17:00;0;1;1466;1298;1391;22;10;0;0;0;;0;1364;1372;1406;1418;1419;1420;1382;1354;1338;1330;1321;1326;1332;1314;1310;1308;1336;1382;1413;1442;1462;1466;1450;1440;1445;1440;1448;1420;1416;1428;1456;1;1;1;1;1;1;1;1;1;1;1;1;1;1;1;1;1;1;1;1;1;1;1;1;1;1;1;1;1;1;1
15400000;1;01/03/2022;07:00;0;1;1466;1298;1391;22;10;0;0;0;;0;1369;1366;1394;1413;1418;1408;1403;1376;1354;1298;1328;1315;1332;1322;1322;1317;1338;1360;1388;1421;1450;1461;1456;1450;1444;1448;1432;1433;1419;1420;1440;1;1;1;1;1;1;1;1;1;1;1;1;1;1;1;1;1;1;1;1;1;1;1;1;1;1;1;1;1;1;1
15400000;1;01/03/2022;;1;1;1466;1298;1391;22;10;0;0;0;;0;1367;1369;1400;1416;1419;1414;1393;1365;1346;1314;1325;1321;1332;1318;1316;1313;1337;1371;1401;1432;1456;1464;1453;1445;1445;1444;1440;1427;1418;1424;1448;1;1;1;1;1;1;1;1;1;1;1;1;1;1;1;1;1;1;1;1;1;1;1;1;1;1;1;1;1;1;1
15400000;1;01/02/2022;17:00;0;1;;;;;;0;0;0;;0;1142;1131;1155;1199;1230;1262;1254;;1240;1288;1308;1340;1345;1325;1277;1268;1280;1290;1295;1316;1310;1325;1326;1324;1362;1328;1330;1345;;;;;;;;;;;;;;;;;;;;;;;;;;;;;;;;0;0;0
15400000;1;01/02/2022;07:00;0;1;;;;;;0;0;0;;0;1162;1133;1142;1191;1207;1240;1264;;1243;1278;1298;1315;1334;1322;1304;1286;1275;1290;1288;1288;1312;1326;1327;1345;1335;1332;1345;1354;;;;;;;;;;;;;;;;;;;;;;;;;;;;;;;;0;0;0
15400000;1;01/02/2022;;1;1;1350;1132;1279;28;2;2;2;2;;0;1152;1132;1149;1195;1219;1251;1259;1251;1242;1283;1303;1328;1340;1324;1291;1277;1278;1290;1292;1302;1311;1326;1327;1335;1349;1330;1338;1350;;;;;;;;;;;2;;;;;;;;;;;;;;;;;;;;;0;0;0
15400000;1;01/01/2022;07:00;0;1;1214;954;1064;1;23;0;0;0;;0;1198;1196;1181;1155;1138;1128;1090;1056;1064;1082;1091;1096;1084;1036;1056;1011;992;982;968;973;970;968;962;970;1005;1020;1013;1062;1128;1178;1170;;;;;;;;;;;;;;;;;;;;;;;;;;;;;;;
15400000;1;01/01/2022;17:00;0;1;1214;954;1064;1;23;0;0;0;;0;1214;1190;1170;1151;1128;1099;1075;1061;1060;1087;1082;1091;1062;1028;1042;999;984;978;967;986;964;958;954;990;1020;1008;1042;1079;1136;1174;1159;;;;;;;;;;;;;;;;;;;;;;;;;;;;;;;
15400000;1;01/01/2022;;1;1;1214;954;1064;1;23;0;0;0;;0;1206;1193;1176;1153;1133;1114;1083;1059;1062;1085;1087;1094;1073;1032;1049;1005;988;980;968;980;967;963;958;980;1013;1014;1028;1071;1132;1176;1165;;;;;;;;;;;;;;;;;;;;;;;;;;;;;;;
15400000;2;01/12/2021;;1;3;1197;688;979;31;1;1;1;1;;;688;722;780;826;889;912;915;919;917;907;913;956;981;991;995;995;1001;1004;996;977;991;1027;1053;1062;1070;1075;1107;1136;1170;1181;1197;1;1;1;1;1;1;1;1;1;1;1;1;1;1;1;1;1;1;1;1;1;1;1;1;1;1;1;1;1;1;1
15400000;1;01/12/2021;17:00;0;1;1208;678;976;31;1;0;0;0;;0;692;730;798;851;891;911;903;908;999;908;904;966;977;997;992;986;990;993;990;972;988;1024;1054;1061;1060;1070;1114;1139;1170;1171;1208;;;;;;;;;;;;;;;;;;;;;;;;;;;;;;;
15400000;1;01/12/2021;07:00;0;1;11398;678;1141;28;1;0;0;0;;0;678;710;765;811;872;910;910;922;918;898;901;930;976;981;984;989;999;1010;991;965;982;1023;1050;1044;1058;1064;1094;1124;1161;1177;1180;1;1;1;1;1;1;1;1;1;1;1;1;1;1;1;1;1;1;1;1;1;1;1;1;1;1;1;1;1;1;1
15400000;1;01/12/2021;;1;1;1194;685;976;31;1;1;1;1;;0;685;720;782;831;882;911;907;915;959;903;903;948;977;989;988;988;995;1002;991;969;985;1024;1052;1053;1059;1067;1104;1131;1166;1174;1194;1;1;1;1;1;1;1;1;1;1;1;1;1;1;1;1;1;1;1;1;1;1;1;1;1;1;1;1;1;1;1
15400000;2;01/11/2021;;1;3;692;311;459;29;12;1;1;1;;;312;319;323;329;333;327;334;333;325;312;326;311;334;401;438;433;436;442;483;498;514;577;617;652;665;661;674;684;692;692;;1;1;1;1;1;1;1;1;1;1;1;1;1;1;1;1;1;1;1;1;1;1;1;1;1;1;1;1;1;1;
15400000;1;01/11/2021;07:00;0;1;698;298;458;28;1;0;0;0;;0;298;311;308;311;320;314;334;333;314;320;340;319;332;398;448;445;452;453;476;486;507;554;594;646;648;647;675;671;695;688;;1;1;1;1;1;1;1;1;1;1;1;1;1;1;1;1;1;1;1;1;1;1;1;1;1;1;1;1;1;1;0
15400000;1;01/11/2021;17:00;0;1;698;298;458;28;1;0;0;0;;0;306;310;320;311;327;327;331;332;336;314;327;316;337;405;456;448;451;446;483;501;508;598;616;640;672;659;676;698;677;694;;1;1;1;1;1;1;1;1;1;1;1;1;1;1;1;1;1;1;1;1;1;1;1;1;1;1;1;1;1;1;0
15400000;1;01/11/2021;;1;1;691;302;458;30;1;1;1;1;;0;302;311;314;311;324;321;333;333;325;317;334;318;335;402;452;447;452;450;480;494;508;576;605;643;660;653;676;685;686;691;;1;1;1;1;1;1;1;1;1;1;1;1;1;1;1;1;1;1;1;1;1;1;1;1;1;1;1;1;1;1;0
15400000;2;01/10/2021;;1;1;327;167;226;29;15;1;1;1;;;219;217;209;211;198;220;221;227;221;229;189;180;173;171;167;176;187;182;194;205;200;202;240;235;268;294;304;310;327;322;315;1;1;1;1;1;1;1;1;1;1;1;1;1;1;1;1;1;1;1;1;1;1;1;1;1;1;1;1;1;1;1
15400000;1;01/10/2021;07:00;0;1;342;162;226;29;15;0;0;0;;0;220;215;210;207;195;213;214;229;216;233;195;183;174;175;162;174;184;186;182;212;195;203;229;243;250;298;296;320;312;328;320;1;1;1;1;1;1;1;1;1;1;1;1;1;1;1;1;1;1;1;1;1;1;1;1;1;1;1;1;1;1;1
15400000;1;01/10/2021;17:00;0;1;342;162;226;29;15;0;0;0;;0;218;218;208;215;200;226;228;225;226;224;183;177;172;167;172;178;190;177;205;198;205;201;250;227;286;290;312;299;342;316;310;1;1;1;1;1;1;1;1;1;1;1;1;1;1;1;1;1;1;1;1;1;1;1;1;1;1;1;1;1;1;1
15400000;1;01/10/2021;;1;1;342;162;226;29;15;0;0;0;;0;219;217;209;211;198;220;221;227;221;229;189;180;173;171;167;176;187;182;194;205;200;202;240;235;268;294;304;310;327;322;315;1;1;1;1;1;1;1;1;1;1;1;1;1;1;1;1;1;1;1;1;1;1;1;1;1;1;1;1;1;1;1
15400000;2;01/09/2021;;1;1;278;191;235;20;4;1;1;1;;;201;192;206;191;213;198;211;224;226;252;246;245;251;244;228;231;228;227;256;278;273;255;275;235;249;259;250;241;238;226;;1;1;1;1;1;1;1;1;1;1;1;1;1;1;1;1;1;1;1;1;1;1;1;1;1;1;1;1;1;1;
15400000;1;01/09/2021;07:00;0;1;280;192;235;23;2;1;1;1;;0;202;192;202;192;210;202;204;225;222;248;245;244;250;248;227;230;231;219;255;266;275;265;280;245;240;260;249;241;244;226;;1;1;1;1;1;1;1;1;1;1;1;1;1;1;1;1;1;1;1;1;1;1;1;1;1;1;1;1;1;1;0
15400000;1;01/09/2021;17:00;0;1;290;190;235;20;4;1;1;1;;0;199;191;210;190;215;194;218;223;230;255;246;245;252;240;229;232;225;235;256;290;271;245;269;225;258;257;251;240;232;225;;1;1;1;1;1;1;1;1;1;1;1;1;1;1;1;1;1;1;1;1;1;1;1;1;1;1;1;1;1;1;0
15400000;1;01/09/2021;;1;1;278;191;235;20;4;1;1;1;;0;201;192;206;191;213;198;211;224;226;252;246;245;251;244;228;231;228;227;256;278;273;255;275;235;249;259;250;241;238;226;;1;1;1;1;1;1;1;1;1;1;1;1;1;1;1;1;1;1;1;1;1;1;1;1;1;1;1;1;1;1;0
15400000;2;01/08/2021;;1;3;467;216;323;1;29;1;1;1;;;467;439;433;403;412;415;399;386;375;363;360;339;326;318;315;328;321;297;286;287;290;276;266;266;255;253;250;228;216;217;218;1;1;1;1;1;1;1;1;1;1;1;1;1;1;1;1;1;1;1;1;1;1;1;1;1;1;1;1;1;1;1
15400000;1;01/08/2021;07:00;0;1;466;205;314;1;31;0;0;0;;0;466;436;433;394;395;405;396;377;364;367;357;336;322;312;309;316;322;292;274;286;285;265;255;255;251;244;244;225;212;206;212;1;1;1;1;1;1;1;1;1;1;1;1;1;1;1;1;1;1;1;1;1;1;1;1;1;1;1;1;1;1;1
15400000;1;01/08/2021;17:00;0;1;466;205;314;1;31;0;0;0;;0;453;425;417;393;415;407;378;373;368;338;349;329;318;310;305;330;304;284;288;265;275;267;257;258;241;250;239;218;207;212;205;1;1;1;1;1;1;1;1;1;1;1;1;1;1;1;1;1;1;1;1;1;1;1;1;1;1;1;1;1;1;1
15400000;1;01/08/2021;;1;1;466;205;314;1;31;0;0;0;;0;460;431;425;394;405;406;387;375;366;353;353;333;320;311;307;323;313;288;281;276;280;266;256;257;246;247;242;222;210;209;209;1;1;1;1;1;1;1;1;1;1;1;1;1;1;1;1;1;1;1;1;1;1;1;1;1;1;1;1;1;1;1
15400000;2;01/07/2021;;1;1;904;483;659;3;31;1;1;1;;;807;886;904;888;882;850;815;776;750;723;713;700;639;617;605;578;571;555;551;534;515;507;532;623;625;611;579;558;537;511;483;1;1;1;1;1;1;1;1;1;1;1;1;1;1;1;1;1;1;1;1;1;1;1;1;1;1;1;1;1;1;1
15400000;1;01/07/2021;07:00;0;1;909;476;659;3;31;0;0;0;;0;781;876;899;887;892;856;816;780;746;725;715;704;646;619;602;579;574;561;541;536;528;506;520;622;626;613;577;560;542;512;489;1;1;1;1;1;1;1;1;1;1;1;1;1;1;1;1;1;1;1;1;1;1;1;1;1;1;1;1;1;1;1
15400000;1;01/07/2021;17:00;0;1;909;476;659;3;31;0;0;0;;0;832;896;909;889;872;844;814;772;754;720;710;696;632;614;607;576;567;549;560;532;501;507;544;624;624;608;580;556;532;510;476;1;1;1;1;1;1;1;1;1;1;1;1;1;1;1;1;1;1;1;1;1;1;1;1;1;1;1;1;1;1;1
15400000;1;01/07/2021;;1;1;904;483;659;3;31;1;1;1;;0;807;886;904;888;882;850;815;776;750;723;713;700;639;617;605;578;571;555;551;534;515;507;532;623;625;611;579;558;537;511;483;1;1;1;1;1;1;1;1;1;1;1;1;1;1;1;1;1;1;1;1;1;1;1;1;1;1;1;1;1;1;1
15400000;2;01/06/2021;;1;1;1216;763;1038;17;30;1;1;1;;;1142;1133;1104;1081;1064;1059;1063;1070;1053;1031;1024;1040;1059;1092;1143;1200;1216;1213;1150;1086;1050;1022;986;953;929;902;872;857;776;763;;1;1;1;1;1;1;1;1;1;1;1;1;1;1;1;1;1;1;1;1;1;1;1;1;1;1;1;1;1;1;
15400000;1;01/06/2021;07:00;0;1;1220;746;1038;18;30;0;0;0;;0;1146;1141;1103;1090;1066;1064;1056;1074;1059;1038;1014;1030;1055;1073;1130;1193;1215;1220;1167;1089;1064;1034;987;946;928;895;884;878;786;780;;1;1;1;1;1;1;1;1;1;1;1;1;1;1;1;1;1;1;1;1;1;1;1;1;1;1;1;1;1;1;0
15400000;1;01/06/2021;17:00;0;1;1220;746;1038;18;30;0;0;0;;0;1137;1125;1104;1072;1062;1054;1069;1066;1046;1023;1034;1050;1062;1110;1155;1206;1217;1206;1133;1082;1036;1010;984;960;930;908;860;836;766;746;;1;1;1;1;1;1;1;1;1;1;1;1;1;1;1;1;1;1;1;1;1;1;1;1;1;1;1;1;1;1;0
15400000;1;01/06/2021;;1;1;1216;763;1038;17;30;1;1;1;;0;1142;1133;1104;1081;1064;1059;1063;1070;1053;1031;1024;1040;1059;1092;1143;1200;1216;1213;1150;1086;1050;1022;986;953;929;902;872;857;776;763;;1;1;1;1;1;1;1;1;1;1;1;1;1;1;1;1;1;1;1;1;1;1;1;1;1;1;1;1;1;1;0
15400000;2;01/05/2021;;1;1;1475;1126;1263;2;28;1;1;1;;;1473;1475;1465;1441;1405;1392;1366;1344;1322;1307;1304;1292;1301;1283;1272;1247;1232;1217;1191;1183;1168;1149;1157;1146;1143;1138;1128;1126;1158;1178;1164;1;1;1;1;1;1;1;1;1;1;1;1;1;1;1;1;1;1;1;1;1;1;1;1;1;1;1;1;1;1;1
15400000;1;01/05/2021;07:00;0;1;;;;;;0;0;0;;0;1478;1473;1472;1442;1416;1396;1376;1338;1321;1309;1317;1287;1297;1292;1275;1250;1237;1220;1193;1185;1172;1144;1155;1151;1142;1140;1125;;;;;1;1;1;1;1;1;1;1;1;1;1;1;1;1;1;1;1;1;1;1;1;1;1;1;1;1;1;0;0;0;0
15400000;1;01/05/2021;17:00;0;1;;;;;;0;0;0;;0;1468;1476;1457;1440;1394;1388;1355;1349;1322;1305;1290;1296;1305;1273;1268;1244;1227;1213;1189;1181;1164;1153;1159;1140;1143;1135;1130;;;;1163;1;1;1;1;1;1;1;1;1;1;1;1;1;1;1;1;1;1;1;1;1;1;1;1;1;1;1;0;0;0;1
15400000;1;01/05/2021;;1;1;1475;1126;1263;2;28;1;1;1;;0;1473;1475;1465;1441;1405;1392;1366;1344;1322;1307;1304;1292;1301;1283;1272;1247;1232;1217;1191;1183;1168;1149;1157;1146;1143;1138;1128;1126;1158;1178;1164;1;1;1;1;1;1;1;1;1;1;1;1;1;1;1;1;1;1;1;1;1;1;1;1;1;1;1;1;1;1;1
15400000;2;01/04/2021;;1;1;1613;1470;1560;7;30;1;1;1;;;1578;1581;1588;1582;1592;1604;1613;1611;1609;1601;1600;1593;1578;1572;1568;1576;1575;1573;1571;1553;1530;1523;1521;1520;1522;1519;1511;1497;1473;1470;;1;1;1;1;1;1;1;1;1;1;1;1;1;1;1;1;1;1;1;1;1;1;1;1;1;1;1;1;1;1;
15400000;1;01/04/2021;07:00;0;1;1616;1462;1560;7;29;0;0;0;;0;1582;1580;1592;1582;1589;1602;1616;1612;1610;1606;1602;1594;1580;1574;1566;1578;1578;1573;1574;1560;1532;1527;1520;1520;1524;1522;1510;1501;1484;1474;;;;;;;;;;;;;;;;;;;;;;;;;;;;;;;;0
15400000;1;01/04/2021;17:00;0;1;1616;1462;1560;7;29;0;0;0;;0;1574;1582;1584;1582;1594;1606;1610;1609;1608;1596;1598;1592;1576;1570;1569;1574;1572;1572;1568;1546;1528;1519;1522;1520;1520;1516;1512;1492;1462;1466;;;;;;;;;;;;;;;;;;;;;;;;;;;;;;;;0
15400000;1;01/04/2021;;1;1;1616;1462;1560;7;29;0;0;0;;0;1578;1581;1588;1582;1592;1604;1613;1611;1609;1601;1600;1593;1578;1572;1568;1576;1575;1573;1571;1553;1530;1523;1521;1520;1522;1519;1511;1497;1473;1470;;;;;;;;;;;;;;;;;;;;;;;;;;;;;;;;0
15400000;2;01/03/2021;;1;1;1666;1454;1557;4;22;1;1;1;;;1624;1656;1665;1666;1656;1622;1599;1577;1542;1541;1551;1563;1567;1574;1567;1541;1514;1487;1476;1474;1463;1454;1460;1479;1519;1547;1559;1579;1588;1584;1583;1;1;1;1;1;1;1;1;1;1;1;1;1;1;1;1;1;1;1;1;1;1;1;1;1;1;1;1;1;1;1
15400000;1;01/03/2021;07:00;0;1;1668;1450;1557;4;22;0;0;0;;0;1632;1652;1663;1668;1660;1634;1608;1580;1546;1540;1550;1558;1564;1576;1570;1544;1519;1492;1480;1471;1465;1450;1456;1474;1514;1544;1554;1576;1586;1585;1581;1;1;1;1;1;1;1;1;1;1;1;1;1;1;1;1;1;1;1;1;1;1;1;1;1;1;1;1;1;1;1
15400000;1;01/03/2021;17:00;0;1;1668;1450;1557;4;22;0;0;0;;0;1616;1660;1666;1664;1652;1610;1590;1573;1537;1542;1552;1568;1570;1572;1564;1538;1508;1482;1472;1476;1461;1458;1464;1484;1524;1550;1564;1582;1589;1583;1584;1;1;1;1;1;1;1;1;1;1;1;1;1;1;1;1;1;1;1;1;1;1;1;1;1;1;1;1;1;1;1
15400000;1;01/03/2021;;1;1;1666;1454;1557;4;22;1;1;1;;0;1624;1656;1665;1666;1656;1622;1599;1577;1542;1541;1551;1563;1567;1574;1567;1541;1514;1487;1476;1474;1463;1454;1460;1479;1519;1547;1559;1579;1588;1584;1583;1;1;1;1;1;1;1;1;1;1;1;1;1;1;1;1;1;1;1;1;1;1;1;1;1;1;1;1;1;1;1
15400000;2;01/02/2021;;1;1;1621;1312;1469;28;1;1;1;1;;;1312;1368;1409;1398;1384;1372;1353;1361;1369;1386;1403;1415;1431;1423;1434;1474;1512;1538;1549;1556;1567;1568;1573;1579;1584;1593;1609;1621;;;;1;1;1;1;1;1;1;1;1;1;1;1;1;1;1;1;1;1;1;1;1;1;1;1;1;1;1;1;;;
15400000;1;01/02/2021;07:00;0;1;1620;1304;1468;28;1;1;1;1;;0;1304;1348;1413;1401;1387;1377;1359;1360;1366;1386;1403;1408;1436;1424;1430;1464;1504;1540;1548;1554;1566;1566;1574;1578;1588;1596;1606;1620;;;;1;1;1;1;1;1;1;1;1;1;1;1;1;1;1;1;1;1;1;1;1;1;1;1;1;1;1;1;0;0;0
15400000;1;01/02/2021;17:00;0;1;1622;1319;1470;28;1;1;1;1;;0;1319;1388;1404;1395;1380;1366;1346;1362;1371;1385;1402;1422;1425;1421;1438;1484;1519;1535;1550;1558;1568;1570;1572;1580;1580;1590;1612;1622;;;;1;1;1;1;1;1;1;1;1;1;1;1;1;1;1;1;1;1;1;1;1;1;1;1;1;1;1;1;0;0;0
15400000;1;01/02/2021;;1;1;1622;1304;1469;28;1;1;1;1;;0;1312;1368;1409;1398;1384;1372;1353;1361;1369;1386;1403;1415;1431;1423;1434;1474;1512;1538;1549;1556;1567;1568;1573;1579;1584;1593;1609;1621;;;;1;1;1;1;1;1;1;1;1;1;1;1;1;1;1;1;1;1;1;1;1;1;1;1;1;1;1;1;0;0;0
15400000;2;01/01/2021;;1;1;1370;886;1183;24;1;1;1;1;;;886;906;948;995;1013;1047;1042;1033;1035;1105;1130;1183;1220;1259;1251;1246;1210;1213;1243;1263;1288;1321;1343;1370;1361;1332;1307;1281;1277;1279;1295;1;1;1;1;1;1;1;1;1;1;1;1;1;1;1;1;1;1;1;1;1;1;1;1;1;1;1;1;1;1;1
15400000;1;01/01/2021;07:00;0;1;1380;884;1183;24;1;0;0;0;;0;884;897;937;981;1008;1052;1040;1036;1036;1094;1113;1170;1211;1257;1249;1247;1213;1211;1241;1260;1284;1319;1344;1360;1367;1336;1310;1289;1278;1276;1287;;;;;;;;;;;;;;;;;;;;;;;;;;;;;;;
15400000;1;01/01/2021;17:00;0;1;1380;884;1183;24;1;0;0;0;;0;887;914;958;1009;1017;1042;1043;1030;1033;1116;1147;1196;1228;1260;1252;1245;1207;1214;1245;1266;1291;1322;1342;1380;1355;1327;1304;1273;1275;1281;1303;;;;;;;;;;;;;;;;;;;;;;;;;;;;;;;
15400000;1;01/01/2021;;1;1;1380;884;1183;24;1;0;0;0;;0;886;906;948;995;1013;1047;1042;1033;1035;1105;1130;1183;1220;1259;1251;1246;1210;1213;1243;1263;1288;1321;1343;1370;1361;1332;1307;1281;1277;1279;1295;;;;;;;;;;;;;;;;;;;;;;;;;;;;;;;
15400000;2;01/12/2020;;1;1;916;310;633;30;5;1;1;1;;;337;333;326;316;310;319;349;363;377;483;620;678;682;739;811;813;782;751;754;751;744;718;697;694;703;726;832;886;904;916;896;1;1;1;1;1;1;1;1;1;1;1;1;1;1;1;1;1;1;1;1;1;1;1;1;1;1;1;1;1;1;1
15400000;1;01/12/2020;17:00;0;1;923;317;635;30;6;1;1;1;;0;326;333;320;324;318;317;348;371;378;526;628;674;677;768;830;820;780;748;734;740;742;722;682;692;705;733;840;888;912;923;885;1;1;1;1;1;1;1;1;1;1;1;1;1;1;1;1;1;1;1;1;1;1;1;1;1;1;1;1;1;1;1
15400000;1;01/12/2020;07:00;0;1;909;301;630;30;5;1;1;1;;0;348;332;332;308;301;320;350;354;375;440;612;681;686;710;792;806;784;754;774;762;745;714;712;696;700;719;824;884;896;909;907;1;1;1;1;1;1;1;1;1;1;1;1;1;1;1;1;1;1;1;1;1;1;1;1;1;1;1;1;1;1;1
15400000;1;01/12/2020;;1;1;916;310;632;30;5;1;1;1;;0;337;333;326;316;310;319;349;363;377;483;620;678;682;739;811;813;782;751;754;751;744;718;697;694;703;726;832;886;904;916;896;1;1;1;1;1;1;1;1;1;1;1;1;1;1;1;1;1;1;1;1;1;1;1;1;1;1;1;1;1;1;1
15400000;2;01/11/2020;;1;1;404;162;270;27;18;1;1;1;;;174;193;183;182;196;237;316;343;328;325;289;265;242;214;192;187;188;162;173;201;256;331;316;330;376;390;404;380;359;353;;1;1;1;1;1;1;1;1;1;1;1;1;1;1;1;1;1;1;1;1;1;1;1;1;1;1;1;1;1;1;
15400000;1;01/11/2020;07:00;0;1;;;;;;0;0;0;;0;179;210;178;190;176;216;306;348;330;336;290;286;240;234;186;186;184;160;182;186;240;328;320;328;354;;;386;360;348;;1;1;1;1;1;1;1;1;1;1;1;1;1;1;1;1;1;1;1;1;1;1;1;1;1;0;0;1;1;1;0
15400000;1;01/11/2020;17:00;0;1;;;;;;0;0;0;;0;168;176;187;174;216;258;326;338;326;314;288;244;244;194;198;188;192;164;164;216;272;334;312;331;398;;404;374;357;358;;1;1;1;1;1;1;1;1;1;1;1;1;1;1;1;1;1;1;1;1;1;1;1;1;1;0;1;1;1;1;0
15400000;1;01/11/2020;;1;1;404;162;270;27;18;2;2;2;;0;174;193;183;182;196;237;316;343;328;325;289;265;242;214;192;187;188;162;173;201;256;331;316;330;376;390;404;380;359;353;;1;1;1;1;1;1;1;1;1;1;1;1;1;1;1;1;1;1;1;1;1;1;1;1;1;2;2;1;1;1;0
15400000;2;01/10/2020;;1;1;252;146;192;1;18;1;1;1;;;252;248;250;229;239;215;221;229;234;216;203;198;191;195;197;198;181;146;161;177;147;161;157;154;152;152;156;158;160;181;197;1;1;1;1;1;1;1;1;1;1;1;1;1;1;1;1;1;1;1;1;1;1;1;1;1;1;1;1;1;1;1
15400000;1;01/10/2020;07:00;0;1;260;136;192;1;21;0;0;0;;0;260;251;253;232;232;224;230;231;242;219;203;196;198;183;196;197;186;150;152;179;136;167;161;153;160;139;165;165;157;184;189;1;1;1;1;1;1;1;1;1;1;1;1;1;1;1;1;1;1;1;1;1;1;1;1;1;1;1;1;1;1;1
15400000;1;01/10/2020;17:00;0;1;260;136;192;1;21;0;0;0;;0;244;245;246;225;246;205;212;226;226;213;202;200;184;207;198;198;176;142;169;174;157;155;153;155;143;164;147;151;162;177;205;1;1;1;1;1;1;1;1;1;1;1;1;1;1;1;1;1;1;1;1;1;1;1;1;1;1;1;1;1;1;1
15400000;1;01/10/2020;;1;1;260;136;192;1;21;0;0;0;;0;252;248;250;229;239;215;221;229;234;216;203;198;191;195;197;198;181;146;161;177;147;161;157;154;152;152;156;158;160;181;197;1;1;1;1;1;1;1;1;1;1;1;1;1;1;1;1;1;1;1;1;1;1;1;1;1;1;1;1;1;1;1
15400000;2;01/09/2020;;1;1;454;238;315;1;25;1;1;1;;;454;441;434;413;398;388;386;358;343;331;333;311;304;296;289;296;294;290;284;285;271;277;254;243;238;258;247;245;245;242;;1;1;1;1;1;1;1;1;1;1;1;1;1;1;1;1;1;1;1;1;1;1;1;1;1;1;1;1;1;1;
15400000;1;01/09/2020;07:00;0;1;461;231;315;1;25;0;0;0;;0;461;431;439;413;404;387;386;354;330;341;326;323;314;307;287;297;307;283;271;280;272;277;251;240;244;247;248;239;242;237;;;;;;;;;;;;;;;;;;;;;;;;;;;;;;;;0
15400000;1;01/09/2020;17:00;0;1;461;231;315;1;25;0;0;0;;0;447;451;429;413;392;388;385;362;356;320;340;299;293;284;290;294;281;297;297;289;270;276;256;245;231;268;246;250;248;246;;;;;;;;;;;;;;;;;;;;;;;;;;;;;;;;0
15400000;1;01/09/2020;;1;1;454;238;315;1;25;1;1;1;;0;454;441;434;413;398;388;386;358;343;331;333;311;304;296;289;296;294;290;284;285;271;277;254;243;238;258;247;245;245;242;;;;;;;;;;;;;;;;;;;;;;;;;;;;;;;;0
15400000;2;01/08/2020;;1;1;467;281;366;3;21;1;1;1;;;466;463;467;455;431;424;411;400;379;410;374;360;341;328;309;308;298;289;291;285;281;288;304;317;311;292;337;388;431;449;450;1;1;1;1;1;1;1;1;1;1;1;1;1;1;1;1;1;1;1;1;1;1;1;1;1;1;1;1;1;1;1
15400000;1;01/08/2020;07:00;0;1;479;274;366;3;21;0;0;0;;0;466;462;479;456;440;430;413;410;384;414;377;365;345;322;310;313;299;286;291;283;288;285;295;323;308;291;317;382;427;447;446;;;;;;;;;;;;;;;;;;;;;;;;;;;;;;;
15400000;1;01/08/2020;17:00;0;1;479;274;366;3;21;0;0;0;;0;465;464;455;454;421;418;408;390;374;405;371;354;337;334;308;302;297;291;290;287;274;290;313;310;314;293;357;394;434;451;454;;;;;;;;;;;;;;;;;;;;;;;;;;;;;;;
15400000;1;01/08/2020;;1;1;479;274;366;3;21;0;0;0;;0;466;463;467;455;431;424;411;400;379;410;374;360;341;328;309;308;298;289;291;285;281;288;304;317;311;292;337;388;431;449;450;;;;;;;;;;;;;;;;;;;;;;;;;;;;;;;
15400000;2;01/07/2020;;1;1;769;447;599;3;29;1;1;1;;;720;752;769;743;719;690;652;633;633;607;590;551;555;637;686;674;644;616;575;564;569;556;561;540;514;500;480;463;447;452;464;1;1;1;1;1;1;1;1;1;1;1;1;1;1;1;1;1;1;1;1;1;1;1;1;1;1;1;1;1;1;1
15400000;1;01/07/2020;07:00;0;1;761;447;599;3;30;1;1;1;;0;712;736;761;751;726;696;662;640;642;605;597;555;542;616;682;677;651;624;580;565;565;556;553;543;518;505;488;462;450;447;452;;;;;;;;;;;;;;;;;;;;;;;;;;;;;;;
15400000;1;01/07/2020;17:00;0;1;777;444;598;3;29;1;1;1;;0;728;767;777;734;711;683;641;626;624;608;583;546;568;657;690;670;636;607;570;563;573;556;569;536;510;494;472;464;444;457;476;;;;;;;;;;;;;;;;;;;;;;;;;;;;;;;
15400000;1;01/07/2020;;1;1;769;447;598;3;29;1;1;1;;0;720;752;769;743;719;690;652;633;633;607;590;551;555;637;686;674;644;616;575;564;569;556;561;540;514;500;480;463;447;452;464;;;;;;;;;;;;;;;;;;;;;;;;;;;;;;;
15400000;2;01/06/2020;;1;1;911;642;755;1;25;1;1;1;;;911;886;871;833;807;790;768;756;771;769;765;760;743;758;747;775;776;756;720;699;691;693;668;652;642;665;739;775;753;724;;1;1;1;1;1;1;1;1;1;1;1;1;1;1;1;1;1;1;1;1;1;1;1;1;1;1;1;1;1;1;
15400000;1;01/06/2020;07:00;0;1;922;632;756;1;25;1;1;1;;0;922;893;860;829;807;797;773;758;764;763;765;762;759;772;748;770;783;762;726;704;704;681;667;662;632;658;721;771;755;715;;;;;;;;;;;;;;;;;;;;;;;;;;;;;;;;0
15400000;1;01/06/2020;17:00;0;1;900;642;754;1;24;1;1;1;;0;900;879;882;836;806;782;763;754;778;775;765;757;726;744;746;780;768;749;714;694;677;705;668;642;652;672;756;779;751;733;;;;;;;;;;;;;;;;;;;;;;;;;;;;;;;;0
15400000;1;01/06/2020;;1;1;911;642;755;1;25;1;1;1;;0;911;886;871;833;807;790;768;756;771;769;765;760;743;758;747;775;776;756;720;699;691;693;668;652;642;665;739;775;753;724;;;;;;;;;;;;;;;;;;;;;;;;;;;;;;;;0
15400000;2;01/05/2020;;1;1;1208;923;1092;4;31;1;1;1;;;1185;1194;1195;1208;1194;1189;1167;1168;1172;1147;1127;1130;1129;1134;1119;1107;1061;1052;1070;1087;1092;1084;1068;1042;1013;988;963;964;952;926;923;1;1;1;1;1;1;1;1;1;1;1;1;1;1;1;1;1;1;1;1;1;1;1;1;1;1;1;1;1;1;1
15400000;1;01/05/2020;07:00;0;1;1212;921;1092;4;31;0;0;0;;0;1184;1191;1194;1204;1188;1186;1170;1165;1169;1156;1122;1132;1120;1127;1123;1107;1062;1052;1062;1082;1094;1076;1066;1042;1010;982;959;962;955;927;924;1;1;1;1;1;1;1;1;1;1;1;1;1;1;1;1;1;1;1;1;1;1;1;1;1;1;1;1;1;1;1
15400000;1;01/05/2020;17:00;0;1;1212;921;1092;4;31;0;0;0;;0;1186;1197;1195;1212;1200;1191;1164;1170;1174;1138;1131;1128;1137;1141;1114;1106;1060;1052;1078;1092;1090;1092;1070;1041;1015;994;966;965;949;925;921;1;1;1;1;1;1;1;1;1;1;1;1;1;1;1;1;1;1;1;1;1;1;1;1;1;1;1;1;1;1;1
15400000;1;01/05/2020;;1;1;1208;923;1092;4;31;1;1;1;;0;1185;1194;1195;1208;1194;1189;1167;1168;1172;1147;1127;1130;1129;1134;1119;1107;1061;1052;1070;1087;1092;1084;1068;1042;1013;988;963;964;952;926;923;1;1;1;1;1;1;1;1;1;1;1;1;1;1;1;1;1;1;1;1;1;1;1;1;1;1;1;1;1;1;1
15400000;2;01/04/2020;;1;1;1526;1186;1414;5;30;1;1;1;;;1470;1496;1512;1521;1526;1515;1503;1493;1481;1456;1443;1448;1455;1466;1465;1464;1430;1410;1411;1422;1420;1406;1381;1343;1315;1275;1256;1233;1208;1186;;1;1;1;1;1;1;1;1;1;1;1;1;1;1;1;1;1;1;1;1;1;1;1;1;1;1;1;1;1;1;
15400000;1;01/04/2020;17:00;0;1;1528;1180;1413;5;30;0;0;0;;0;1473;1502;1516;1520;1523;1516;1500;1490;1483;1450;1447;1456;1462;1466;1473;1455;1422;1402;1411;1426;1422;1399;1371;1334;1309;1279;1249;1231;1208;1180;;1;1;1;1;1;1;1;1;1;1;1;1;1;1;1;1;1;1;1;1;1;1;1;1;1;1;1;1;1;1;0
15400000;1;01/04/2020;07:00;0;1;1528;1180;1413;5;30;0;0;0;;0;1466;1489;1508;1521;1528;1514;1505;1495;1479;1462;1438;1440;1448;1465;1456;1473;1437;1417;1410;1417;1417;1413;1390;1352;1321;1271;1263;1234;1207;1192;;1;1;1;1;1;1;1;1;1;1;1;1;1;1;1;1;1;1;1;1;1;1;1;1;1;1;1;1;1;1;0
15400000;1;01/04/2020;;1;1;1526;1186;1413;5;30;1;1;1;;0;1470;1496;1512;1521;1526;1515;1503;1493;1481;1456;1443;1448;1455;1466;1465;1464;1430;1410;1411;1422;1420;1406;1381;1343;1315;1275;1256;1233;1208;1186;;1;1;1;1;1;1;1;1;1;1;1;1;1;1;1;1;1;1;1;1;1;1;1;1;1;1;1;1;1;1;0
15400000;2;01/03/2020;;1;1;1591;1341;1460;1;20;1;1;1;;;1591;1584;1586;1586;1580;1567;1555;1543;1524;1494;1479;1452;1429;1412;1391;1377;1366;1353;1345;1341;1342;1383;1387;1390;1398;1429;1462;1491;1487;1468;1458;1;1;1;1;1;1;1;1;1;1;1;1;1;1;1;1;1;1;1;1;1;1;1;1;1;1;1;1;1;1;1
15400000;1;01/03/2020;17:00;0;1;1592;1337;1459;1;21;0;0;0;;0;1589;1581;1589;1587;1577;1563;1552;1539;1521;1496;1470;1433;1426;1406;1387;1376;1363;1356;1338;1340;1347;1396;1390;1386;1400;1436;1469;1489;1481;1467;1457;1;1;1;1;1;1;1;1;1;1;1;1;1;1;1;1;1;1;1;1;1;1;1;1;1;1;1;1;1;1;1
15400000;1;01/03/2020;07:00;0;1;1592;1337;1459;1;21;0;0;0;;0;1592;1587;1582;1584;1583;1570;1558;1546;1527;1492;1488;1470;1432;1418;1394;1378;1369;1349;1351;1341;1337;1369;1384;1394;1395;1421;1455;1492;1493;1469;1459;1;1;1;1;1;1;1;1;1;1;1;1;1;1;1;1;1;1;1;1;1;1;1;1;1;1;1;1;1;1;1
15400000;1;01/03/2020;;1;1;1591;1341;1459;1;20;1;1;1;;0;1591;1584;1586;1586;1580;1567;1555;1543;1524;1494;1479;1452;1429;1412;1391;1377;1366;1353;1345;1341;1342;1383;1387;1390;1398;1429;1462;1491;1487;1468;1458;1;1;1;1;1;1;1;1;1;1;1;1;1;1;1;1;1;1;1;1;1;1;1;1;1;1;1;1;1;1;1
15400000;2;01/02/2020;;1;1;1581;1263;1468;29;3;1;1;1;;;1264;1268;1263;1269;1277;1333;1382;1417;1450;1463;1484;1503;1527;1530;1524;1540;1526;1529;1535;1536;1531;1533;1535;1545;1551;1545;1563;1574;1581;;;1;1;1;1;1;1;1;1;1;1;1;1;1;1;1;1;1;1;1;1;1;1;1;1;1;1;1;1;1;;
15400000;1;01/02/2020;17:00;0;1;1585;1259;1468;29;3;3;3;3;;0;1265;1267;1267;1268;1274;1353;1390;1424;1452;1466;1490;1504;1529;1529;1527;1528;1526;1530;1539;1537;1530;1531;1538;1545;1546;1543;1575;1575;1585;;;1;1;1;1;1;1;1;1;1;1;1;1;1;1;1;1;1;1;1;1;1;1;1;1;1;1;1;1;1;0;0
15400000;1;01/02/2020;07:00;0;1;1585;1259;1468;29;3;3;3;3;;0;1263;1269;1259;1269;1279;1313;1374;1409;1448;1460;1477;1502;1524;1530;1521;1552;1526;1527;1531;1534;1532;1534;1532;1545;1555;1546;1550;1573;1576;;;1;1;1;1;1;1;1;1;1;1;1;1;1;1;1;3;1;1;1;1;1;1;1;1;1;1;1;1;1;0;0
15400000;1;01/02/2020;;1;1;1585;1259;1468;29;3;3;3;3;;0;1264;1268;1263;1269;1277;1333;1382;1417;1450;1463;1484;1503;1527;1530;1524;1540;1526;1529;1535;1536;1531;1533;1535;1545;1551;1545;1563;1574;1581;;;1;1;1;1;1;1;1;1;1;1;1;1;1;1;1;3;1;1;1;1;1;1;1;1;1;1;1;1;1;0;0
15400000;2;01/01/2020;;1;1;1437;1279;1356;13;31;1;1;1;;;1284;1292;1315;1338;1383;1378;1393;1407;1413;1427;1430;1423;1437;1432;1413;1394;1375;1364;1366;1350;1338;1327;1349;1330;1312;1300;1290;1286;1308;1296;1279;1;1;1;1;1;1;1;1;1;1;1;1;1;1;1;1;1;1;1;1;1;1;1;1;1;1;1;1;1;1;1
15400000;1;01/01/2020;07:00;0;1;1440;1270;1356;13;31;0;0;0;;0;1291;1283;1310;1338;1392;1374;1386;1403;1412;1423;1432;1424;1434;1431;1419;1404;1381;1364;1368;1351;1342;1325;1354;1328;1322;1314;1295;1278;1309;1299;1287;1;1;1;1;1;1;1;1;1;1;1;1;1;1;1;1;1;1;1;1;1;1;1;1;1;1;1;1;1;1;1
15400000;1;01/01/2020;17:00;0;1;1440;1270;1356;13;31;0;0;0;;0;1277;1301;1320;1338;1374;1381;1400;1410;1414;1430;1427;1422;1440;1432;1407;1383;1368;1363;1364;1348;1333;1328;1343;1331;1302;1286;1285;1293;1306;1292;1270;1;1;1;1;1;1;1;1;1;1;1;1;1;1;1;1;1;1;1;1;1;1;1;1;1;1;1;1;1;1;1
15400000;1;01/01/2020;;1;1;1437;1279;1356;13;31;1;1;1;;0;1284;1292;1315;1338;1383;1378;1393;1407;1413;1427;1430;1423;1437;1432;1413;1394;1375;1364;1366;1350;1338;1327;1349;1330;1312;1300;1290;1286;1308;1296;1279;1;1;1;1;1;1;1;1;1;1;1;1;1;1;1;1;1;1;1;1;1;1;1;1;1;1;1;1;1;1;1
15400000;2;01/12/2019;;1;1;1275;598;975;30;1;1;1;1;;;598;599;670;721;743;725;708;735;763;777;809;855;968;1002;1002;1041;1060;1084;1082;1074;1069;1112;1159;1177;1194;1204;1241;1263;1266;1275;1264;1;1;1;1;1;1;1;1;1;1;1;1;1;1;1;1;1;1;1;1;1;1;1;1;1;1;1;1;1;1;1
15400000;1;01/12/2019;07:00;0;1;1276;590;975;30;2;0;0;0;;0;598;608;666;720;746;720;714;720;754;778;819;838;960;994;999;1030;1062;1079;1084;1077;1069;1094;1144;1176;1194;1193;1241;1263;1264;1274;1263;1;1;1;1;1;1;1;1;1;1;1;1;1;1;1;1;1;1;1;1;1;1;1;1;1;1;1;1;1;1;1
15400000;1;01/12/2019;17:00;0;1;1276;590;975;30;2;0;0;0;;0;598;590;674;722;740;730;702;750;772;776;798;872;976;1010;1004;1052;1058;1088;1080;1070;1068;1130;1174;1178;1194;1214;1240;1263;1267;1276;1264;1;1;1;1;1;1;1;1;1;1;1;1;1;1;1;1;1;1;1;1;1;1;1;1;1;1;1;1;1;1;1
15400000;1;01/12/2019;;1;1;1275;598;975;30;1;1;1;1;;0;598;599;670;721;743;725;708;735;763;777;809;855;968;1002;1002;1041;1060;1084;1082;1074;1069;1112;1159;1177;1194;1204;1241;1263;1266;1275;1264;1;1;1;1;1;1;1;1;1;1;1;1;1;1;1;1;1;1;1;1;1;1;1;1;1;1;1;1;1;1;1
15400000;2;01/11/2019;;1;1;749;345;512;21;9;1;1;1;;;444;411;391;392;372;363;348;350;345;353;357;366;363;413;452;500;569;619;621;690;749;749;724;683;653;644;619;613;615;598;;1;1;1;1;1;1;1;1;1;1;1;1;1;1;1;1;1;1;1;1;1;1;1;1;1;1;1;1;1;1;
15400000;1;01/11/2019;07:00;0;1;760;342;512;22;7;0;0;0;;0;441;424;395;402;373;370;353;354;348;362;356;362;358;406;446;495;550;607;604;664;748;760;732;696;660;650;627;618;626;606;;1;1;1;1;1;1;1;1;1;1;1;1;1;1;1;1;1;1;1;1;1;1;1;1;1;1;1;1;1;1;0
15400000;1;01/11/2019;17:00;0;1;760;342;512;22;7;0;0;0;;0;446;398;386;382;370;356;342;345;342;344;358;370;367;420;457;504;588;631;638;716;750;738;715;670;646;638;611;607;604;590;;1;1;1;1;1;1;1;1;1;1;1;1;1;1;1;1;1;1;1;1;1;1;1;1;1;1;1;1;1;1;0
15400000;1;01/11/2019;;1;1;749;345;512;21;9;1;1;1;;0;444;411;391;392;372;363;348;350;345;353;357;366;363;413;452;500;569;619;621;690;749;749;724;683;653;644;619;613;615;598;;1;1;1;1;1;1;1;1;1;1;1;1;1;1;1;1;1;1;1;1;1;1;1;1;1;1;1;1;1;1;0
15400000;2;01/10/2019;;1;1;487;228;352;14;3;1;1;1;;;261;229;228;229;239;236;246;239;234;235;309;422;471;487;466;447;411;386;368;351;327;335;335;343;382;424;445;457;482;450;443;1;1;1;1;1;1;1;1;1;1;1;1;1;1;1;1;1;1;1;1;1;1;1;1;1;1;1;1;1;1;1
15400000;1;01/10/2019;07:00;0;1;496;225;352;14;2;0;0;0;;0;249;233;230;230;238;233;248;246;230;244;287;432;471;496;474;460;416;391;375;352;334;340;332;332;375;432;452;448;484;446;446;1;1;1;1;1;1;1;1;1;1;1;1;1;1;1;1;1;1;1;1;1;1;1;1;1;1;1;1;1;1;1
15400000;1;01/10/2019;17:00;0;1;496;225;352;14;2;0;0;0;;0;272;225;226;228;240;238;244;232;238;226;330;412;470;478;458;434;406;380;360;350;320;330;338;354;388;416;438;466;480;454;439;1;1;1;1;1;1;1;1;1;1;1;1;1;1;1;1;1;1;1;1;1;1;1;1;1;1;1;1;1;1;1
15400000;1;01/10/2019;;1;1;496;225;352;14;2;0;0;0;;0;261;229;228;229;239;236;246;239;234;235;309;422;471;487;466;447;411;386;368;351;327;335;335;343;382;424;445;457;482;450;443;1;1;1;1;1;1;1;1;1;1;1;1;1;1;1;1;1;1;1;1;1;1;1;1;1;1;1;1;1;1;1
15400000;2;01/09/2019;;1;1;303;220;253;1;30;1;1;1;;;303;296;289;282;276;269;262;257;249;247;237;239;238;221;238;230;228;228;232;231;243;251;286;281;263;267;243;237;233;220;;1;1;1;1;1;1;1;1;1;1;1;1;1;1;1;1;1;1;1;1;1;1;1;1;1;1;1;1;1;1;
15400000;1;01/09/2019;07:00;0;1;;;;;;0;0;0;;0;305;;;;;;270;252;258;254;235;236;248;226;232;229;239;227;242;238;243;250;290;275;272;269;250;237;234;226;;1;4;4;4;4;4;1;1;1;1;1;1;1;1;1;1;1;1;1;1;1;1;1;1;1;1;1;1;1;1;0
15400000;1;01/09/2019;17:00;0;1;;;;;;0;0;0;;0;301;;;;;264;254;261;240;240;239;242;228;216;244;230;216;228;222;224;242;252;282;286;254;265;236;236;231;213;;1;4;4;4;4;1;1;1;1;1;1;1;1;1;1;1;1;1;1;1;1;1;1;1;1;1;1;1;1;1;0
15400000;1;01/09/2019;;1;1;303;220;252;1;30;2;2;2;;0;303;293;282;278;277;273;262;257;249;247;237;239;238;221;238;230;228;228;232;231;243;251;286;281;263;267;243;237;233;220;;1;2;2;2;2;2;1;1;1;1;1;1;1;1;1;1;1;1;1;1;1;1;1;1;1;1;1;1;1;1;0
15400000;2;01/08/2019;;1;1;548;315;418;2;28;1;1;1;;;533;548;546;536;545;528;517;454;459;454;454;456;440;434;426;403;406;384;360;353;350;356;360;353;352;338;336;315;326;327;319;1;1;1;1;1;1;1;1;1;1;1;1;1;1;1;1;1;1;1;1;1;1;1;1;1;1;1;1;1;1;1
15400000;1;01/08/2019;07:00;0;1;;;;;;0;0;0;;0;530;547;548;540;550;528;523;;;;;;;;;;;;;;;352;358;354;350;345;329;317;325;325;314;1;1;1;1;1;1;1;4;4;4;4;4;4;4;4;4;4;4;4;4;4;1;1;1;1;1;1;1;1;1;1
15400000;1;01/08/2019;17:00;0;1;;;;;;0;0;0;;0;536;548;543;531;539;527;510;;;;;;;;;;;;;;359;360;362;352;353;331;342;312;327;328;323;1;1;1;1;1;1;1;4;4;4;4;4;4;4;4;4;4;4;4;4;1;1;1;1;1;1;1;1;1;1;1
15400000;1;01/08/2019;;1;1;548;315;430;2;28;2;2;2;;0;533;548;546;536;545;528;517;498;499;480;479;476;464;458;451;431;425;405;385;374;369;356;360;353;352;338;336;315;326;327;319;1;1;1;1;1;1;1;2;2;2;2;2;2;2;2;2;2;2;2;2;2;1;1;1;1;1;1;1;1;1;1
15400000;2;01/07/2019;;1;1;901;524;709;1;30;1;1;1;;;901;866;851;847;836;825;805;786;810;833;857;832;805;774;741;724;680;639;626;614;587;593;634;627;623;593;560;543;528;524;524;1;1;1;1;1;1;1;1;1;1;1;1;1;1;1;1;1;1;1;1;1;1;1;1;1;1;1;1;1;1;1
15400000;1;01/07/2019;07:00;0;1;;;;;;0;0;0;;0;893;861;847;846;841;820;807;782;;;856;844;813;790;745;728;;;;;;;;628;623;602;570;554;532;530;522;;;;;;;;;4;4;;;;;;;4;4;4;4;4;4;4;;;;;;;;
15400000;1;01/07/2019;17:00;0;1;;;;;;0;0;0;;0;909;870;855;848;830;829;803;790;;;857;819;797;758;737;720;;;;;;;633;625;;584;550;531;523;517;526;;;;;;;;;4;4;;;;;;;4;4;4;4;4;4;;;4;;;;;;
15400000;1;01/07/2019;;1;1;901;524;709;1;30;2;2;2;;0;901;866;851;847;836;825;805;786;768;826;857;832;805;774;741;724;691;658;637;619;599;589;625;627;611;593;560;543;528;524;524;;;;;;;;;2;2;;;;;;;2;2;2;2;2;2;2;;2;;;;;;
15400000;2;01/06/2019;;1;1;1284;931;1142;1;30;1;1;1;;;1284;1274;1241;1221;1202;1206;1190;1194;1222;1206;1212;1203;1194;1179;1139;1146;1135;1140;1092;1072;1121;1137;1111;1074;1066;1040;1029;1015;980;931;;1;1;1;1;1;1;1;1;1;1;1;1;1;1;1;1;1;1;1;1;1;1;1;1;1;1;1;1;1;1;
15400000;1;01/06/2019;07:00;0;1;1298;924;1142;2;30;0;0;0;;0;1282;1298;1249;1224;1214;1210;1184;1199;1228;1216;1216;1211;1206;1180;1147;1157;1140;1139;1131;1060;1124;1146;1127;1076;1078;1039;1024;1014;1001;937;;;;;;;;1;;;;;;;;;;;;;;;;;;;;;;;1;0
15400000;1;01/06/2019;17:00;0;1;1298;924;1142;2;30;0;0;0;;0;1285;1250;1233;1218;1190;1202;1195;1189;1216;1196;1208;1194;1182;1177;1130;1134;1130;1140;1052;1084;1118;1128;1094;1071;1054;1041;1034;1016;959;924;;;;;;;;;;;;;;;;;;;;;;;;;;;;;;1;1;0
15400000;1;01/06/2019;;1;1;1298;924;1142;2;30;0;0;0;;0;1284;1274;1241;1221;1202;1206;1190;1194;1222;1206;1212;1203;1194;1179;1139;1146;1135;1140;1092;1072;1121;1137;1111;1074;1066;1040;1029;1015;980;931;;;;;;;;1;;;;;;;;;;;;;;;;;;;;;;1;1;0
15400000;2;01/05/2019;;1;1;1477;1239;1393;5;29;1;1;1;;;1469;1470;1473;1472;1477;1473;1458;1447;1433;1423;1432;1438;1429;1405;1385;1389;1403;1427;1434;1427;1408;1380;1350;1331;1332;1312;1272;1242;1239;1276;1288;1;1;1;1;1;1;1;1;1;1;1;1;1;1;1;1;1;1;1;1;1;1;1;1;1;1;1;1;1;1;1
15400000;1;01/05/2019;17:00;0;1;1478;1228;1393;5;28;0;0;0;;0;1470;1469;1476;1470;1478;1468;1454;1440;1432;1426;1432;1431;1423;1404;1370;1390;1407;1426;1437;1423;1404;1374;1336;1330;1324;1308;1259;1228;1230;1270;1298;1;1;1;1;1;1;1;1;1;1;1;1;1;1;1;1;1;1;1;1;1;1;1;1;1;1;1;1;1;1;1
15400000;1;01/05/2019;07:00;0;1;1478;1228;1393;5;28;0;0;0;;0;1468;1471;1470;1473;1475;1478;1462;1454;1434;1420;1431;1444;1434;1406;1400;1388;1398;1428;1430;1431;1412;1386;1364;1332;1340;1316;1284;1256;1248;1282;1278;1;1;1;1;1;1;1;1;1;1;1;1;1;1;1;1;1;1;1;1;1;1;1;1;1;1;1;1;1;1;1
15400000;1;01/05/2019;;1;1;1478;1228;1393;5;28;0;0;0;;0;1469;1470;1473;1472;1477;1473;1458;1447;1433;1423;1432;1438;1429;1405;1385;1389;1403;1427;1434;1427;1408;1380;1350;1331;1332;1312;1272;1242;1239;1276;1288;1;1;1;1;1;1;1;1;1;1;1;1;1;1;1;1;1;1;1;1;1;1;1;1;1;1;1;1;1;1;1
15400000;2;01/04/2019;;1;1;1683;1438;1575;4;27;1;1;1;;;1672;1675;1677;1683;1675;1662;1660;1649;1651;1660;1662;1665;1657;1646;1618;1593;1566;1552;1525;1500;1496;1475;1467;1470;1464;1448;1438;1440;1445;1458;;1;1;1;1;1;1;1;1;1;1;1;1;1;1;1;1;1;1;1;1;1;1;1;1;1;1;1;1;1;1;
15400000;1;01/04/2019;17:00;0;1;1685;1436;1575;4;28;0;0;0;;0;1672;1676;1680;1685;1674;1662;1660;1642;1654;1664;1660;1666;1652;1628;1617;1586;1560;1543;1509;1485;1499;1458;1470;1468;1457;1443;1438;1443;1449;1463;;1;1;1;1;1;1;1;1;1;1;1;1;1;1;1;1;1;1;1;1;1;1;1;1;1;1;1;1;1;1;0
15400000;1;01/04/2019;07:00;0;1;1685;1436;1575;4;28;0;0;0;;0;1672;1674;1674;1680;1676;1662;1660;1656;1648;1655;1663;1663;1662;1663;1618;1599;1571;1560;1541;1515;1492;1492;1463;1471;1471;1452;1438;1436;1440;1453;;1;1;1;1;1;1;1;1;1;1;1;1;1;1;1;1;1;1;1;1;1;1;1;1;1;1;1;1;1;1;0
15400000;1;01/04/2019;;1;1;1685;1436;1575;4;28;0;0;0;;0;1672;1675;1677;1683;1675;1662;1660;1649;1651;1660;1662;1665;1657;1646;1618;1593;1566;1552;1525;1500;1496;1475;1467;1470;1464;1448;1438;1440;1445;1458;;1;1;1;1;1;1;1;1;1;1;1;1;1;1;1;1;1;1;1;1;1;1;1;1;1;1;1;1;1;1;0
15400000;2;01/03/2019;;1;1;1728;1655;1693;8;24;1;1;1;;;1689;1706;1718;1721;1720;1722;1723;1728;1723;1725;1722;1720;1714;1703;1694;1690;1694;1686;1685;1670;1673;1671;1666;1655;1657;1661;1656;1668;1679;1680;1678;1;1;1;1;1;1;1;1;1;1;1;1;1;1;1;1;1;1;1;1;1;1;1;1;1;1;1;1;1;1;1
15400000;1;01/03/2019;07:00;0;1;1730;1642;1693;7;24;0;0;0;;0;1688;1702;1722;1719;1716;1724;1730;1728;1724;1724;1724;1718;1716;1703;1696;1690;1694;1690;1688;1670;1669;1672;1668;1668;1660;1660;1652;1662;1680;1678;1676;1;1;1;1;1;1;1;1;1;1;1;1;1;1;1;1;1;1;1;1;1;1;1;1;1;1;1;1;1;1;1
15400000;1;01/03/2019;17:00;0;1;1730;1642;1693;7;24;0;0;0;;0;1690;1710;1714;1722;1724;1720;1716;1728;1722;1726;1720;1722;1712;1702;1692;1690;1694;1682;1682;1670;1677;1669;1664;1642;1654;1662;1660;1674;1678;1681;1679;1;1;1;1;1;1;1;1;1;1;1;1;1;1;1;1;1;1;1;1;1;1;1;1;1;1;1;1;1;1;1
15400000;1;01/03/2019;;1;1;1730;1642;1693;7;24;0;0;0;;0;1689;1706;1718;1721;1720;1722;1723;1728;1723;1725;1722;1720;1714;1703;1694;1690;1694;1686;1685;1670;1673;1671;1666;1655;1657;1661;1656;1668;1679;1680;1678;1;1;1;1;1;1;1;1;1;1;1;1;1;1;1;1;1;1;1;1;1;1;1;1;1;1;1;1;1;1;1
15400000;2;01/02/2019;;1;1;1686;1474;1614;25;2;1;1;1;;;1482;1474;1505;1514;1543;1560;1587;1601;1607;1613;1641;1650;1640;1630;1624;1618;1620;1621;1626;1636;1664;1677;1679;1683;1686;1683;1650;1679;;;;1;1;1;1;1;1;1;1;1;1;1;1;1;1;1;1;1;1;1;1;1;1;1;1;1;1;1;1;;;
15400000;1;01/02/2019;07:00;0;1;1688;1465;1614;25;2;0;0;0;;0;1477;1483;1503;1515;1543;1558;1589;1601;1606;1609;1650;1649;1639;1631;1627;1618;1619;1617;1626;1635;1659;1674;1683;1682;1688;1680;1672;1679;;;;1;1;1;1;1;1;1;1;1;1;1;1;1;1;1;1;1;1;1;1;1;1;1;1;1;1;1;1;0;0;0
15400000;1;01/02/2019;17:00;0;1;1688;1465;1614;25;2;0;0;0;;0;1487;1465;1507;1513;1542;1562;1585;1601;1607;1617;1631;1651;1641;1628;1621;1618;1620;1624;1626;1636;1668;1679;1674;1684;1684;1686;1628;1678;;;;1;1;1;1;1;1;1;1;1;1;1;1;1;1;1;1;1;1;1;1;1;1;1;1;1;1;1;1;0;0;0
15400000;1;01/02/2019;;1;1;1688;1465;1614;25;2;0;0;0;;0;1482;1474;1505;1514;1543;1560;1587;1601;1607;1613;1641;1650;1640;1630;1624;1618;1620;1621;1626;1636;1664;1677;1679;1683;1686;1683;1650;1679;;;;1;1;1;1;1;1;1;1;1;1;1;1;1;1;1;1;1;1;1;1;1;1;1;1;1;1;1;1;0;0;0
15400000;2;01/01/2019;;1;1;1465;1331;1413;23;7;1;1;1;;;1418;1389;1369;1364;1370;1341;1331;1331;1355;1368;1382;1384;1389;1413;1421;1428;1436;1443;1449;1453;1457;1461;1465;1451;1438;1428;1440;1449;1456;1463;1463;1;1;1;1;1;1;1;1;1;1;1;1;1;1;1;1;1;1;1;1;1;1;1;1;1;1;1;1;1;1;1
15400000;1;01/01/2019;17:00;0;1;1466;1326;1413;23;8;0;0;0;;0;1416;1390;1364;1366;1368;1340;1330;1336;1366;1378;1380;1382;1390;1416;1422;1430;1438;1446;1450;1454;1458;1462;1466;1446;1436;1426;1442;1450;1458;1466;1462;1;1;1;1;1;1;1;1;1;1;1;1;1;1;1;1;1;1;1;1;1;1;1;1;1;1;1;1;1;1;1
15400000;1;01/01/2019;07:00;0;1;1466;1326;1413;23;8;0;0;0;;0;1420;1388;1374;1362;1372;1342;1332;1326;1344;1358;1384;1386;1388;1410;1420;1426;1434;1440;1448;1452;1456;1460;1464;1456;1440;1430;1438;1448;1454;1460;1464;1;1;1;1;1;1;1;1;1;1;1;1;1;1;1;1;1;1;1;1;1;1;1;1;1;1;1;1;1;1;1
15400000;1;01/01/2019;;1;1;1466;1326;1413;23;8;0;0;0;;0;1418;1389;1369;1364;1370;1341;1331;1331;1355;1368;1382;1384;1389;1413;1421;1428;1436;1443;1449;1453;1457;1461;1465;1451;1438;1428;1440;1449;1456;1463;1463;1;1;1;1;1;1;1;1;1;1;1;1;1;1;1;1;1;1;1;1;1;1;1;1;1;1;1;1;1;1;1
15400000;2;01/12/2018;;1;1;1388;1128;1252;28;1;1;1;1;;;1128;1141;1184;1200;1177;1189;1249;1264;1288;1284;1277;1269;1249;1219;1203;1184;1169;1152;1167;1183;1179;1199;1313;1337;1372;1354;1367;1388;1386;1379;1377;1;1;1;1;1;1;1;1;1;1;1;1;1;1;1;1;1;1;1;1;1;1;1;1;1;1;1;1;1;1;1
15400000;1;01/12/2018;07:00;0;1;1392;1126;1252;31;1;0;0;0;;0;1126;1138;1186;1204;1174;1184;1240;1262;1292;1278;1278;1282;1250;1220;1202;1192;1178;1150;1166;1180;1176;1192;1250;1340;1384;1352;1368;1386;1388;1380;1392;1;1;1;1;1;1;1;1;1;1;1;1;1;1;1;1;1;1;1;1;1;1;1;1;1;1;1;1;1;1;1
15400000;1;01/12/2018;17:00;0;1;1392;1126;1252;31;1;0;0;0;;0;1130;1144;1182;1196;1180;1194;1258;1266;1284;1290;1276;1256;1248;1218;1204;1176;1160;1154;1168;1186;1182;1206;1376;1334;1360;1356;1366;1390;1384;1378;1362;1;1;1;1;1;1;1;1;1;1;1;1;1;1;1;1;1;1;1;1;1;1;1;1;1;1;1;1;1;1;1
15400000;1;01/12/2018;;1;1;1392;1126;1252;31;1;0;0;0;;0;1128;1141;1184;1200;1177;1189;1249;1264;1288;1284;1277;1269;1249;1219;1203;1184;1169;1152;1167;1183;1179;1199;1313;1337;1372;1354;1367;1388;1386;1379;1377;1;1;1;1;1;1;1;1;1;1;1;1;1;1;1;1;1;1;1;1;1;1;1;1;1;1;1;1;1;1;1
15400000;2;01/11/2018;;1;1;1119;597;764;30;8;1;1;1;;;657;677;677;661;634;626;614;597;601;597;622;622;667;720;762;757;754;739;722;708;774;824;858;893;952;951;972;1045;1104;1119;;1;1;1;1;1;1;1;1;1;1;1;1;1;1;1;1;1;1;1;1;1;1;1;1;1;1;1;1;1;1;
15400000;1;01/11/2018;07:00;0;1;1120;592;764;30;9;0;0;0;;0;652;676;680;678;640;634;620;596;592;592;624;618;658;710;756;758;760;742;728;704;782;818;856;890;928;956;948;1022;1096;1118;;1;1;1;1;1;1;1;1;1;1;1;1;1;1;1;1;1;1;1;1;1;1;1;1;1;1;1;1;1;1;0
15400000;1;01/11/2018;17:00;0;1;1120;592;764;30;9;0;0;0;;0;662;678;674;644;628;618;608;598;610;602;620;626;676;730;768;756;748;736;716;712;766;830;860;896;976;946;996;1068;1112;1120;;1;1;1;1;1;1;1;1;1;1;1;1;1;1;1;1;1;1;1;1;1;1;1;1;1;1;1;1;1;1;0
15400000;1;01/11/2018;;1;1;1120;592;764;30;9;0;0;0;;0;657;677;677;661;634;626;614;597;601;597;622;622;667;720;762;757;754;739;722;708;774;824;858;893;952;951;972;1045;1104;1119;;1;1;1;1;1;1;1;1;1;1;1;1;1;1;1;1;1;1;1;1;1;1;1;1;1;1;1;1;1;1;0
15400000;2;01/10/2018;;1;1;584;249;358;31;8;1;1;1;;;286;303;282;270;272;288;251;249;277;264;254;273;283;296;339;388;392;375;377;357;382;445;462;445;444;431;430;437;461;489;584;1;1;1;1;1;1;1;1;1;1;1;1;1;1;1;1;1;1;1;1;1;1;1;1;1;1;1;1;1;1;1
15400000;1;01/10/2018;07:00;0;1;602;248;358;31;8;0;0;0;;0;270;304;286;282;274;286;252;248;284;260;256;278;278;290;316;386;399;370;364;356;384;446;482;446;448;430;428;430;458;458;566;1;1;1;1;1;1;1;1;1;1;1;1;1;1;1;1;1;1;1;1;1;1;1;1;1;1;1;1;1;1;1
15400000;1;01/10/2018;17:00;0;1;602;248;358;31;8;0;0;0;;0;302;302;278;258;270;290;250;250;270;268;252;268;288;302;362;390;384;380;390;358;380;444;442;444;440;432;432;444;464;520;602;1;1;1;1;1;1;1;1;1;1;1;1;1;1;1;1;1;1;1;1;1;1;1;1;1;1;1;1;1;1;1
15400000;1;01/10/2018;;1;1;602;248;358;31;8;0;0;0;;0;286;303;282;270;272;288;251;249;277;264;254;273;283;296;339;388;392;375;377;357;382;445;462;445;444;431;430;437;461;489;584;1;1;1;1;1;1;1;1;1;1;1;1;1;1;1;1;1;1;1;1;1;1;1;1;1;1;1;1;1;1;1
15400000;2;01/09/2018;;1;1;411;250;321;1;24;1;1;1;;;411;400;402;398;379;368;348;331;333;330;318;329;322;303;303;299;286;291;272;277;255;269;263;250;289;318;340;332;297;319;;1;1;1;1;1;1;1;1;1;1;1;1;1;1;1;1;1;1;1;1;1;1;1;1;1;1;1;1;1;1;
15400000;1;01/09/2018;07:00;0;1;420;248;321;1;24;0;0;0;;0;420;398;399;399;382;372;342;328;336;328;314;332;324;316;302;310;278;290;278;288;258;272;264;248;276;312;322;334;304;322;;1;1;1;1;1;1;1;1;1;1;1;1;1;1;1;1;1;1;1;1;1;1;1;1;1;1;1;1;1;1;0
15400000;1;01/09/2018;17:00;0;1;420;248;321;1;24;0;0;0;;0;402;402;404;396;376;364;354;334;330;332;322;326;320;290;304;288;294;292;266;266;252;266;262;252;302;324;358;330;290;316;;1;1;1;1;1;1;1;1;1;1;1;1;1;1;1;1;1;1;1;1;1;1;1;1;1;1;1;1;1;1;0
15400000;1;01/09/2018;;1;1;420;248;321;1;24;0;0;0;;0;411;400;402;398;379;368;348;331;333;330;318;329;322;303;303;299;286;291;272;277;255;269;263;250;289;318;340;332;297;319;;1;1;1;1;1;1;1;1;1;1;1;1;1;1;1;1;1;1;1;1;1;1;1;1;1;1;1;1;1;1;0
15400000;2;01/08/2018;;1;1;499;367;420;13;8;1;1;1;;;439;439;423;411;395;385;372;367;373;379;456;477;499;487;474;462;445;408;425;427;411;398;397;405;402;407;395;418;420;422;407;1;1;1;1;1;1;1;1;1;1;1;1;1;1;1;1;1;1;1;1;1;1;1;1;1;1;1;1;1;1;1
15400000;1;01/08/2018;07:00;0;1;502;358;420;13;8;0;0;0;;0;440;430;428;420;392;388;360;358;364;372;458;474;496;494;478;454;440;406;426;420;414;394;398;404;404;402;392;420;418;430;412;1;1;1;1;1;1;1;1;1;1;1;1;1;1;1;1;1;1;1;1;1;1;1;1;1;1;1;1;1;1;1
15400000;1;01/08/2018;17:00;0;1;502;358;420;13;8;0;0;0;;0;438;448;418;402;398;382;384;376;382;386;454;480;502;480;470;470;450;410;424;434;408;402;396;406;399;412;398;416;422;414;402;1;1;1;1;1;1;1;1;1;1;1;1;1;1;1;1;1;1;1;1;1;1;1;1;1;1;1;1;1;1;1
15400000;1;01/08/2018;;1;1;502;358;420;13;8;0;0;0;;0;439;439;423;411;395;385;372;367;373;379;456;477;499;487;474;462;445;408;425;427;411;398;397;405;402;407;395;418;420;422;407;1;1;1;1;1;1;1;1;1;1;1;1;1;1;1;1;1;1;1;1;1;1;1;1;1;1;1;1;1;1;1
15400000;2;01/07/2018;;1;1;822;420;626;4;28;1;1;1;;;796;770;803;822;800;782;747;736;730;754;733;705;693;668;651;628;623;590;577;555;536;526;509;481;462;451;449;420;455;476;476;1;1;1;1;1;1;1;1;1;1;1;1;1;1;1;1;1;1;1;1;1;1;1;1;1;1;1;1;1;1;1
15400000;1;01/07/2018;07:00;0;1;;;;;;0;0;0;;0;;;796;816;804;786;752;740;726;758;736;706;702;678;666;632;620;594;566;552;540;548;514;488;464;456;452;424;442;466;480;0;0;1;1;1;1;1;1;1;1;1;1;1;1;1;1;1;1;1;1;1;1;1;1;1;1;1;1;1;1;1
15400000;1;01/07/2018;17:00;0;1;;;;;;0;0;0;;0;;770;810;828;796;778;742;732;734;750;730;704;684;658;636;624;626;586;588;558;532;504;504;474;460;446;446;416;468;486;472;0;1;1;1;1;1;1;1;1;1;1;1;1;1;1;1;1;1;1;1;1;1;1;1;1;1;1;1;1;1;1
15400000;1;01/07/2018;;1;1;822;420;625;4;28;2;2;2;;0;783;769;803;822;800;782;747;736;730;754;733;705;693;668;651;628;623;590;577;555;536;526;509;481;462;451;449;420;455;476;476;2;2;1;1;1;1;1;1;1;1;1;1;1;1;1;1;1;1;1;1;1;1;1;1;1;1;1;1;1;1;1
15400000;2;01/06/2018;;1;1;1222;821;1046;9;30;1;1;1;;;1203;1156;1144;1096;1099;1118;1158;1189;1222;1214;1171;1145;1121;1116;1089;1065;1051;1027;1004;980;988;964;947;939;913;883;873;852;839;821;;1;1;1;1;1;1;1;1;1;1;1;1;1;1;1;1;1;1;1;1;1;1;1;1;1;1;1;1;1;1;
15400000;1;01/06/2018;07:00;0;1;;;;;;0;0;0;;0;1199;1158;1164;1098;;1112;1148;1190;1224;1218;1178;1160;1132;1124;1088;1082;1056;;;;996;966;950;940;914;886;872;854;834;818;;1;1;1;1;0;1;1;1;1;1;1;1;1;1;1;1;1;0;0;0;1;1;1;1;1;1;1;1;1;1;0
15400000;1;01/06/2018;17:00;0;1;;;;;;0;0;0;;0;1206;1154;1124;1094;1099;1124;1168;1188;1220;1210;1164;1130;1110;1108;1090;1048;1046;;;980;980;962;944;938;912;880;874;850;844;824;;1;1;1;1;1;1;1;1;1;1;1;1;1;1;1;1;1;0;0;1;1;1;1;1;1;1;1;1;1;1;0
15400000;1;01/06/2018;;1;1;1222;821;1047;9;30;2;2;2;;0;1203;1156;1144;1096;1104;1118;1158;1189;1222;1214;1171;1145;1121;1116;1089;1065;1051;1024;1019;993;988;964;947;939;913;883;873;852;839;821;;1;1;1;1;2;1;1;1;1;1;1;1;1;1;1;1;1;2;2;2;1;1;1;1;1;1;1;1;1;1;0
15400000;2;01/05/2018;;1;1;1424;1219;1346;1;31;1;1;1;;;1424;1417;1405;1411;1406;1416;1388;1382;1380;1369;1388;1396;1423;1410;1395;1374;1364;1337;1344;1338;1323;1308;1295;1286;1281;1279;1270;1241;1238;1229;1219;1;1;1;1;1;1;1;1;1;1;1;1;1;1;1;1;1;1;1;1;1;1;1;1;1;1;1;1;1;1;1
15400000;1;01/05/2018;07:00;0;1;1432;1218;1346;1;31;0;0;0;;0;1432;1422;1408;1406;1404;1422;1396;1398;1392;1372;1384;1402;1424;1416;1394;1378;1374;1342;1346;1344;1322;1320;1292;1280;1280;1278;1274;1244;1236;1236;1218;1;1;1;1;1;1;1;1;1;1;1;1;1;1;1;1;1;1;1;1;1;1;1;1;1;1;1;1;1;1;1
15400000;1;01/05/2018;17:00;0;1;1432;1218;1346;1;31;0;0;0;;0;1416;1412;1402;1416;1408;1410;1380;1366;1368;1366;1392;1390;1422;1404;1396;1370;1354;1332;1342;1332;1324;1296;1298;1292;1282;1280;1266;1238;1240;1222;1220;1;1;1;1;1;1;1;1;1;1;1;1;1;1;1;1;1;1;1;1;1;1;1;1;1;1;1;1;1;1;1
15400000;1;01/05/2018;;1;1;1424;1219;1346;1;31;1;1;1;;0;1424;1417;1405;1411;1406;1416;1388;1382;1380;1369;1388;1396;1423;1410;1395;1374;1364;1337;1344;1338;1323;1308;1295;1286;1281;1279;1270;1241;1238;1229;1219;1;1;1;1;1;1;1;1;1;1;1;1;1;1;1;1;1;1;1;1;1;1;1;1;1;1;1;1;1;1;1
15400000;2;01/04/2018;;1;1;1672;1430;1576;9;30;1;1;1;;;1670;1659;1642;1623;1617;1610;1613;1633;1672;1649;1645;1633;1620;1611;1597;1589;1580;1566;1563;1557;1546;1549;1530;1510;1493;1483;1472;1463;1454;1430;;1;1;1;1;1;1;1;1;1;1;1;1;1;1;1;1;1;1;1;1;1;1;1;1;1;1;1;1;1;1;
15400000;1;01/04/2018;07:00;0;1;;;;;;0;0;0;;0;1678;1658;1644;1626;1616;1606;1612;1626;1646;1650;1644;1640;1622;1610;1599;1592;1582;1568;1560;1558;1548;1550;1530;;1498;1484;1476;1466;1462;1436;;1;1;1;1;1;1;1;1;1;1;1;1;1;1;1;1;1;1;1;1;1;1;1;0;1;1;1;1;1;1;0
15400000;1;01/04/2018;17:00;0;1;;;;;;0;0;0;;0;1662;1660;1640;1620;1618;1614;1614;1640;1698;1648;1646;1626;1618;1612;1594;1586;1578;1564;1566;1556;1544;1548;;1510;1488;1482;1468;1460;1446;1424;;1;1;1;1;1;1;1;1;1;1;1;1;1;1;1;1;1;1;1;1;1;1;0;1;1;1;1;1;1;1;0
15400000;1;01/04/2018;;1;1;1672;1430;1576;9;30;2;2;2;;0;1670;1659;1642;1623;1617;1610;1613;1633;1672;1649;1645;1633;1620;1611;1597;1589;1580;1566;1563;1557;1546;1549;1526;1507;1493;1483;1472;1463;1454;1430;;1;1;1;1;1;1;1;1;1;1;1;1;1;1;1;1;1;1;1;1;1;1;2;2;1;1;1;1;1;1;0
15400000;2;01/03/2018;;1;1;1663;1561;1617;27;11;1;1;1;;;1616;1611;1613;1608;1609;1606;1611;1600;1586;1571;1561;1584;1596;1604;1616;1621;1620;1611;1607;1603;1615;1627;1633;1639;1649;1653;1663;1658;1656;1659;1628;1;1;1;1;1;1;1;1;1;1;1;1;1;1;1;1;1;1;1;1;1;1;1;1;1;1;1;1;1;1;1
15400000;1;01/03/2018;07:00;0;1;1664;1560;1617;27;11;0;0;0;;0;1618;1620;1612;1612;1612;1608;1614;1598;1590;1578;1562;1580;1590;1598;1618;1622;1618;1610;1608;1604;1612;1626;1632;1636;1648;1654;1664;1660;1658;1658;1656;1;1;1;1;1;1;1;1;1;1;1;1;1;1;1;1;1;1;1;1;1;1;1;1;1;1;1;1;1;1;1
15400000;1;01/03/2018;17:00;0;1;1664;1560;1617;27;11;0;0;0;;0;1614;1602;1614;1604;1606;1604;1608;1602;1582;1564;1560;1588;1602;1610;1614;1620;1622;1612;1606;1602;1618;1628;1634;1642;1650;1652;1662;1656;1654;1660;1600;1;1;1;1;1;1;1;1;1;1;1;1;1;1;1;1;1;1;1;1;1;1;1;1;1;1;1;1;1;1;1
15400000;1;01/03/2018;;1;1;1664;1560;1617;27;11;0;0;0;;0;1616;1611;1613;1608;1609;1606;1611;1600;1586;1571;1561;1584;1596;1604;1616;1621;1620;1611;1607;1603;1615;1627;1633;1639;1649;1653;1663;1658;1656;1659;1628;1;1;1;1;1;1;1;1;1;1;1;1;1;1;1;1;1;1;1;1;1;1;1;1;1;1;1;1;1;1;1
15400000;2;01/02/2018;;1;1;1626;1403;1553;24;1;1;1;1;;;1403;1411;1437;1458;1469;1483;1511;1531;1549;1562;1556;1551;1543;1558;1564;1574;1582;1585;1598;1604;1607;1618;1623;1626;1624;1622;1626;1621;;;;1;1;1;1;1;1;1;1;1;1;1;1;1;1;1;1;1;1;1;1;1;1;1;1;1;1;1;1;;;
15400000;1;01/02/2018;07:00;0;1;1672;1406;1559;20;1;0;0;0;;0;1406;1412;1438;1450;1482;1482;1508;1536;1558;1566;1550;1554;1522;1562;1570;1578;1590;1588;1592;1610;1614;1618;1626;1634;1622;1622;1624;1620;;;;1;1;1;1;1;1;1;1;1;1;1;1;1;1;1;1;1;1;1;1;1;1;1;1;1;1;1;1;0;0;0
15400000;1;01/02/2018;17:00;0;1;1672;1406;1559;20;1;0;0;0;;0;1408;1420;1456;1464;1492;1499;1528;1546;1556;1562;1548;1550;1554;1566;1574;1584;1592;1598;1618;1672;1616;1620;1630;1618;1626;1622;1628;1622;;;;1;1;1;1;1;1;1;1;1;1;1;1;1;1;1;1;1;1;1;1;1;1;1;1;1;1;1;1;0;0;0
15400000;1;01/02/2018;;1;1;;;;;;0;0;0;;0;1403;1411;1437;1458;1469;1483;1511;1531;1549;1562;1556;1551;1543;1558;1564;1574;1582;1585;1598;1604;1607;1618;1623;;;;;;;;;2;2;2;2;2;2;2;2;2;2;2;2;2;2;2;2;2;2;2;2;2;2;2;;;;;;;;
15400000;2;01/01/2018;;1;1;1505;1224;1383;26;7;1;1;1;;;1300;1309;1290;1255;1247;1231;1224;1234;1287;1337;1361;1374;1373;1371;1365;1372;1395;1415;1443;1464;1471;1477;1490;1489;1495;1505;1496;1479;1459;1439;1417;1;1;1;1;1;1;1;1;1;1;1;1;1;1;1;1;1;1;1;1;1;1;1;1;1;1;1;1;1;1;1
15400000;1;01/01/2018;07:00;0;1;1516;1214;1386;26;8;0;0;0;;0;1299;1324;1296;1266;1260;1230;1216;1214;1274;1326;1364;1384;1390;1396;1362;1364;1392;1408;1438;1464;1468;1486;1498;1492;1502;1508;1502;1490;1456;1446;1418;1;1;1;1;1;1;1;1;1;1;1;1;1;1;1;1;1;1;1;1;1;1;1;1;1;1;1;1;1;1;1
15400000;1;01/01/2018;17:00;0;1;1516;1214;1386;26;8;0;0;0;;0;1312;1290;1274;1242;1242;1232;1230;1244;1308;1356;1380;1388;1394;1380;1374;1380;1394;1420;1446;1477;1484;1488;1496;1498;1492;1516;1504;1468;1464;1436;1414;1;1;1;1;1;1;1;1;1;1;1;1;1;1;1;1;1;1;1;1;1;1;1;1;1;1;1;1;1;1;1
15400000;1;01/01/2018;;1;1;1505;1224;1383;26;7;2;2;2;;0;1300;1309;1290;1255;1247;1231;1224;1234;1287;1337;1361;1374;1373;1371;1365;1372;1395;1415;1443;1464;1471;1477;1490;1489;1495;1505;1496;1479;1459;1439;1417;2;2;2;2;2;2;2;2;2;2;2;2;2;2;2;2;2;2;2;2;2;2;2;2;2;2;2;2;2;2;2
15400000;2;01/12/2017;;1;1;1270;700;917;31;3;1;1;1;;;718;706;700;709;753;807;851;867;859;877;939;963;945;934;936;935;948;947;935;940;916;910;915;905;932;954;966;1021;1150;1233;1270;1;1;1;1;1;1;1;1;1;1;1;1;1;1;1;1;1;1;1;1;1;1;1;1;1;1;1;1;1;1;1
15400000;1;01/12/2017;07:00;0;1;1278;694;919;31;3;0;0;0;;0;714;708;698;696;744;790;844;866;852;872;932;960;948;930;938;940;946;950;940;944;920;912;916;906;936;956;956;996;1136;1220;1262;1;1;1;1;1;1;1;1;1;1;1;1;1;1;1;1;1;1;1;1;1;1;1;1;1;1;1;1;1;1;1
15400000;1;01/12/2017;17:00;0;1;1278;694;919;31;3;0;0;0;;0;712;706;694;718;760;834;868;870;864;880;958;964;944;950;936;926;960;948;934;948;914;914;910;902;930;958;978;1032;1184;1260;1278;1;1;1;1;1;1;1;1;1;1;1;1;1;1;1;1;1;1;1;1;1;1;1;1;1;1;1;1;1;1;1
15400000;1;01/12/2017;;1;1;1270;700;917;31;3;2;2;2;;0;718;706;700;709;753;807;851;867;859;877;939;963;945;934;936;935;948;947;935;940;916;910;915;905;932;954;966;1021;1150;1233;1270;2;2;2;2;2;2;2;2;2;2;2;2;2;2;2;2;2;2;2;2;2;2;2;2;2;2;2;2;2;2;2
15400000;2;01/11/2017;;1;1;750;338;563;30;1;1;1;1;;;338;352;350;444;474;470;491;491;503;499;491;467;498;529;576;593;645;651;661;685;667;641;625;617;627;639;676;700;733;750;;1;1;1;1;1;1;1;1;1;1;1;1;1;1;1;1;1;1;1;1;1;1;1;1;1;1;1;1;1;1;
15400000;1;01/11/2017;07:00;0;1;752;332;563;30;1;0;0;0;;0;332;360;332;436;478;468;484;484;502;502;492;464;490;512;578;590;646;648;652;682;670;646;620;618;612;638;664;684;720;748;;1;1;1;1;1;1;1;1;1;1;1;1;1;1;1;1;1;1;1;1;1;1;1;1;1;1;1;1;1;1;0
15400000;1;01/11/2017;17:00;0;1;752;332;563;30;1;0;0;0;;0;344;344;368;452;470;472;498;498;504;496;490;470;506;546;574;596;644;654;670;688;664;636;630;616;642;640;688;716;746;752;;1;1;1;1;1;1;1;1;1;1;1;1;1;1;1;1;1;1;1;1;1;1;1;1;1;1;1;1;1;1;0
15400000;1;01/11/2017;;1;1;752;332;563;30;1;0;0;0;;0;338;352;350;444;474;470;491;491;503;499;491;467;498;529;576;593;645;651;661;685;667;641;625;617;627;639;676;700;733;750;;1;1;1;1;1;1;1;1;1;1;1;1;1;1;1;1;1;1;1;1;1;1;1;1;1;1;1;1;1;1;0
15400000;2;01/10/2017;;1;1;301;210;267;7;21;1;1;1;;;268;286;273;281;278;284;301;295;276;289;271;273;265;268;272;251;235;234;220;217;210;221;271;291;275;278;261;263;269;298;297;1;1;1;1;1;1;1;1;1;1;1;1;1;1;1;1;1;1;1;1;1;1;1;1;1;1;1;1;1;1;1
15400000;1;01/10/2017;07:00;0;1;306;206;267;30;22;0;0;0;;0;278;288;272;276;280;286;298;292;278;298;274;264;260;262;288;254;238;242;224;218;212;206;272;286;274;268;272;264;268;290;296;1;1;1;1;1;1;1;1;1;1;1;1;1;1;1;1;1;1;1;1;1;1;1;1;1;1;1;1;1;1;1
15400000;1;01/10/2017;17:00;0;1;306;206;267;30;22;0;0;0;;0;258;284;274;286;276;282;304;298;274;280;268;282;270;274;256;248;232;226;216;216;208;236;270;296;276;288;250;262;270;306;298;1;1;1;1;1;1;1;1;1;1;1;1;1;1;1;1;1;1;1;1;1;1;1;1;1;1;1;1;1;1;1
15400000;1;01/10/2017;;1;1;306;206;267;30;22;0;0;0;;0;268;286;273;281;278;284;301;295;276;289;271;273;265;268;272;251;235;234;220;217;210;221;271;291;275;278;261;263;269;298;297;1;1;1;1;1;1;1;1;1;1;1;1;1;1;1;1;1;1;1;1;1;1;1;1;1;1;1;1;1;1;1
15400000;2;01/09/2017;;1;1;407;257;325;20;16;1;1;1;;;379;352;351;352;337;337;317;310;299;288;279;285;280;273;269;257;259;304;404;407;397;377;351;373;352;339;330;305;296;282;;1;1;1;1;1;1;1;1;1;1;1;1;1;1;1;1;1;1;1;1;1;1;1;1;1;1;1;1;1;1;
15400000;1;01/09/2017;07:00;0;1;430;218;330;19;30;0;0;0;;0;388;354;356;350;350;348;318;322;302;288;274;286;278;268;266;256;356;320;402;402;391;380;366;378;362;350;344;299;306;280;;1;1;1;1;1;1;1;1;1;1;1;1;1;1;1;1;1;1;1;1;1;1;1;1;1;1;1;1;1;1;0
15400000;1;01/09/2017;17:00;0;1;430;218;330;19;30;0;0;0;;0;376;360;358;370;334;340;320;308;308;284;280;280;282;270;272;258;354;324;430;416;398;378;344;394;354;346;334;304;290;218;;1;1;1;1;1;1;1;1;1;1;1;1;1;1;1;1;1;1;1;1;1;1;1;1;1;1;1;1;1;1;0
15400000;1;01/09/2017;;1;1;407;257;325;20;16;2;2;2;;0;379;352;351;352;337;337;317;310;299;288;279;285;280;273;269;257;259;304;404;407;397;377;351;373;352;339;330;305;296;282;;2;2;2;2;2;2;2;2;2;2;2;2;2;2;2;2;2;2;2;2;2;2;2;2;2;2;2;2;2;2;
15400000;2;01/08/2017;;1;1;471;307;382;1;19;1;1;1;;;471;463;438;436;409;394;384;376;362;350;352;353;346;348;338;321;309;308;307;333;333;333;368;445;459;450;429;428;415;398;384;1;1;1;1;1;1;1;1;1;1;1;1;1;1;1;1;1;1;1;1;1;1;1;1;1;1;1;1;1;1;1
15400000;1;01/08/2017;07:00;0;1;474;308;386;1;17;0;0;0;;0;464;456;438;438;404;396;390;388;370;358;344;370;346;362;346;334;308;328;309;340;330;344;356;442;462;450;426;430;420;388;364;1;1;1;1;1;1;1;1;1;1;1;1;1;1;1;1;1;1;1;1;1;1;1;1;1;1;1;1;1;1;1
15400000;1;01/08/2017;17:00;0;1;474;308;386;1;17;0;0;0;;0;474;474;430;436;408;386;384;372;366;356;376;348;358;344;338;316;320;322;322;326;352;334;398;458;458;456;434;426;416;436;410;1;1;1;1;1;1;1;1;1;1;1;1;1;1;1;1;1;1;1;1;1;1;1;1;1;1;1;1;1;1;1
15400000;1;01/08/2017;;1;1;471;307;382;1;19;2;2;2;;0;471;463;438;436;409;394;384;376;362;350;352;353;346;348;338;321;309;308;307;333;333;333;368;445;459;450;429;428;415;398;384;2;2;2;2;2;2;2;2;2;2;2;2;2;2;2;2;2;2;2;2;2;2;2;2;2;2;2;2;2;2;2
15400000;2;01/07/2017;;1;1;873;482;686;7;31;1;1;1;;;872;836;833;830;846;864;873;861;834;799;766;733;716;687;675;649;647;643;632;620;598;562;552;580;591;582;552;532;519;504;482;1;1;1;1;1;1;1;1;1;1;1;1;1;1;1;1;1;1;1;1;1;1;1;1;1;1;1;1;1;1;1
15400000;1;01/07/2017;07:00;0;1;870;474;683;7;31;0;0;0;;0;862;834;830;824;834;860;868;858;820;796;770;740;724;690;660;640;652;650;640;616;604;560;540;578;588;590;554;530;510;496;474;1;1;1;1;1;1;1;1;1;1;1;1;1;1;1;1;1;1;1;1;1;1;1;1;1;1;1;1;1;1;1
15400000;1;01/07/2017;17:00;0;1;870;474;683;7;31;0;0;0;;0;864;828;828;829;850;850;870;860;834;792;761;722;699;682;646;649;636;638;624;620;588;558;556;584;602;574;542;534;526;508;482;1;1;1;1;1;1;1;1;1;1;1;1;1;1;1;1;1;1;1;1;1;1;1;1;1;1;1;1;1;1;1
15400000;1;01/07/2017;;1;1;873;482;686;7;31;2;2;2;;0;872;836;833;830;846;864;873;861;834;799;766;733;716;687;675;649;647;643;632;620;598;562;552;580;591;582;552;532;519;504;482;2;2;2;2;2;2;2;2;2;2;2;2;2;2;2;2;2;2;2;2;2;2;2;2;2;2;2;2;2;2;2
15400000;2;01/06/2017;;1;1;1213;915;1089;1;29;1;1;1;;;1213;1202;1198;1205;1190;1159;1153;1147;1130;1118;1100;1083;1072;1104;1140;1155;1130;1103;1077;1088;1070;1045;1018;991;995;995;983;950;915;930;;1;1;1;1;1;1;1;1;1;1;1;1;1;1;1;1;1;1;1;1;1;1;1;1;1;1;1;1;1;1;
15400000;1;01/06/2017;07:00;0;1;1214;872;1089;1;30;0;0;0;;0;1214;1204;1194;1206;1192;1166;1154;1148;1132;1124;1098;1070;1074;1106;1122;1152;1132;1108;1078;1086;1064;1046;1020;994;992;1008;984;958;912;872;;1;1;1;1;1;1;1;1;1;1;1;1;1;1;1;1;1;1;1;1;1;1;1;1;1;1;1;1;1;1;0
15400000;1;01/06/2017;17:00;0;1;1214;872;1089;1;30;0;0;0;;0;1212;1200;1202;1204;1188;1152;1152;1146;1128;1112;1102;1096;1070;1102;1158;1158;1128;1098;1076;1090;1076;1044;1016;988;998;982;982;942;918;988;;1;1;1;1;1;1;1;1;1;1;1;1;1;1;1;1;1;1;1;1;1;1;1;1;1;1;1;1;1;1;0
15400000;1;01/06/2017;;1;1;1214;872;1089;1;30;0;0;0;;0;1213;1202;1198;1205;1190;1159;1153;1147;1130;1118;1100;1083;1072;1104;1140;1155;1130;1103;1077;1088;1070;1045;1018;991;995;995;983;950;915;930;;1;1;1;1;1;1;1;1;1;1;1;1;1;1;1;1;1;1;1;1;1;1;1;1;1;1;1;1;1;1;0
15400000;2;01/05/2017;;1;1;1450;1230;1311;1;31;1;1;1;;;1450;1432;1417;1407;1399;1369;1350;1317;1295;1286;1292;1272;1256;1245;1247;1258;1265;1278;1309;1322;1318;1305;1301;1294;1302;1323;1317;1293;1261;1233;1230;1;1;1;1;1;1;1;1;1;1;1;1;1;1;1;1;1;1;1;1;1;1;1;1;1;1;1;1;1;1;1
15400000;1;01/05/2017;07:00;0;1;1458;1228;1311;1;31;0;0;0;;0;1442;1434;1418;1414;1402;1372;1352;1322;1292;1284;1294;1274;1254;1244;1248;1250;1264;1270;1299;1320;1322;1308;1298;1292;1294;1316;1318;1302;1268;1232;1232;1;1;1;1;1;1;1;1;1;1;1;1;1;1;1;1;1;1;1;1;1;1;1;1;1;1;1;1;1;1;1
15400000;1;01/05/2017;17:00;0;1;1458;1228;1311;1;31;0;0;0;;0;1458;1430;1416;1399;1396;1366;1348;1312;1298;1288;1290;1270;1258;1246;1246;1266;1266;1286;1318;1324;1314;1302;1304;1296;1310;1330;1316;1284;1254;1234;1228;1;1;1;1;1;1;1;1;1;1;1;1;1;1;1;1;1;1;1;1;1;1;1;1;1;1;1;1;1;1;1
15400000;1;01/05/2017;;1;1;1458;1228;1311;1;31;0;0;0;;0;1450;1432;1417;1407;1399;1369;1350;1317;1295;1286;1292;1272;1256;1245;1247;1258;1265;1278;1309;1322;1318;1305;1301;1294;1302;1323;1317;1293;1261;1233;1230;1;1;1;1;1;1;1;1;1;1;1;1;1;1;1;1;1;1;1;1;1;1;1;1;1;1;1;1;1;1;1
15400000;2;01/04/2017;;1;1;1509;1409;1457;19;25;1;1;1;;;1433;1430;1425;1467;1464;1465;1462;1460;1460;1452;1474;1466;1465;1458;1472;1484;1504;1505;1509;1489;1476;1465;1439;1416;1409;1409;1421;1442;1444;1447;;1;1;1;1;1;1;1;1;1;1;1;1;1;1;1;1;1;1;1;1;1;1;1;1;1;1;1;1;1;1;
15400000;1;01/04/2017;07:00;0;1;1510;1398;1457;19;25;0;0;0;;0;1422;1432;1436;1462;1466;1464;1464;1458;1456;1444;1468;1472;1466;1452;1470;1478;1502;1504;1508;1486;1480;1454;1436;1410;1398;1408;1414;1440;1442;1444;;1;1;1;1;1;1;1;1;1;1;1;1;1;1;1;1;1;1;1;1;1;1;1;1;1;1;1;1;1;1;0
15400000;1;01/04/2017;17:00;0;1;1510;1398;1457;19;25;0;0;0;;0;1444;1428;1414;1472;1462;1466;1460;1462;1464;1460;1480;1460;1464;1464;1474;1490;1506;1506;1510;1492;1472;1476;1442;1422;1420;1410;1428;1444;1446;1450;;1;1;1;1;1;1;1;1;1;1;1;1;1;1;1;1;1;1;1;1;1;1;1;1;1;1;1;1;1;1;0
15400000;1;01/04/2017;;1;1;1510;1398;1457;19;25;0;0;0;;0;1433;1430;1425;1467;1464;1465;1462;1460;1460;1452;1474;1466;1465;1458;1472;1484;1504;1505;1509;1489;1476;1465;1439;1416;1409;1409;1421;1442;1444;1447;;1;1;1;1;1;1;1;1;1;1;1;1;1;1;1;1;1;1;1;1;1;1;1;1;1;1;1;1;1;1;0
15400000;2;01/03/2017;;1;1;1510;1425;1467;24;1;1;1;1;;;1425;1447;1459;1461;1451;1470;1477;1500;1492;1494;1473;1473;1462;1464;1457;1461;1462;1453;1443;1455;1468;1486;1503;1510;1506;1479;1460;1465;1452;1441;1433;1;1;1;1;1;1;1;1;1;1;1;1;1;1;1;1;1;1;1;1;1;1;1;1;1;1;1;1;1;1;1
15400000;1;01/03/2017;07:00;0;1;1512;1422;1467;24;1;0;0;0;;0;1428;1446;1458;1454;1444;1464;1474;1498;1490;1492;1472;1470;1464;1462;1446;1482;1456;1454;1442;1448;1464;1484;1502;1508;1504;1480;1470;1466;1446;1444;1434;1;1;1;1;1;1;1;1;1;1;1;1;1;1;1;1;1;1;1;1;1;1;1;1;1;1;1;1;1;1;1
15400000;1;01/03/2017;17:00;0;1;1512;1422;1467;24;1;0;0;0;;0;1422;1448;1460;1468;1458;1476;1480;1502;1494;1496;1474;1476;1460;1466;1468;1440;1468;1452;1444;1462;1472;1488;1504;1512;1508;1478;1450;1464;1458;1438;1432;1;1;1;1;1;1;1;1;1;1;1;1;1;1;1;1;1;1;1;1;1;1;1;1;1;1;1;1;1;1;1
15400000;1;01/03/2017;;1;1;1512;1422;1467;24;1;0;0;0;;0;1425;1447;1459;1461;1451;1470;1477;1500;1492;1494;1473;1473;1462;1464;1457;1461;1462;1453;1443;1455;1468;1486;1503;1510;1506;1479;1460;1465;1452;1441;1433;1;1;1;1;1;1;1;1;1;1;1;1;1;1;1;1;1;1;1;1;1;1;1;1;1;1;1;1;1;1;1
15400000;2;01/02/2017;;1;1;1470;1058;1208;28;7;1;1;1;;;1144;1157;1159;1143;1107;1070;1058;1079;1099;1107;1115;1156;1153;1161;1153;1147;1194;1259;1291;1299;1312;1315;1301;1305;1320;1352;1386;1470;;;;1;1;1;1;1;1;1;1;1;1;1;1;1;1;1;1;1;1;1;1;1;1;1;1;1;1;1;1;;;
15400000;1;01/02/2017;07:00;0;1;1474;1056;1208;28;7;0;0;0;;0;1154;1150;1162;1138;1112;1076;1056;1064;1104;1090;1098;1148;1150;1160;1152;1146;1174;1252;1286;1298;1308;1318;1302;1297;1322;1348;1380;1466;;;;;;;;;;;;;;;;;;;;;;;;;;;;;;;;0;0;0
15400000;1;01/02/2017;17:00;0;1;1474;1056;1208;28;7;0;0;0;;0;1134;1164;1156;1148;1102;1064;1060;1094;1094;1124;1132;1164;1156;1162;1154;1148;1214;1266;1296;1300;1316;1312;1299;1312;1318;1356;1392;1474;;;;;;;;;;;;;;;;;;;;;;;;;;;;;;;;0;0;0
15400000;1;01/02/2017;;1;1;1474;1056;1208;28;7;0;0;0;;0;1144;1157;1159;1143;1107;1070;1058;1079;1099;1107;1115;1156;1153;1161;1153;1147;1194;1259;1291;1299;1312;1315;1301;1305;1320;1352;1386;1470;;;;;;;;;;;;;;;;;;;;;;;;;;;;;;;;0;0;0
15400000;2;01/01/2017;;1;1;1236;798;1078;14;1;1;1;1;;;798;877;942;997;999;1023;1006;1007;1005;999;1039;1122;1195;1236;1207;1231;1192;1188;1156;1160;1153;1135;1115;1095;1083;1045;1050;1062;1067;1077;1167;1;1;1;1;1;1;1;1;1;1;1;1;1;1;1;1;1;1;1;1;1;1;1;1;1;1;1;1;1;1;1
15400000;1;01/01/2017;07:00;0;1;1254;794;1078;14;1;0;0;0;;0;802;858;938;992;998;1004;1008;1012;1006;992;1034;1096;1182;1218;1210;1230;1198;1204;1160;1154;1160;1132;1120;1092;1094;1050;1046;1056;1066;1050;1166;;;;;;;;;;;;;;;;;;;;;;;;;;;;;;;
15400000;1;01/01/2017;17:00;0;1;1254;794;1078;14;1;0;0;0;;0;794;896;946;1002;1000;1042;1004;1002;1004;1006;1044;1148;1208;1254;1204;1232;1186;1172;1152;1166;1146;1138;1110;1098;1072;1040;1054;1068;1068;1104;1168;;;;;;;;;;;;;;;;;;;;;;;;;;;;;;;
15400000;1;01/01/2017;;1;1;1254;794;1078;14;1;0;0;0;;0;798;877;942;997;999;1023;1006;1007;1005;999;1039;1122;1195;1236;1207;1231;1192;1188;1156;1160;1153;1135;1115;1095;1083;1045;1050;1062;1067;1077;1167;;;;;;;;;;;;;;;;;;;;;;;;;;;;;;;
15400000;2;01/12/2016;;1;1;795;517;629;31;6;1;1;1;;;565;542;539;524;537;517;521;525;563;565;550;585;636;578;608;580;674;619;640;640;704;730;706;703;676;695;706;734;762;785;795;1;1;1;1;1;1;1;1;1;1;1;1;1;1;1;1;1;1;1;1;1;1;1;1;1;1;1;1;1;1;1
15400000;1;01/12/2016;07:00;0;1;806;516;629;31;6;0;0;0;;0;572;544;546;530;542;518;522;524;564;564;546;578;640;534;602;576;670;614;650;629;686;710;710;708;674;692;702;738;742;794;806;1;1;1;1;1;1;1;1;1;1;1;1;1;1;1;1;1;1;1;1;1;1;1;1;1;1;1;1;1;1;1
15400000;1;01/12/2016;17:00;0;1;806;516;629;31;6;0;0;0;;0;558;540;532;518;532;516;520;526;562;566;554;592;632;622;614;584;678;624;630;650;722;750;702;698;678;698;710;730;782;776;784;1;1;1;1;1;1;1;1;1;1;1;1;1;1;1;1;1;1;1;1;1;1;1;1;1;1;1;1;1;1;1
15400000;1;01/12/2016;;1;1;806;516;629;31;6;0;0;0;;0;565;542;539;524;537;517;521;525;563;565;550;585;636;578;608;580;674;619;640;640;704;730;706;703;676;695;706;734;762;785;795;1;1;1;1;1;1;1;1;1;1;1;1;1;1;1;1;1;1;1;1;1;1;1;1;1;1;1;1;1;1;1
15400000;2;01/11/2016;;1;1;581;317;416;30;17;1;1;1;;;338;337;353;435;452;460;430;404;382;389;392;382;363;357;340;320;317;331;333;364;408;471;508;504;504;502;497;507;526;581;;1;1;1;1;1;1;1;1;1;1;1;1;1;1;1;1;1;1;1;1;1;1;1;1;1;1;1;1;1;1;
15400000;1;01/11/2016;;1;1;581;317;416;30;17;2;2;2;;0;338;337;353;435;452;460;430;404;382;389;392;382;363;357;340;320;317;331;333;364;408;471;508;504;504;502;497;507;526;581;;2;2;2;2;2;2;2;2;2;2;2;2;2;2;2;2;2;2;2;2;2;2;2;2;2;2;2;2;2;2;
15400000;2;01/10/2016;;1;1;338;209;272;31;1;1;1;1;;;209;216;210;209;221;240;227;248;237;242;229;265;317;282;301;277;270;273;273;271;273;283;317;314;312;307;318;333;314;319;338;1;1;1;1;1;1;1;1;1;1;1;1;1;1;1;1;1;1;1;1;1;1;1;1;1;1;1;1;1;1;1
15400000;1;01/10/2016;;1;1;338;209;272;31;1;2;2;2;;0;209;216;210;209;221;240;227;248;237;242;229;265;317;282;301;277;270;273;273;271;273;283;317;314;312;307;318;333;314;319;338;2;2;2;2;2;2;2;2;2;2;2;2;2;2;2;2;2;2;2;2;2;2;2;2;2;2;2;2;2;2;2
15400000;2;01/09/2016;;1;1;287;193;235;17;5;1;1;1;;;248;223;229;212;193;220;235;256;256;254;239;237;256;252;268;264;287;262;249;241;233;227;214;216;225;220;212;215;212;195;;1;1;1;1;1;1;1;1;1;1;1;1;1;1;1;1;1;1;1;1;1;1;1;1;1;1;1;1;1;1;
15400000;1;01/09/2016;;1;1;287;193;235;17;5;2;2;2;;0;248;223;229;212;193;220;235;256;256;254;239;237;256;252;268;264;287;262;249;241;233;227;214;216;225;220;212;215;212;195;;2;2;2;2;2;2;2;2;2;2;2;2;2;2;2;2;2;2;2;2;2;2;2;2;2;2;2;2;2;2;
15400000;2;01/08/2016;;1;1;332;217;273;20;26;1;1;1;;;330;320;304;297;285;299;294;269;285;277;267;245;252;260;222;226;256;282;318;332;315;290;287;267;253;217;233;249;241;244;233;1;1;1;1;1;1;1;1;1;1;1;1;1;1;1;1;1;1;1;1;1;1;1;1;1;1;1;1;1;1;1
15400000;1;01/08/2016;07:00;0;1;338;214;273;20;26;0;0;0;;0;332;322;302;302;298;294;306;264;284;284;262;254;246;254;226;224;244;266;322;326;322;298;286;274;256;220;222;248;236;244;240;;;;;;;;;;;;;;;;;;;;;;;;;;;;;;;
15400000;1;01/08/2016;17:00;0;1;338;214;273;20;26;0;0;0;;0;328;318;306;292;272;304;282;274;286;270;272;236;258;266;218;228;268;298;314;338;308;282;288;260;250;214;244;250;246;244;226;;;;;;;;;;;;;;;;;;;;;;;;;;;;;;;
15400000;1;01/08/2016;;1;1;338;214;273;20;26;0;0;0;;0;330;320;304;297;285;299;294;269;285;277;267;245;252;260;222;226;256;282;318;332;315;290;287;267;253;217;233;249;241;244;233;;;;;;;;;;;;;;;;;;;;;;;;;;;;;;;
15400000;2;01/07/2016;;1;1;582;336;465;5;31;1;1;1;;;545;516;512;532;582;576;549;548;501;501;471;445;459;479;522;512;488;474;445;433;416;420;420;415;412;404;394;385;360;356;336;1;1;1;1;1;1;1;1;1;1;1;1;1;1;1;1;1;1;1;1;1;1;1;1;1;1;1;1;1;1;1
15400000;1;01/07/2016;07:00;0;1;586;326;465;6;31;0;0;0;;0;544;520;514;526;580;586;550;546;504;502;472;456;456;466;506;508;484;476;446;436;412;426;410;406;426;410;404;382;356;360;326;;;;;;;;;;;;;;;;;;;;;;;;;;;;;;;
15400000;1;01/07/2016;17:00;0;1;586;326;465;6;31;0;0;0;;0;546;512;510;538;584;566;548;550;498;499;470;434;462;492;538;516;492;472;444;430;420;414;430;424;398;398;384;388;364;352;346;;;;;;;;;;;;;;;;;;;;;;;;;;;;;;;
15400000;1;01/07/2016;;1;1;586;326;465;6;31;0;0;0;;0;545;516;512;532;582;576;549;548;501;501;471;445;459;479;522;512;488;474;445;433;416;420;420;415;412;404;394;385;360;356;336;;;;;;;;;;;;;;;;;;;;;;;;;;;;;;;
15400000;2;01/06/2016;;1;1;955;541;769;12;30;1;1;1;;;933;905;900;906;886;858;821;799;793;828;900;955;931;897;848;823;801;743;730;698;693;653;641;643;616;597;583;571;567;541;;1;1;1;1;1;1;1;1;1;1;1;1;1;1;1;1;1;1;1;1;1;1;1;1;1;1;1;1;1;1;
15400000;1;01/06/2016;17:00;0;1;962;540;769;12;30;0;0;0;;0;930;902;894;914;882;856;828;804;790;836;924;962;924;894;832;816;804;736;728;696;682;634;630;644;614;602;582;568;564;542;;;;;;;;;;;;;;;;;;;;;;;;;;;;;;;;0
15400000;1;01/06/2016;07:00;0;1;962;540;769;12;30;0;0;0;;0;936;908;906;898;890;860;814;794;796;820;876;948;938;899;864;830;798;750;732;699;704;672;652;642;618;592;584;574;570;540;;;;;;;;;;;;;;;;;;;;;;;;;;;;;;;;0
15400000;1;01/06/2016;;1;1;962;540;769;12;30;0;0;0;;0;933;905;900;906;886;858;821;799;793;828;900;955;931;897;848;823;801;743;730;698;693;653;641;643;616;597;583;571;567;541;;;;;;;;;;;;;;;;;;;;;;;;;;;;;;;;0
15400000;2;01/05/2016;;1;1;1381;932;1143;1;31;1;1;1;;;1381;1380;1356;1319;1288;1238;1241;1212;1161;1139;1117;1086;1072;1101;1109;1136;1154;1175;1192;1182;1171;1135;1103;1091;1060;1027;1004;973;952;942;932;1;1;1;1;1;1;1;1;1;1;1;1;1;1;1;1;1;1;1;1;1;1;1;1;1;1;1;1;1;1;1
15400000;1;01/05/2016;17:00;0;1;1388;926;1143;2;31;0;0;0;;0;1382;1388;1346;1316;1282;1244;1236;1194;1148;1136;1118;1088;1062;1114;1124;1142;1158;1184;1194;1174;1170;1128;1086;1088;1068;1026;996;976;962;932;926;;;;;;;;;;;;;;;;;;;;;;;;;;;;;;;
15400000;1;01/05/2016;07:00;0;1;1388;926;1143;2;31;0;0;0;;0;1380;1372;1366;1322;1294;1232;1246;1230;1174;1142;1116;1084;1082;1088;1094;1130;1150;1166;1190;1190;1172;1142;1120;1094;1052;1028;1012;970;942;952;938;;;;;;;;;;;;;;;;;;;;;;;;;;;;;;;
15400000;1;01/05/2016;;1;1;1388;926;1143;2;31;0;0;0;;0;1381;1380;1356;1319;1288;1238;1241;1212;1161;1139;1117;1086;1072;1101;1109;1136;1154;1175;1192;1182;1171;1135;1103;1091;1060;1027;1004;973;952;942;932;;;;;;;;;;;;;;;;;;;;;;;;;;;;;;;
15400000;2;01/04/2016;;1;1;1459;1294;1349;1;14;1;1;1;;;1459;1459;1443;1416;1407;1403;1391;1371;1344;1343;1336;1338;1334;1294;1296;1298;1306;1312;1310;1333;1330;1321;1312;1315;1320;1344;1345;1329;1321;1343;;1;1;1;1;1;1;1;1;1;1;1;1;1;1;1;1;1;1;1;1;1;1;1;1;1;1;1;1;1;1;
15400000;1;01/04/2016;07:00;0;1;1462;1292;1349;1;14;0;0;0;;0;1456;1458;1444;1414;1402;1404;1394;1374;1344;1342;1334;1334;1332;1296;1294;1302;1304;1314;1302;1320;1318;1324;1314;1314;1318;1342;1338;1326;1316;1338;;;;;;;;;;;;;;;;;;;;;;;;;;;;;;;;0
15400000;1;01/04/2016;17:00;0;1;1462;1292;1349;1;14;0;0;0;;0;1462;1460;1442;1418;1412;1402;1388;1368;1344;1344;1338;1342;1336;1292;1298;1294;1308;1310;1318;1346;1342;1318;1310;1316;1322;1346;1352;1332;1326;1348;;;;;;;;;;;;;;;;;;;;;;;;;;;;;;;;0
15400000;1;01/04/2016;;1;1;1462;1292;1349;1;14;0;0;0;;0;1459;1459;1443;1416;1407;1403;1391;1371;1344;1343;1336;1338;1334;1294;1296;1298;1306;1312;1310;1333;1330;1321;1312;1315;1320;1344;1345;1329;1321;1343;;;;;;;;;;;;;;;;;;;;;;;;;;;;;;;;0
15400000;2;01/03/2016;;1;1;1548;1373;1465;11;27;1;1;1;;;1409;1435;1448;1464;1491;1499;1507;1514;1528;1544;1548;1535;1526;1517;1519;1516;1513;1512;1504;1506;1443;1412;1385;1381;1386;1382;1373;1383;1386;1418;1445;1;1;1;1;1;1;1;1;1;1;1;1;1;1;1;1;1;1;1;1;1;1;1;1;1;1;1;1;1;1;1
15400000;1;01/03/2016;07:00;0;1;1554;1370;1465;11;27;0;0;0;;0;1394;1426;1440;1458;1488;1494;1508;1512;1526;1536;1542;1536;1528;1518;1524;1518;1512;1510;1506;1508;1448;1420;1392;1374;1398;1386;1370;1380;1392;1412;1438;;;;;;;;;;;;;;;;;;;;;;;;;;;;;;;
15400000;1;01/03/2016;17:00;0;1;1554;1370;1465;11;27;0;0;0;;0;1424;1444;1456;1470;1494;1504;1506;1515;1530;1552;1554;1534;1524;1515;1514;1514;1514;1514;1502;1504;1438;1404;1378;1388;1374;1378;1376;1386;1380;1424;1452;;;;;;;;;;;;;;;;;;;;;;;;;;;;;;;
15400000;1;01/03/2016;;1;1;1554;1370;1465;11;27;0;0;0;;0;1409;1435;1448;1464;1491;1499;1507;1514;1528;1544;1548;1535;1526;1517;1519;1516;1513;1512;1504;1506;1443;1412;1385;1381;1386;1382;1373;1383;1386;1418;1445;;;;;;;;;;;;;;;;;;;;;;;;;;;;;;;
15400000;2;01/02/2016;;1;1;1395;993;1239;29;2;1;1;1;;;1001;993;1005;1043;1121;1169;1208;1235;1258;1277;1313;1322;1320;1319;1306;1290;1301;1296;1269;1238;1233;1247;1271;1274;1275;1274;1331;1338;1395;;;1;1;1;1;1;1;1;1;1;1;1;1;1;1;1;1;1;1;1;1;1;1;1;1;1;1;1;1;1;;
15400000;1;01/02/2016;07:00;0;1;1408;980;1239;29;1;3;3;3;;0;980;982;994;1036;1116;1146;1202;1226;1248;1274;1304;1326;1332;1332;1310;1284;1302;1298;1268;1260;1240;1224;1264;1266;1264;1268;1322;1334;1382;;;;;;;;;;;;;;;;;;3;;;;;;;;;;;;;;0;0
15400000;1;01/02/2016;17:00;0;1;1408;980;1239;29;1;3;3;3;;0;1022;1004;1016;1050;1126;1192;1214;1244;1268;1280;1322;1318;1308;1306;1302;1296;1300;1294;1270;1216;1226;1270;1278;1282;1286;1280;1340;1342;1408;;;;;;;;;;;;;;;;;;;;;;;;;;;;;;;;0;0
15400000;1;01/02/2016;;1;1;1408;980;1239;29;1;3;3;3;;0;1001;993;1005;1043;1121;1169;1208;1235;1258;1277;1313;1322;1320;1319;1306;1290;1301;1296;1269;1238;1233;1247;1271;1274;1275;1274;1331;1338;1395;;;;;;;;;;;;;;;;;;3;;;;;;;;;;;;;;0;0
15400000;2;01/01/2016;;1;1;1165;917;1012;25;1;1;1;1;;;917;932;919;925;929;957;965;982;951;970;955;923;942;948;965;1014;1036;1081;1100;1105;1092;1100;1120;1140;1165;1156;1095;1038;1002;974;975;1;1;1;1;1;1;1;1;1;1;1;1;1;1;1;1;1;1;1;1;1;1;1;1;1;1;1;1;1;1;1
15400000;1;01/01/2016;07:00;0;1;1176;912;1012;25;1;0;0;0;;0;922;930;920;926;914;942;966;962;936;972;950;912;932;942;958;1004;1030;1074;1098;1106;1082;1096;1112;1136;1154;1174;1108;1044;1014;960;966;;;;;;;;;;;;;;;;;;;;;;;;;;;;;;;
15400000;1;01/01/2016;17:00;0;1;1176;912;1012;25;1;0;0;0;;0;912;934;918;924;944;972;964;1002;966;968;960;934;952;954;972;1024;1042;1088;1102;1104;1102;1104;1128;1144;1176;1138;1082;1032;990;988;984;;;;;;;;;;;;;;;;;;;;;;;;;;;;;;;
15400000;1;01/01/2016;;1;1;1176;912;1012;25;1;0;0;0;;0;917;932;919;925;929;957;965;982;951;970;955;923;942;948;965;1014;1036;1081;1100;1105;1092;1100;1120;1140;1165;1156;1095;1038;1002;974;975;;;;;;;;;;;;;;;;;;;;;;;;;;;;;;;
15400000;2;01/12/2015;;1;1;852;515;706;30;4;1;1;1;;;545;533;523;515;595;771;825;789;755;706;725;719;705;732;744;695;683;666;665;620;633;646;715;669;732;789;831;840;842;852;824;1;1;1;1;1;1;1;1;1;1;1;1;1;1;1;1;1;1;1;1;1;1;1;1;1;1;1;1;1;1;1
15400000;1;01/12/2015;07:00;0;1;872;508;706;30;4;0;0;0;;0;542;534;530;522;538;750;822;806;754;708;676;672;702;724;766;692;684;668;666;618;636;648;720;670;728;780;836;828;838;832;828;;;;;;;;;;;;;;;;;;;;;;;;;;;;;;;
15400000;1;01/12/2015;17:00;0;1;872;508;706;30;4;0;0;0;;0;548;532;516;508;652;792;828;772;756;704;774;766;708;740;722;698;682;664;664;622;630;644;710;668;736;798;826;852;846;872;820;;;;;;;;;;;;;;;;;;;;;;;;;;;;;;;
15400000;1;01/12/2015;;1;1;872;508;706;30;4;0;0;0;;0;545;533;523;515;595;771;825;789;755;706;725;719;705;732;744;695;683;666;665;620;633;646;715;669;732;789;831;840;842;852;824;;;;;;;;;;;;;;;;;;;;;;;;;;;;;;;
15400000;2;01/11/2015;;1;1;753;348;580;12;5;1;1;1;;;371;373;361;351;348;357;389;486;563;672;722;753;743;708;688;671;659;671;683;673;686;641;644;616;610;600;614;596;584;573;;1;1;1;1;1;1;1;1;1;1;1;1;1;1;1;1;1;1;1;1;1;1;1;1;1;1;1;1;1;1;
15400000;1;01/11/2015;17:00;0;1;760;346;580;12;5;0;0;0;;0;372;372;358;350;350;368;408;516;528;696;732;746;756;706;686;662;666;666;692;674;692;628;646;612;618;606;626;614;586;580;;;;;;;;;;;;;;;;;;;;;;;;;;;;;;;;0
15400000;1;01/11/2015;07:00;0;1;760;346;580;12;5;0;0;0;;0;370;374;364;352;346;346;370;456;598;648;712;760;730;710;690;680;652;676;674;672;680;654;642;620;602;594;602;578;582;566;;;;;;;;;;;;;;;;;;;;;;;;;;;;;;;;0
15400000;1;01/11/2015;;1;1;760;346;580;12;5;0;0;0;;0;371;373;361;351;348;357;389;486;563;672;722;753;743;708;688;671;659;671;683;673;686;641;644;616;610;600;614;596;584;573;;;;;;;;;;;;;;;;;;;;;;;;;;;;;;;;0
15400000;2;01/10/2015;;1;1;476;346;413;20;1;1;1;1;;;346;379;366;383;417;419;412;407;375;389;373;386;387;395;421;434;451;467;465;476;454;463;448;440;433;433;419;404;399;389;359;1;1;1;1;1;1;1;1;1;1;1;1;1;1;1;1;1;1;1;1;1;1;1;1;1;1;1;1;1;1;1
15400000;1;01/10/2015;07:00;0;1;480;344;413;20;1;0;0;0;;0;344;380;360;380;412;424;408;412;372;392;370;390;372;399;406;422;454;464;460;472;456;458;452;448;430;440;416;402;408;398;360;;;;;;;;;;;;;;;;;;;;;;;;;;;;;;;
15400000;1;01/10/2015;17:00;0;1;480;344;413;20;1;0;0;0;;0;348;378;372;386;422;414;416;402;378;386;376;382;402;390;436;446;448;470;470;480;452;468;444;432;436;426;422;406;390;380;358;;;;;;;;;;;;;;;;;;;;;;;;;;;;;;;
15400000;1;01/10/2015;;1;1;480;344;413;20;1;0;0;0;;0;346;379;366;383;417;419;412;407;375;389;373;386;387;395;421;434;451;467;465;476;454;463;448;440;433;433;419;404;399;389;359;;;;;;;;;;;;;;;;;;;;;;;;;;;;;;;
15400000;2;01/09/2015;;1;1;600;383;491;1;29;1;1;1;;;600;582;577;565;555;559;534;528;507;506;479;498;470;472;463;469;511;513;515;506;503;459;464;441;424;422;401;415;383;407;;1;1;1;1;1;1;1;1;1;1;1;1;1;1;1;1;1;1;1;1;1;1;1;1;1;1;1;1;1;1;
15400000;1;01/09/2015;07:00;0;1;;;;;;0;0;0;;0;598;592;578;578;554;558;540;524;512;500;478;502;462;482;458;460;494;514;516;508;506;472;468;448;426;424;410;440;;410;;;;;;;;;;;;;;;;;;;;;;;;;;;;;;0;;0
15400000;1;01/09/2015;17:00;0;1;;;;;;0;0;0;;0;602;572;576;552;556;560;528;532;502;512;480;494;478;462;468;478;528;512;514;504;500;446;460;434;422;420;;;402;404;;;;;;;;;;;;;;;;;;;;;;;;;;;;0;0;;;0
15400000;1;01/09/2015;;1;1;603;383;490;1;29;2;2;2;;0;600;582;577;565;555;559;534;528;507;506;479;498;470;472;463;469;511;513;515;506;503;459;464;441;424;422;401;415;383;407;;;;;;;;;;;;;;;;;;;;;;;;;;;;2;2;2;;0
15400000;2;01/08/2015;;1;1;982;605;802;1;31;1;1;1;;;982;975;953;935;896;876;872;835;827;794;722;765;801;837;958;941;876;853;805;785;766;726;708;698;705;703;696;678;647;651;605;1;1;1;1;1;1;1;1;1;1;1;1;1;1;1;1;1;1;1;1;1;1;1;1;1;1;1;1;1;1;1
15400000;1;01/08/2015;07:00;0;1;;;;;;0;0;0;;0;998;972;946;932;904;884;894;832;828;796;708;784;786;806;948;940;890;852;804;802;770;724;702;;706;;;676;662;654;602;;;;;;;;;;;;;;;;;;;;;;;;0;;0;0;;;;
15400000;1;01/08/2015;17:00;0;1;;;;;;0;0;0;;0;966;978;960;938;888;868;850;838;826;792;736;746;816;868;968;942;862;854;806;768;762;728;;;704;;684;680;632;648;608;;;;;;;;;;;;;;;;;;;;;;;0;0;;0;;;;;
15400000;1;01/08/2015;;1;1;978;609;809;1;31;2;2;2;;0;982;975;953;935;896;876;872;835;827;794;722;765;801;837;958;941;876;853;805;785;766;726;708;698;705;703;696;678;647;651;605;;;;;;;;;;;;;;;;;;;;;;;2;2;;2;2;;;;
15400000;2;01/07/2015;;1;1;1289;995;1139;10;30;1;1;1;;;1179;1176;1162;1150;1146;1143;1179;1217;1273;1289;1281;1252;1253;1246;1230;1188;1154;1131;1087;1078;1076;1092;1089;1076;1054;1039;1026;1027;1015;995;1001;1;1;1;1;1;1;1;1;1;1;1;1;1;1;1;1;1;1;1;1;1;1;1;1;1;1;1;1;1;1;1
15400000;1;01/07/2015;07:00;0;1;1286;966;1135;10;30;0;0;0;;0;1180;1168;1150;1144;1150;1136;1158;1198;1264;1286;1278;1242;1248;1250;1240;1192;1153;1124;1074;1084;1070;1090;1092;1070;1056;1040;1024;1012;1014;976;998;;;;;;;;;;;;;;;;;;;;;;;;;;;;;;;
15400000;1;01/07/2015;17:00;0;1;1286;966;1135;10;30;0;0;0;;0;1176;1174;1156;1148;1146;1134;1190;1226;1278;1272;1264;1238;1242;1238;1228;1188;1156;1142;1098;1066;1086;1098;1094;1062;1044;1038;1028;1044;1028;966;966;;;;;;;;;;;;;;;;;;;;;;;;;;;;;;;
15400000;1;01/07/2015;;1;1;1289;995;1139;10;30;2;2;2;;0;1179;1176;1162;1150;1146;1143;1179;1217;1273;1289;1281;1252;1253;1246;1230;1188;1154;1131;1087;1078;1076;1092;1089;1076;1054;1039;1026;1027;1015;995;1001;2;2;2;2;2;2;2;2;2;2;2;2;2;2;2;2;2;2;2;2;2;2;2;2;2;2;2;2;2;2;2
15400000;2;01/06/2015;;1;1;1581;1210;1417;4;30;1;1;1;;;1528;1550;1572;1581;1576;1574;1568;1556;1544;1524;1496;1469;1448;1420;1408;1392;1372;1363;1344;1339;1335;1330;1328;1313;1300;1293;1281;1256;1232;1210;;1;1;1;1;1;1;1;1;1;1;1;1;1;1;1;1;1;1;1;1;1;1;1;1;1;1;1;1;1;1;
15400000;1;01/06/2015;07:00;0;1;1584;1206;1409;4;30;0;0;0;;0;1512;1546;1566;1582;1580;1566;1564;1554;1544;1522;1492;1466;1444;1414;1396;1386;1368;1358;1338;1338;1326;1326;1328;1310;1286;1286;1270;1268;1224;1206;;;;;;;;;;;;;;;;;;;;;;;;;;;;;;;;0
15400000;1;01/06/2015;17:00;0;1;1584;1206;1409;4;30;0;0;0;;0;1506;1550;1574;1584;1568;1568;1562;1552;1532;1514;1482;1458;1438;1408;1390;1378;1356;1352;1332;1324;1328;1322;1314;1292;1298;1280;1276;1232;1214;1208;;;;;;;;;;;;;;;;;;;;;;;;;;;;;;;;0
15400000;1;01/06/2015;;1;1;1581;1210;1417;4;30;2;2;2;;0;1528;1550;1572;1581;1576;1574;1568;1556;1544;1524;1496;1469;1448;1420;1408;1392;1372;1363;1344;1339;1335;1330;1328;1313;1300;1293;1281;1256;1232;1210;;2;2;2;2;2;2;2;2;2;2;2;2;2;2;2;2;2;2;2;2;2;2;2;2;2;2;2;2;2;2;
15400000;2;01/05/2015;;1;1;1661;1483;1572;13;28;1;1;1;;;1553;1543;1540;1538;1545;1530;1540;1570;1602;1626;1644;1660;1661;1653;1644;1630;1633;1631;1614;1599;1580;1563;1558;1540;1523;1505;1485;1483;1493;1512;1523;1;1;1;1;1;1;1;1;1;1;1;1;1;1;1;1;1;1;1;1;1;1;1;1;1;1;1;1;1;1;1
15400000;1;01/05/2015;07:00;0;1;1666;1476;1569;12;27;0;0;0;;0;1548;1550;1538;1532;1556;1524;1530;1574;1598;1620;1640;1654;1662;1654;1646;1634;1638;1632;1618;1604;1578;1562;1556;1540;1516;1498;1476;1478;1476;1502;1518;;;;;;;;;;;;;;;;;;;;;;;;;;;;;;;
15400000;1;01/05/2015;17:00;0;1;1666;1476;1569;12;27;0;0;0;;0;1546;1544;1536;1528;1534;1536;1550;1566;1606;1632;1648;1666;1660;1652;1642;1626;1628;1630;1604;1598;1572;1550;1548;1526;1514;1492;1482;1480;1492;1510;1520;;;;;;;;;;;;;;;;;;;;;;;;;;;;;;;
15400000;1;01/05/2015;;1;1;1661;1483;1572;13;28;2;2;2;;0;1553;1543;1540;1538;1545;1530;1540;1570;1602;1626;1644;1660;1661;1653;1644;1630;1633;1631;1614;1599;1580;1563;1558;1540;1523;1505;1485;1483;1493;1512;1523;2;2;2;2;2;2;2;2;2;2;2;2;2;2;2;2;2;2;2;2;2;2;2;2;2;2;2;2;2;2;2
15400000;2;01/04/2015;;1;1;1597;1524;1557;1;21;1;1;1;;;1597;1592;1590;1580;1575;1564;1559;1557;1554;1548;1553;1566;1574;1578;1571;1572;1567;1556;1545;1534;1524;1529;1534;1542;1543;1534;1524;1537;1548;1556;;1;1;1;1;1;1;1;1;1;1;1;1;1;1;1;1;1;1;1;1;1;1;1;1;1;1;1;1;1;1;
15400000;1;01/04/2015;07:00;0;1;1664;1510;1554;16;21;0;0;0;;0;1588;1590;1586;1568;1574;1558;1552;1550;1548;1542;1546;1562;1568;1576;1566;1664;1562;1544;1538;1528;1522;1518;1524;1534;1536;1538;1518;1526;1542;1552;;;;;;;;;;;;;;;;;;;;;;;;;;;;;;;;0
15400000;1;01/04/2015;17:00;0;1;1664;1510;1554;16;21;0;0;0;;0;1598;1588;1584;1588;1572;1554;1554;1556;1552;1544;1558;1570;1572;1572;1570;1572;1560;1558;1542;1526;1510;1522;1536;1540;1532;1526;1520;1538;1546;1554;;;;;;;;;;;;;;;;;;;;;;;;;;;;;;;;0
15400000;1;01/04/2015;;1;1;1597;1524;1557;1;21;2;2;2;;0;1597;1592;1590;1580;1575;1564;1559;1557;1554;1548;1553;1566;1574;1578;1571;1572;1567;1556;1545;1534;1524;1529;1534;1542;1543;1534;1524;1537;1548;1556;;2;2;2;2;2;2;2;2;2;2;2;2;2;2;2;2;2;2;2;2;2;2;2;2;2;2;2;2;2;2;
15400000;2;01/03/2015;;1;1;1697;1630;1679;7;30;1;1;1;;;1655;1652;1661;1671;1682;1691;1697;1694;1692;1694;1694;1693;1691;1695;1693;1691;1690;1688;1682;1677;1692;1696;1692;1690;1684;1672;1663;1656;1643;1630;1633;1;1;1;1;1;1;1;1;1;1;1;1;1;1;1;1;1;1;1;1;1;1;1;1;1;1;1;1;1;1;1
15400000;1;01/03/2015;07:00;0;1;1706;1602;1680;3;12;0;0;0;;0;1674;1664;1698;1676;1684;1692;1692;1696;1694;1694;1698;1696;1688;1704;1698;1694;1694;1692;1684;1678;1690;1694;1702;1698;1684;1678;1664;1662;1646;1626;1622;;;;;;;;;;;;;;;;;;;;;;;;;;;;;;;
15400000;1;01/03/2015;17:00;0;1;1706;1602;1680;3;12;0;0;0;;0;1650;1672;1706;1680;1688;1694;1702;1698;1696;1696;1692;1602;1696;1690;1690;1692;1690;1686;1680;1680;1692;1704;1692;1688;1682;1672;1662;1656;1638;1636;1618;;;;;;;;;;;;;;;;;;;;;;;;;;;;;;;
15400000;1;01/03/2015;;1;1;1697;1630;1679;7;30;2;2;2;;0;1655;1652;1661;1671;1682;1691;1697;1694;1692;1694;1694;1693;1691;1695;1693;1691;1690;1688;1682;1677;1692;1696;1692;1690;1684;1672;1663;1656;1643;1630;1633;2;2;2;2;2;2;2;2;2;2;2;2;2;2;2;2;2;2;2;2;2;2;2;2;2;2;2;2;2;2;2
15400000;2;01/02/2015;;1;1;1662;1519;1575;27;11;1;1;1;;;1550;1541;1544;1556;1551;1558;1559;1569;1526;1525;1519;1533;1551;1552;1560;1561;1567;1568;1567;1577;1585;1614;1616;1631;1638;1651;1662;1659;;;;1;1;1;1;1;1;1;1;1;1;1;1;1;1;1;1;1;1;1;1;1;1;1;1;1;1;1;1;;;
15400000;1;01/02/2015;07:00;0;1;1676;1520;1583;27;9;0;0;0;;0;1562;1548;1548;1562;1556;1568;1568;1572;1520;1530;1526;1538;1562;1558;1564;1562;1574;1570;1578;1584;1594;1638;1622;1642;1654;1662;1672;1668;;;;;;;;;;;;;;;;;;;;;;;;;;;;;;;;0;0;0
15400000;1;01/02/2015;17:00;0;1;1676;1520;1583;27;9;0;0;0;;0;1556;1550;1556;1570;1552;1566;1570;1560;1538;1536;1528;1550;1560;1556;1570;1576;1578;1580;1572;1588;1598;1612;1628;1642;1648;1664;1676;1666;;;;;;;;;;;;;;;;;;;;;;;;;;;;;;;;0;0;0
15400000;1;01/02/2015;;1;1;1662;1519;1575;27;11;2;2;2;;0;1550;1541;1544;1556;1551;1558;1559;1569;1526;1525;1519;1533;1551;1552;1560;1561;1567;1568;1567;1577;1585;1614;1616;1631;1638;1651;1662;1659;;;;2;2;2;2;2;2;2;2;2;2;2;2;2;2;2;2;2;2;2;2;2;2;2;2;2;2;2;2;;;
15400000;2;01/01/2015;;1;1;1547;1234;1401;30;1;1;1;1;;;1234;1255;1275;1308;1314;1308;1343;1344;1367;1387;1358;1343;1338;1333;1314;1325;1337;1377;1414;1446;1478;1499;1501;1505;1521;1508;1533;1540;1543;1547;1544;1;1;1;1;1;1;1;1;1;1;1;1;1;1;1;1;1;1;1;1;1;1;1;1;1;1;1;1;1;1;1
15400000;1;01/01/2015;07:00;0;1;1556;1198;1400;29;2;0;0;0;;0;1202;1198;1260;1304;1316;1306;1346;1350;1356;1376;1350;1340;1346;1334;1324;1326;1330;1358;1412;1436;1476;1496;1498;1498;1516;1518;1528;1536;1530;1546;1542;1;1;1;1;1;1;1;1;1;1;1;1;1;1;1;1;1;1;1;1;1;1;1;1;1;1;1;1;1;1;1
15400000;1;01/01/2015;17:00;0;1;1556;1198;1400;29;2;0;0;0;;0;1265;1244;1290;1312;1312;1310;1340;1338;1378;1398;1366;1346;1330;1332;1304;1324;1344;1396;1416;1456;1480;1502;1504;1512;1526;1498;1538;1544;1556;1548;1546;1;1;1;1;1;1;1;1;1;1;1;1;1;1;1;1;1;1;1;1;1;1;1;1;1;1;1;1;1;1;1
15400000;1;01/01/2015;;1;1;1547;121;1365;30;2;2;2;2;;0;1234;1255;1275;1308;1314;1308;1343;1344;1367;1387;1358;1343;1338;1333;1314;1325;1337;1377;1414;1446;1478;1499;1501;1505;1521;1508;1533;1540;1543;1547;1544;1;2;1;1;1;1;1;1;1;1;1;1;1;1;1;1;1;1;1;1;1;1;1;1;1;1;1;1;1;1;1
15400000;2;01/12/2014;;1;1;1211;773;977;31;1;2;2;2;0;0;773;827;862;908;915;953;978;972;1015;1004;989;939;914;922;909;934;925;894;905;915;938;960;981;1031;1070;1083;1092;1102;1181;1183;1211;2;2;2;2;2;2;2;2;2;2;2;2;2;2;2;2;2;2;2;2;2;2;2;2;2;2;2;2;2;2;2
15400000;1;01/12/2014;07:00;0;1;;;;;;0;0;0;;0;774;814;840;890;906;964;968;972;1016;1006;1002;942;930;918;910;924;932;892;886;906;896;;966;1022;1050;1086;1098;1096;1172;1178;1204;1;1;1;1;1;1;1;1;1;1;1;1;1;1;1;1;1;1;1;1;1;0;1;1;1;1;1;1;1;1;1
15400000;1;01/12/2014;17:00;0;1;;;;;;0;0;0;;0;760;852;852;898;910;966;994;992;1018;1004;962;928;924;912;904;960;914;890;922;928;980;876;996;1028;1058;1078;1088;1108;1208;1184;1230;1;1;1;1;1;1;1;1;1;1;1;1;1;1;1;1;1;1;1;1;1;1;1;1;1;1;1;1;1;1;1
15400000;1;01/12/2014;;1;1;1217;767;977;31;1;2;2;2;;0;767;833;846;894;908;965;981;982;1017;1005;982;935;927;915;907;942;923;891;904;917;938;978;981;1025;1054;1082;1093;1102;1190;1181;1217;1;1;1;1;1;1;1;1;1;1;1;1;1;1;1;1;1;1;1;1;1;2;1;1;1;1;1;1;1;1;1
15400000;2;01/11/2014;;1;1;771;411;582;30;1;2;2;2;0;0;411;438;426;429;434;460;517;497;511;491;495;489;501;512;509;531;540;558;586;639;741;756;747;737;712;768;764;750;751;771;;2;2;2;2;2;2;2;2;2;2;2;2;2;2;2;2;2;2;2;2;2;2;2;2;2;2;2;2;2;2;
15400000;1;01/11/2014;07:00;0;1;802;399;580;30;1;0;0;0;;0;399;402;422;424;432;436;520;492;520;488;488;490;498;486;512;516;534;544;584;608;714;736;734;746;712;756;778;744;758;748;;1;1;1;1;1;1;1;1;1;1;1;1;1;1;1;1;1;1;1;1;1;1;1;1;1;1;1;1;1;1;0
15400000;1;01/11/2014;17:00;0;1;802;399;580;30;1;0;0;0;;0;408;470;414;430;430;474;514;488;504;490;496;474;496;534;496;544;536;572;586;676;762;762;748;716;714;796;754;752;736;802;;1;1;1;1;1;1;1;1;1;1;1;1;1;1;1;1;1;1;1;1;1;1;1;1;1;1;1;1;1;1;0
15400000;1;01/11/2014;;1;1;776;404;570;26;1;1;1;1;;0;404;436;418;427;431;455;517;490;512;489;492;482;497;510;504;530;535;490;512;489;738;749;741;731;713;776;766;748;747;775;;1;1;1;1;1;1;1;1;1;1;1;1;1;1;1;1;1;1;1;1;1;1;1;1;1;1;1;1;1;1;0
15400000;2;01/10/2014;;1;1;599;408;480;3;13;2;2;2;0;0;542;513;599;547;577;530;530;520;509;490;480;475;408;456;444;506;482;479;458;467;489;469;456;450;453;433;432;415;414;425;423;2;2;2;2;2;2;2;2;2;2;2;2;2;2;2;2;2;2;2;2;2;2;2;2;2;2;2;2;2;2;2
15400000;1;01/10/2014;07:00;0;1;610;390;477;3;13;0;0;0;;0;512;520;610;544;580;516;536;518;504;498;480;480;390;454;428;496;482;472;438;480;468;458;457;426;454;422;438;412;408;414;422;1;1;1;1;1;1;1;1;1;1;1;1;1;1;1;1;1;1;1;1;1;1;1;1;1;1;1;1;1;1;1
15400000;1;01/10/2014;17:00;0;1;610;390;477;3;13;0;0;0;;0;582;494;596;526;576;534;516;520;508;482;476;473;414;460;456;524;474;444;490;440;516;468;448;470;440;436;418;410;412;428;414;1;1;1;1;1;1;1;1;1;1;1;1;1;1;1;1;1;1;1;1;1;1;1;1;1;1;1;1;1;1;1
15400000;1;01/10/2014;;1;1;603;402;477;3;13;1;1;1;;0;547;507;603;535;578;525;526;519;506;490;478;477;402;457;442;510;478;458;464;460;492;463;453;448;447;429;428;411;410;421;418;1;1;1;1;1;1;1;1;1;1;1;1;1;1;1;1;1;1;1;1;1;1;1;1;1;1;1;1;1;1;1
15400000;2;01/09/2014;;1;1;541;424;477;30;18;2;2;2;0;0;533;539;521;522;503;481;458;516;507;436;460;459;449;458;433;442;440;424;450;491;460;455;472;490;478;474;463;464;498;541;;2;2;2;2;2;2;2;2;1;2;2;2;2;2;2;2;2;2;2;2;2;2;2;2;1;2;1;1;2;2;
15400000;1;01/09/2014;07:00;0;1;562;418;476;2;4;0;0;0;;0;546;522;518;418;480;480;461;536;496;430;440;460;450;470;432;442;440;418;422;472;468;434;444;494;476;481;458;459;476;534;;1;1;1;1;1;1;1;1;1;1;1;1;1;1;1;1;1;1;1;1;1;1;1;1;1;1;1;1;1;1;0
15400000;1;01/09/2014;17:00;0;1;562;418;476;2;4;0;0;0;;0;516;562;514;530;514;468;464;524;518;432;490;454;462;448;436;444;444;424;482;508;426;482;502;478;479;464;468;468;524;552;;1;1;1;1;1;1;1;1;1;1;1;1;1;1;1;1;1;1;1;1;1;1;1;1;1;1;1;1;1;1;0
15400000;1;01/09/2014;;1;1;543;421;475;30;18;1;1;1;0;0;531;542;516;474;497;474;463;530;507;431;456;457;456;459;434;443;442;421;452;490;447;458;473;486;478;473;463;464;500;543;;1;1;1;1;1;1;1;1;1;1;1;1;1;1;1;1;1;1;1;1;1;1;1;1;1;1;1;1;1;1;
15400000;2;01/08/2014;;1;1;950;565;740;1;31;2;2;2;0;0;950;902;904;876;859;826;821;809;788;753;762;739;744;729;749;753;778;746;721;685;715;705;686;672;658;632;638;592;599;583;565;2;2;2;1;2;2;2;2;2;2;2;2;2;2;2;2;2;1;2;2;2;2;2;2;2;2;2;2;2;2;2
15400000;1;01/08/2014;07:00;0;1;972;556;738;1;31;0;0;0;;0;948;904;902;878;872;822;804;820;780;764;758;734;756;728;732;746;784;752;728;682;724;690;674;666;662;616;638;590;610;568;568;1;1;1;1;1;1;1;1;1;1;1;1;1;1;1;1;1;1;1;1;1;1;1;1;1;1;1;1;1;1;1
15400000;1;01/08/2014;17:00;0;1;972;556;738;1;31;0;0;0;;0;972;892;910;874;851;836;834;786;794;732;780;742;738;734;774;758;776;740;712;686;708;716;691;660;642;605;634;588;582;570;556;1;1;1;1;1;1;1;1;1;1;1;1;1;1;1;1;1;1;1;1;1;1;1;1;1;1;1;1;1;1;1
15400000;1;01/08/2014;;1;1;960;562;738;1;31;1;1;1;0;0;960;898;906;876;862;829;819;803;787;749;769;738;747;731;753;752;780;746;720;684;716;703;683;663;652;611;636;589;596;569;562;1;1;1;1;1;1;1;1;1;1;1;1;1;1;1;1;1;1;1;1;1;1;1;1;1;1;1;1;1;1;1
15400000;2;01/07/2014;;1;1;1284;913;1124;5;31;2;2;2;0;0;1205;1201;1252;1272;1284;1262;1235;1208;1183;1171;1180;1215;1247;1243;1202;1193;1169;1136;1099;1080;1053;1045;1019;1003;993;988;971;966;928;927;913;2;2;2;2;2;2;2;2;2;2;2;2;2;2;1;1;1;1;2;2;2;2;2;2;2;2;2;2;2;2;1
15400000;1;01/07/2014;07:00;0;1;1282;910;1118;5;29;0;0;0;;0;1202;1186;1234;1264;1282;1260;1232;1198;1162;1152;1168;1204;1244;1246;1206;1194;1172;1154;1102;1074;1052;1046;1006;1010;973;996;964;954;918;928;912;;;;;;;;;;;;;;;;;;;;;;;;;;;;;;;
15400000;1;01/07/2014;17:00;0;1;1282;910;1118;5;29;0;0;0;;0;1196;1208;1266;1276;1262;1248;1208;1212;1188;1180;1172;1214;1242;1226;1198;1192;1166;1118;1104;1069;1038;1028;1016;984;988;957;966;964;910;930;914;;;;;;;;;;;;;;;;;;;;;;;;;;;;;;;
15400000;1;01/07/2014;;1;1;1272;913;1118;5;31;1;1;1;0;0;1199;1197;1250;1270;1272;1254;1220;1205;1175;1166;1170;1209;1243;1236;1202;1193;1169;1136;1103;1072;1045;1037;1011;997;981;977;965;959;914;929;913;1;1;1;1;1;1;1;1;1;1;1;1;1;1;1;1;1;1;1;1;1;1;1;1;1;1;1;1;1;1;1
15400000;2;01/06/2014;;1;1;1578;1219;1423;1;30;2;2;2;0;0;1578;1551;1525;1517;1491;1473;1452;1455;1420;1442;1421;1427;1389;1398;1417;1478;1491;1485;1503;1484;1457;1426;1394;1372;1337;1324;1279;1262;1226;1219;;1;1;1;1;1;1;1;1;1;2;2;2;1;2;1;1;1;1;1;1;1;1;1;1;1;1;1;1;1;1;
15400000;1;01/06/2014;07:00;0;1;;;;;;0;0;0;;0;1584;1558;1518;1522;1498;1480;1450;1438;1418;;;;1366;1384;1436;1488;1490;1484;1502;1488;1462;1436;1402;1380;1344;1328;1286;1264;1230;1224;;;;;;;;;;;0;0;0;;;;;;;;;;;;;;;;;;;0
15400000;1;01/06/2014;17:00;0;1;;;;;;0;0;0;;0;1572;1544;1532;1512;1484;1466;1454;1472;1422;;;;1412;1404;1398;1468;1492;1486;1504;1480;1452;1416;1386;1364;1330;1320;1272;1260;1222;1214;;;;;;;;;;;0;0;0;;;;;;;;;;;;;;;;;;;0
15400000;1;01/06/2014;;1;1;;;;;;0;0;0;0;0;1578;1551;1525;1517;1491;1473;1452;1455;1420;;;;1389;1294;1417;1478;1491;1485;1503;1484;1457;1426;1394;1372;1337;1324;1279;1262;1226;1219;;1;1;1;1;1;1;1;1;1;;;;1;1;1;1;1;1;1;1;1;1;1;1;1;1;1;1;1;1;
15400000;2;01/05/2014;;1;1;1752;1587;1675;1;31;1;1;1;0;0;1752;1751;1737;1725;1721;1712;1728;1731;1734;1734;1708;1696;1700;1697;1692;1685;1671;1659;1640;1636;1624;1614;1627;1642;1645;1629;1616;1615;1621;1603;1587;1;1;1;1;1;1;1;1;1;1;1;1;1;1;1;1;1;1;1;1;1;1;1;1;1;1;1;1;1;1;1
15400000;1;01/05/2014;07:00;0;1;1754;1586;1675;1;31;0;0;0;;0;1750;1752;1742;1726;1721;1722;1726;1732;1736;1738;1712;1698;1698;1694;1690;1688;1672;1658;1638;1634;1622;1616;1628;1634;1646;1628;1618;1617;1622;1602;1586;;;;;;;;;;;;;;;;;;;;;;;;;;;;;;;
15400000;1;01/05/2014;17:00;0;1;1754;1586;1675;1;31;0;0;0;;0;1754;1750;1732;1724;1720;1702;1730;1730;1732;1730;1704;1694;1702;1699;1694;1682;1670;1660;1642;1638;1626;1612;1626;1650;1644;1630;1614;1612;1620;1604;1588;;;;;;;;;;;;;;;;;;;;;;;;;;;;;;;
15400000;1;01/05/2014;;1;1;1752;1587;1675;1;31;1;1;1;0;0;1752;1751;1737;1725;1721;1712;1728;1731;1734;1734;1708;1696;1700;1697;1692;1685;1671;1659;1640;1636;1624;1614;1627;1642;1645;1629;1616;1615;1621;1603;1587;1;1;1;1;1;1;1;1;1;1;1;1;1;1;1;1;1;1;1;1;1;1;1;1;1;1;1;1;1;1;1
15400000;2;01/04/2014;;1;1;1963;1750;1868;1;30;1;1;1;0;0;1963;1963;1957;1954;1949;1952;1952;1947;1945;1941;1935;1926;1914;1905;1893;1874;1849;1830;1824;1822;1819;1807;1792;1777;1765;1763;1771;1755;1754;1750;;1;1;1;1;1;1;1;1;1;1;1;1;1;1;1;1;1;1;1;1;1;1;1;1;1;1;1;1;1;1;
15400000;1;01/04/2014;07:00;0;1;;;;;;0;0;0;;0;1964;1968;1958;1956;1950;1950;1954;1946;1946;1942;1936;1930;1916;1908;1896;1880;1852;1834;1824;1822;1820;1808;;1784;1762;1762;1774;1752;1754;1748;;1;1;1;1;1;1;1;1;1;1;1;1;1;1;1;1;1;1;1;1;1;1;0;1;1;1;1;1;1;1;0
15400000;1;01/04/2014;17:00;0;1;;;;;;0;0;0;;0;1962;1958;1956;1952;1948;1953;1950;1948;1944;1940;1934;1922;1912;1902;1890;1868;1846;1826;1824;1822;1818;1806;;1770;1768;1764;1768;1758;1754;1752;;1;1;1;1;1;1;1;1;1;1;1;1;1;1;1;1;1;1;1;1;1;1;0;1;1;1;1;1;1;1;0
15400000;1;01/04/2014;;1;1;1963;1750;1868;1;30;2;2;2;0;0;1963;1963;1957;1954;1949;1952;1952;1947;1945;1941;1935;1926;1914;1905;1893;1874;1849;1830;1824;1822;1819;1807;1792;1777;1765;1763;1771;1755;1754;1750;;1;1;1;1;1;1;1;1;1;1;1;1;1;1;1;1;1;1;1;1;1;1;2;1;1;1;1;1;1;1;
15400000;2;01/03/2014;;1;1;1969;1866;1918;30;1;1;1;1;0;0;1866;1867;1868;1873;1880;1885;1889;1889;1895;1896;1903;1907;1906;1909;1910;1912;1912;1917;1923;1932;1937;1941;1947;1953;1960;1963;1966;1966;1965;1969;1965;1;1;1;1;1;1;1;1;1;1;1;1;1;1;1;1;1;1;1;1;1;1;1;1;1;1;1;1;1;1;1
15400000;1;01/03/2014;07:00;0;1;1970;1864;1918;30;1;0;0;0;;0;1864;1866;1866;1872;1878;1884;1888;1888;1894;1894;1902;1908;1904;1910;1910;1912;1913;1918;1922;1930;1936;1941;1946;1952;1958;1962;1966;1968;1966;1968;1966;1;1;1;1;1;1;1;1;1;1;1;1;1;1;1;1;1;1;1;1;1;1;1;1;1;1;1;1;1;1;1
15400000;1;01/03/2014;17:00;0;1;1970;1864;1918;30;1;0;0;0;;0;1868;1868;1870;1874;1882;1886;1890;1890;1896;1898;1904;1906;1908;1908;1910;1912;1911;1916;1924;1934;1938;1941;1948;1954;1962;1964;1966;1964;1964;1970;1964;1;1;1;1;1;1;1;1;1;1;1;1;1;1;1;1;1;1;1;1;1;1;1;1;1;1;1;1;1;1;1
15400000;1;01/03/2014;;1;1;1969;1866;1918;30;1;1;1;1;0;0;1866;1867;1868;1873;1880;1885;1889;1889;1895;1896;1903;1907;1906;1909;1910;1912;1912;1917;1923;1932;1937;1941;1947;1953;1960;1963;1966;1966;1965;1969;1965;1;1;1;1;1;1;1;1;1;1;1;1;1;1;1;1;1;1;1;1;1;1;1;1;1;1;1;1;1;1;1
15400000;2;01/02/2014;;1;1;1861;1564;1730;27;1;1;1;1;0;0;1564;1578;1590;1600;1616;1622;1649;1660;1675;1677;1696;1700;1717;1738;1750;1748;1769;1777;1786;1796;1810;1819;1839;1845;1851;1857;1861;1860;;;;1;1;1;1;1;1;1;1;1;1;1;1;1;1;1;1;1;1;1;1;1;1;1;1;1;1;1;1;;;
15400000;1;01/02/2014;07:00;0;1;1862;1562;1730;27;1;0;0;0;;0;1562;1576;1582;1596;1610;1620;1646;1656;1674;1672;1694;1702;1712;1736;1748;1754;1764;1776;1784;1793;1808;1816;1830;1846;1851;1858;1860;1859;;;;1;1;1;1;1;1;1;1;1;1;1;1;1;1;1;1;1;1;1;1;1;1;1;1;1;1;1;1;0;0;0
15400000;1;01/02/2014;17:00;0;1;1862;1562;1730;27;1;0;0;0;;0;1566;1580;1598;1604;1622;1624;1652;1664;1676;1682;1698;1698;1722;1740;1752;1742;1774;1778;1788;1798;1812;1822;1847;1844;1850;1856;1862;1861;;;;1;1;1;1;1;1;1;1;1;1;1;1;1;1;1;1;1;1;1;1;1;1;1;1;1;1;1;1;0;0;0
15400000;1;01/02/2014;;1;1;1861;1564;1730;27;1;1;1;1;0;0;1564;1578;1590;1600;1616;1622;1649;1660;1675;1677;1696;1700;1717;1738;1750;1748;1769;1777;1786;1796;1810;1819;1839;1845;1851;1857;1861;1860;;;;1;1;1;1;1;1;1;1;1;1;1;1;1;1;1;1;1;1;1;1;1;1;1;1;1;1;1;1;;;
15400000;2;01/01/2014;;1;1;1560;1262;1459;31;4;1;1;1;0;0;1313;1287;1266;1262;1318;1318;1426;1447;1457;1460;1471;1470;1486;1470;1485;1500;1507;1508;1503;1496;1519;1514;1517;1520;1518;1513;1521;1527;1533;1550;1560;1;1;1;1;1;1;1;1;1;1;1;1;1;1;1;1;1;1;1;1;1;1;1;1;1;1;1;1;1;1;1
15400000;1;01/01/2014;07:00;0;1;1566;1258;1462;31;4;0;0;0;;0;1316;1298;1268;1258;1302;1374;1418;1436;1452;1456;1464;1476;1484;1462;1482;1502;1506;1510;1504;1498;1522;1508;1518;1518;1520;1514;1515;1520;1530;1544;1554;;;;;;;;;;;;;;;;;;;;;;;;;;;;;;;
15400000;1;01/01/2014;17:00;0;1;1566;1258;1462;31;4;0;0;0;;0;1310;1276;1264;1266;1334;1396;1434;1458;1462;1464;1478;1464;1488;1478;1488;1498;1508;1506;1502;1494;1516;1520;1516;1522;1516;1512;1526;1534;1536;1556;1566;;;;;;;;;;;;;;;;;;;;;;;;;;;;;;;
15400000;1;01/01/2014;;1;1;1560;1262;1459;31;4;1;1;1;0;0;1313;1287;1266;1262;1318;1318;1426;1447;1457;1460;1471;1470;1486;1470;1485;1500;1507;1508;1503;1496;1519;1514;1517;1520;1518;1513;1521;1527;1533;1550;1560;1;1;1;1;1;1;1;1;1;1;1;1;1;1;1;1;1;1;1;1;1;1;1;1;1;1;1;1;1;1;1
15400000;2;01/12/2013;;1;1;1413;930;1160;26;7;1;1;1;0;0;1038;1060;1051;1032;975;955;930;936;964;1024;1016;999;1005;980;984;1055;1191;1224;1259;1234;1292;1317;1368;1383;1401;1413;1410;1396;1376;1354;1328;1;1;1;1;1;1;1;1;1;1;1;1;1;1;1;1;1;1;1;1;1;1;1;1;1;1;1;1;1;1;1
15400000;1;01/12/2013;07:00;0;1;1416;922;1160;26;7;0;0;0;;0;1030;1062;1052;1022;972;952;938;930;946;1012;1006;1010;1002;978;986;1026;1174;1232;1272;1218;1286;1312;1356;1384;1394;1410;1412;1398;1372;1356;1336;1;1;1;1;1;1;1;1;1;1;1;1;1;1;1;1;1;1;1;1;1;1;1;1;1;1;1;1;1;1;1
15400000;1;01/12/2013;17:00;0;1;1416;922;1160;26;7;0;0;0;;0;1046;1058;1050;1042;978;958;922;942;982;1036;1026;988;1008;982;982;1084;1208;1216;1246;1250;1298;1322;1380;1382;1408;1416;1408;1394;1380;1352;1320;1;1;1;1;1;1;1;1;1;1;1;1;1;1;1;1;1;1;1;1;1;1;1;1;1;1;1;1;1;1;1
15400000;1;01/12/2013;;1;1;1413;930;1160;26;7;1;1;1;0;0;1038;1060;1051;1032;975;955;930;936;964;1024;1016;999;1005;980;984;1055;1191;1224;1259;1234;1292;1317;1368;1383;1401;1413;1410;1396;1376;1354;1328;1;1;1;1;1;1;1;1;1;1;1;1;1;1;1;1;1;1;1;1;1;1;1;1;1;1;1;1;1;1;1
15400000;2;01/11/2013;;1;1;1147;859;979;9;21;2;2;2;0;0;870;906;955;984;984;1012;1081;1113;1147;1131;1090;1037;1000;967;924;906;874;898;907;897;859;869;862;890;932;1000;1077;1070;1063;1055;;1;1;1;1;1;1;1;1;1;1;1;1;1;1;1;1;1;1;1;1;1;1;1;1;1;1;1;2;2;1;
15400000;1;01/11/2013;07:00;0;1;;;;;;0;0;0;;0;852;883;948;972;988;992;1076;1108;1142;1134;1094;1042;1004;972;932;892;872;894;896;896;846;870;860;888;902;978;1068;;;1064;;1;1;1;1;1;1;1;1;1;1;1;1;1;1;1;1;1;1;1;1;1;1;1;1;1;1;1;0;0;1;0
15400000;1;01/11/2013;17:00;0;1;;;;;;0;0;0;;0;888;928;962;996;980;1032;1085;1118;1152;1128;1086;1032;996;962;916;920;876;902;918;898;872;868;864;892;962;1022;1086;;1072;1046;;1;1;1;1;1;1;1;1;1;1;1;1;1;1;1;1;1;1;1;1;1;1;1;1;1;1;1;0;1;1;0
15400000;1;01/11/2013;;1;1;;;;;;0;0;0;0;0;870;906;955;984;984;1012;1081;1113;1147;1131;1090;1037;1000;967;924;906;874;898;907;897;859;869;862;890;932;1000;1077;;;1055;;1;1;1;1;1;1;1;1;1;1;1;1;1;1;1;1;1;1;1;1;1;1;1;1;1;1;1;;;1;
15400000;2;01/10/2013;;1;1;849;365;594;30;7;1;1;1;0;0;415;403;448;413;412;406;365;382;398;435;488;539;616;605;582;572;577;618;604;666;713;733;733;733;754;755;748;798;827;849;839;1;1;1;1;1;1;1;1;1;1;1;1;1;1;1;1;1;1;1;1;1;1;1;1;1;1;1;1;1;1;1
15400000;1;01/10/2013;07:00;0;1;858;362;594;30;7;0;0;0;;0;416;388;460;418;422;408;368;392;368;452;468;510;624;578;566;576;560;608;598;638;708;728;736;712;746;756;746;766;812;840;832;1;1;1;1;1;1;1;1;1;1;1;1;1;1;1;1;1;1;1;1;1;1;1;1;1;1;1;1;1;1;1
15400000;1;01/10/2013;17:00;0;1;858;362;594;30;7;0;0;0;;0;414;418;436;408;402;404;362;372;428;418;508;568;608;632;598;568;594;628;610;694;718;738;730;754;762;754;750;830;842;858;846;1;1;1;1;1;1;1;1;1;1;1;1;1;1;1;1;1;1;1;1;1;1;1;1;1;1;1;1;1;1;1
15400000;1;01/10/2013;;1;1;849;365;594;30;7;1;1;1;0;0;415;403;448;413;412;406;365;382;398;435;488;539;616;605;582;572;577;618;604;666;713;733;733;733;754;755;748;798;827;849;839;1;1;1;1;1;1;1;1;1;1;1;1;1;1;1;1;1;1;1;1;1;1;1;1;1;1;1;1;1;1;1
15400000;2;01/09/2013;;1;1;568;309;428;2;21;1;1;1;0;0;563;568;528;552;475;540;455;456;434;421;437;392;401;396;370;370;358;358;358;375;309;389;399;420;409;438;456;369;453;376;;1;1;1;1;1;1;1;1;1;1;1;1;1;1;1;1;1;1;1;1;1;1;1;1;1;1;1;1;1;1;
15400000;1;01/09/2013;07:00;0;1;570;296;427;2;21;0;0;0;;0;558;570;564;536;504;516;468;478;414;444;434;382;410;388;372;358;362;332;364;358;296;372;396;432;412;422;468;362;474;366;;1;1;1;1;1;1;1;1;1;1;1;1;1;1;1;1;1;1;1;1;1;1;1;1;1;1;1;1;1;1;0
15400000;1;01/09/2013;17:00;0;1;570;296;427;2;21;0;0;0;;0;568;566;492;568;446;564;442;434;454;398;440;402;392;404;368;382;354;344;352;392;322;406;402;408;406;454;444;376;432;386;;1;1;1;1;1;1;1;1;1;1;1;1;1;1;1;1;1;1;1;1;1;1;1;1;1;1;1;1;1;1;0
15400000;1;01/09/2013;;1;1;568;309;428;2;21;1;1;1;0;0;563;568;528;552;475;540;455;456;434;421;437;392;401;396;370;370;358;358;358;375;309;389;399;420;409;438;456;369;453;376;;1;1;1;1;1;1;1;1;1;1;1;1;1;1;1;1;1;1;1;1;1;1;1;1;1;1;1;1;1;1;
15400000;2;01/08/2013;;1;1;607;381;485;2;29;1;1;1;0;0;589;607;582;578;535;549;552;511;501;481;473;480;416;445;449;413;458;412;465;418;505;508;511;496;480;446;437;442;381;405;495;1;1;1;1;1;1;1;1;1;1;1;1;1;1;1;1;1;1;1;1;1;1;1;1;1;1;1;1;1;1;1
15400000;1;01/08/2013;07:00;0;1;608;374;484;2;29;0;0;0;;0;596;608;578;570;518;556;598;508;510;494;472;490;422;436;464;404;450;408;470;416;502;498;524;446;494;458;452;466;374;392;492;;;;;;;;;;;;;;;;;;;;;;;;;;;;;;;
15400000;1;01/08/2013;17:00;0;1;608;374;484;2;29;0;0;0;;0;582;606;586;586;552;542;506;514;492;468;474;470;410;454;434;422;466;416;460;420;508;518;498;512;466;434;422;418;388;418;498;;;;;;;;;;;;;;;;;;;;;;;;;;;;;;;
15400000;1;01/08/2013;;1;1;607;381;485;2;29;1;1;1;0;0;589;607;582;578;535;549;552;511;501;481;473;480;416;445;449;413;458;412;465;418;505;508;511;496;480;446;437;442;381;405;495;1;1;1;1;1;1;1;1;1;1;1;1;1;1;1;1;1;1;1;1;1;1;1;1;1;1;1;1;1;1;1
15400000;2;01/07/2013;;1;1;1021;591;797;2;28;1;1;1;0;0;981;1021;1004;959;943;905;889;927;897;911;867;882;861;827;816;784;783;757;741;734;706;729;709;703;678;654;627;591;616;603;601;1;1;1;1;1;1;1;1;1;1;1;1;1;1;1;1;1;1;1;1;1;1;1;1;1;1;1;1;1;1;1
15400000;1;01/07/2013;07:00;0;1;1026;590;797;2;28;0;0;0;;0;974;1016;1006;962;938;914;880;886;884;908;866;876;870;826;834;776;784;766;736;736;710;728;714;702;674;658;620;590;606;602;596;1;1;1;1;1;1;1;1;1;1;1;1;1;1;1;1;1;1;1;1;1;1;1;1;1;1;1;1;1;1;1
15400000;1;01/07/2013;17:00;0;1;1026;590;797;2;28;0;0;0;;0;988;1026;1002;956;948;896;898;968;910;914;868;888;852;828;798;792;782;748;746;732;702;730;704;704;682;650;634;592;626;604;606;1;1;1;1;1;1;1;1;1;1;1;1;1;1;1;1;1;1;1;1;1;1;1;1;1;1;1;1;1;1;1
15400000;1;01/07/2013;;1;1;1021;591;797;2;28;1;1;1;0;0;981;1021;1004;959;943;905;889;927;897;911;867;882;861;827;816;784;783;757;741;734;706;729;709;703;678;654;627;591;616;603;601;1;1;1;1;1;1;1;1;1;1;1;1;1;1;1;1;1;1;1;1;1;1;1;1;1;1;1;1;1;1;1
15400000;2;01/06/2013;;1;1;1137;791;946;6;23;1;1;1;0;0;1050;1079;1041;1039;1064;1137;1114;1123;1084;1059;1025;1007;962;950;920;886;874;851;818;827;821;803;791;833;864;856;841;854;889;931;;1;1;1;1;1;1;1;1;1;1;1;1;1;1;1;1;1;1;1;1;1;1;1;1;1;1;1;1;1;1;
15400000;1;01/06/2013;07:00;0;1;1172;776;946;6;23;0;0;0;;0;1046;1078;1052;1026;1046;1102;1120;1124;1082;1064;1018;1008;956;946;918;898;866;852;814;828;814;802;776;822;870;846;830;844;882;916;;1;1;1;1;1;1;1;1;1;1;1;1;1;1;1;1;1;1;1;1;1;1;1;1;1;1;1;1;1;1;0
15400000;1;01/06/2013;17:00;0;1;1172;776;946;6;23;0;0;0;;0;1054;1080;1030;1052;1082;1172;1108;1122;1086;1054;1032;1006;968;954;922;874;882;850;822;826;828;804;806;844;858;866;852;864;896;946;;1;1;1;1;1;1;1;1;1;1;1;1;1;1;1;1;1;1;1;1;1;1;1;1;1;1;1;1;1;1;0
15400000;1;01/06/2013;;1;1;1137;791;946;6;23;1;1;1;0;0;1050;1079;1041;1039;1064;1137;1114;1123;1084;1059;1025;1007;962;950;920;886;874;851;818;827;821;803;791;833;864;856;841;854;889;931;;1;1;1;1;1;1;1;1;1;1;1;1;1;1;1;1;1;1;1;1;1;1;1;1;1;1;1;1;1;1;
15400000;2;01/05/2013;;1;1;1347;1055;1191;1;31;2;2;2;0;0;1347;1335;1303;1301;1327;1265;1251;1248;1254;1231;1208;1201;1200;1195;1194;1169;1149;1137;1124;1133;1159;1117;1166;1166;1151;1151;1129;1102;1076;1063;1055;1;1;1;1;1;1;1;1;1;1;1;1;1;1;1;1;1;1;1;1;2;1;1;1;1;1;1;1;1;1;1
15400000;1;01/05/2013;07:00;0;1;1384;1054;1192;5;31;0;0;0;;0;1352;1338;1302;1288;1384;1266;1252;1242;1252;1232;1214;1198;1194;1191;1190;1170;1142;1140;1132;1134;1196;1116;1158;1158;1148;1156;1134;1092;1068;1062;1056;;;;;;;;;;;;;;;;;;;;;;;;;;;;;;;
15400000;1;01/05/2013;17:00;0;1;1384;1054;1192;5;31;0;0;0;;0;1342;1332;1304;1314;1270;1264;1250;1254;1256;1230;1202;1204;1206;1198;1197;1168;1156;1134;1116;1132;1222;1118;1174;1174;1154;1146;1124;1112;1084;1064;1054;;;;;;;;;;;;;;;;;;;;;;;;;;;;;;;
15400000;1;01/05/2013;;1;1;1347;1055;1192;1;31;1;1;1;0;0;1347;1335;1303;1301;1327;1265;1251;1248;1254;1231;1208;1201;1200;1195;1194;1169;1149;1137;1124;1133;1209;1117;1166;1166;1151;1151;1129;1102;1076;1063;1055;1;1;1;1;1;1;1;1;1;1;1;1;1;1;1;1;1;1;1;1;1;1;1;1;1;1;1;1;1;1;1
15400000;2;01/04/2013;;1;1;1654;1373;1573;5;30;1;1;1;0;0;1629;1636;1644;1649;1654;1644;1635;1613;1590;1583;1574;1565;1567;1574;1589;1607;1620;1617;1622;1617;1608;1634;1561;1530;1513;1480;1449;1418;1401;1373;;1;1;1;1;1;1;1;1;1;1;1;1;1;1;1;1;1;1;1;1;1;1;1;1;1;1;1;1;1;1;
15400000;1;01/04/2013;07:00;0;1;1682;1368;1573;22;30;0;0;0;;0;1628;1634;1636;1648;1648;1646;1641;1614;1592;1582;1572;1566;1566;1572;1584;1602;1618;1618;1620;1619;1610;1586;1562;1542;1514;1472;1448;1422;1408;1378;;;;;;;;;;;;;;;;;;;;;;;;;;;;;;;;0
15400000;1;01/04/2013;17:00;0;1;1682;1368;1573;22;30;0;0;0;;0;1630;1638;1652;1650;1660;1642;1628;1612;1588;1584;1576;1564;1568;1576;1594;1612;1622;1616;1623;1614;1606;1682;1560;1518;1512;1488;1450;1414;1394;1368;;;;;;;;;;;;;;;;;;;;;;;;;;;;;;;;0
15400000;1;01/04/2013;;1;1;1654;1373;1573;5;30;1;1;1;0;0;1629;1636;1644;1649;1654;1644;1635;1613;1590;1583;1574;1565;1567;1574;1589;1607;1620;1617;1622;1617;1608;1634;1561;1530;1513;1480;1449;1418;1401;1373;;1;1;1;1;1;1;1;1;1;1;1;1;1;1;1;1;1;1;1;1;1;1;1;1;1;1;1;1;1;1;
15400000;2;01/03/2013;;1;1;1619;1475;1540;31;1;1;1;1;0;0;1475;1480;1481;1498;1504;1515;1525;1545;1525;1523;1515;1516;1527;1516;1505;1549;1489;1507;1509;1528;1548;1555;1577;1593;1602;1594;1599;1597;1606;1608;1619;1;1;1;1;1;1;1;1;1;1;1;1;1;1;1;1;1;1;1;1;1;1;1;1;1;1;1;1;1;1;1
15400000;1;01/03/2013;07:00;0;1;1624;1472;1540;31;1;0;0;0;;0;1472;1474;1472;1492;1498;1512;1522;1522;1528;1522;1514;1514;1528;1512;1508;1506;1488;1504;1506;1522;1544;1546;1568;1592;1598;1596;1588;1596;1602;1604;1614;;;;;;;;;;;;;;;;;;;;;;;;;;;;;;;
15400000;1;01/03/2013;17:00;0;1;1624;1472;1540;31;1;0;0;0;;0;1478;1486;1490;1504;1510;1518;1528;1568;1522;1524;1516;1518;1526;1520;1502;1592;1490;1510;1512;1534;1552;1564;1586;1594;1606;1592;1610;1598;1610;1612;1624;;;;;;;;;;;;;;;;;;;;;;;;;;;;;;;
15400000;1;01/03/2013;;1;1;1619;1475;1540;31;1;1;1;1;0;0;1475;1480;1481;1498;1504;1515;1525;1545;1525;1523;1515;1516;1527;1516;1505;1549;1489;1507;1509;1528;1548;1555;1577;1593;1602;1594;1599;1597;1606;1608;1619;1;1;1;1;1;1;1;1;1;1;1;1;1;1;1;1;1;1;1;1;1;1;1;1;1;1;1;1;1;1;1
15400000;2;01/02/2013;;1;1;1466;1177;1323;28;5;1;1;1;0;0;1231;1205;1197;1199;1177;1180;1185;1215;1237;1282;1308;1316;1318;1305;1318;1337;1363;1394;1412;1426;1432;1420;1420;1421;1419;1420;1447;1466;;;;1;1;1;1;1;1;1;1;1;1;1;1;1;1;1;1;1;1;1;1;1;1;1;1;1;1;1;1;;;
15400000;1;01/02/2013;07:00;0;1;1468;1168;1323;28;5;0;0;0;;0;1222;1208;1198;1194;1168;1172;1174;1206;1228;1279;1306;1314;1316;1308;1314;1326;1354;1386;1402;1418;1428;1416;1422;1421;1416;1418;1438;1464;;;;1;1;1;1;1;1;1;1;1;1;1;1;1;1;1;1;1;1;1;1;1;1;1;1;1;1;1;1;0;0;0
15400000;1;01/02/2013;17:00;0;1;1468;1168;1323;28;5;0;0;0;;0;1239;1202;1196;1204;1186;1188;1196;1224;1246;1284;1310;1318;1320;1302;1322;1348;1372;1402;1422;1434;1436;1424;1418;1420;1422;1422;1456;1468;;;;1;1;1;1;1;1;1;1;1;1;1;1;1;1;1;1;1;1;1;1;1;1;1;1;1;1;1;1;0;0;0
15400000;1;01/02/2013;;1;1;1466;1177;1323;28;5;1;1;1;0;0;1231;1205;1197;1199;1177;1180;1185;1215;1237;1282;1308;1316;1318;1305;1318;1337;1363;1394;1412;1426;1432;1420;1420;1421;1419;1420;1447;1466;;;;1;1;1;1;1;1;1;1;1;1;1;1;1;1;1;1;1;1;1;1;1;1;1;1;1;1;1;1;;;
15400000;2;01/01/2013;;1;1;1337;1188;1251;29;1;2;2;2;0;0;1188;1235;1276;1285;1279;1272;1278;1266;1264;1256;1248;1237;1238;1235;1211;1212;1191;1199;1217;1217;1218;1249;1255;1262;1267;1268;1309;1319;1337;1253;1228;1;1;1;1;1;1;1;1;1;1;1;1;1;1;1;1;2;1;1;1;1;1;1;1;1;1;1;1;1;1;1
15400000;1;01/01/2013;07:00;0;1;1388;1172;1251;29;1;0;0;0;;0;1172;1222;1264;1278;1282;1274;1282;1268;1266;1246;1248;1242;1241;1228;1204;1202;1188;1184;1218;1218;1228;1230;1242;1254;1253;1264;1308;1316;1286;1252;1230;1;1;1;1;1;1;1;1;1;1;1;1;1;1;1;1;1;1;1;1;1;1;1;1;1;1;1;1;1;1;1
15400000;1;01/01/2013;17:00;0;1;1388;1172;1251;29;1;0;0;0;;0;1204;1248;1288;1292;1276;1270;1274;1264;1262;1266;1248;1231;1234;1242;1218;1222;1194;1214;1216;1216;1208;1268;1268;1270;1280;1272;1310;1322;1388;1254;1226;1;1;1;1;1;1;1;1;1;1;1;1;1;1;1;1;1;1;1;1;1;1;1;1;1;1;1;1;1;1;1
15400000;1;01/01/2013;;1;1;1337;1188;1251;29;1;1;1;1;;0;1188;1235;1276;1285;1279;1272;1278;1266;1264;1256;1248;1237;1238;1235;1211;1212;1191;1199;1217;1217;1218;1249;1255;1262;1267;1268;1309;1319;1337;1253;1228;1;1;1;1;1;1;1;1;1;1;1;1;1;1;1;1;1;1;1;1;1;1;1;1;1;1;1;1;1;1;1
15400000;2;01/12/2012;;1;1;1205;707;893;31;8;1;1;1;0;0;783;772;779;744;736;728;751;707;715;717;715;737;770;767;806;868;900;918;944;977;987;1017;1017;991;1029;1034;1106;1151;1147;1153;1205;1;1;1;1;1;1;1;1;1;1;1;1;1;1;1;1;1;1;1;1;1;1;1;1;1;1;1;1;1;1;1
15400000;1;01/12/2012;17:00;0;1;1262;706;893;31;8;0;0;0;;0;784;770;782;732;734;718;742;708;716;721;724;742;782;766;821;884;906;922;946;990;1002;1020;1015;990;1080;1054;1126;1168;1146;1150;1262;1;1;1;1;1;1;1;1;1;1;1;1;1;1;1;1;1;1;1;1;1;1;1;1;1;1;1;1;1;1;1
15400000;1;01/12/2012;07:00;0;1;1262;706;893;31;8;0;0;0;;0;782;774;776;756;738;738;760;706;714;713;706;732;758;768;791;852;894;914;942;964;972;1014;1018;992;978;1014;1086;1134;1148;1156;1148;1;1;1;1;1;1;1;1;1;1;1;1;1;1;1;1;1;1;1;1;1;1;1;1;1;1;1;1;1;1;1
15400000;1;01/12/2012;;1;1;1205;707;893;31;8;1;1;1;0;0;783;772;779;744;736;728;751;707;715;717;715;737;770;767;806;868;900;918;944;977;987;1017;1017;991;1029;1034;1106;1151;1147;1153;1205;1;1;1;1;1;1;1;1;1;1;1;1;1;1;1;1;1;1;1;1;1;1;1;1;1;1;1;1;1;1;1
15400000;2;01/11/2012;;1;1;762;385;506;30;10;1;1;1;0;0;445;444;432;400;391;388;395;401;396;385;386;419;425;471;513;494;552;560;489;489;520;623;631;616;604;587;609;655;696;762;;1;1;1;1;1;1;1;1;1;1;1;1;1;1;1;1;1;1;1;1;1;1;1;1;1;1;1;1;1;1;
15400000;1;01/11/2012;07:00;0;1;766;376;506;30;11;0;0;0;;0;448;446;436;408;398;387;394;404;402;386;376;418;428;458;514;492;548;522;490;486;512;608;640;620;606;586;596;648;678;758;;1;1;1;1;1;1;1;1;1;1;1;1;1;1;1;1;1;1;1;1;1;1;1;1;1;1;1;1;1;1;0
15400000;1;01/11/2012;17:00;0;1;766;376;506;30;11;0;0;0;;0;442;441;428;392;384;388;396;398;390;384;396;420;422;484;512;496;556;598;488;492;528;638;622;612;602;588;622;662;714;766;;1;1;1;1;1;1;1;1;1;1;1;1;1;1;1;1;1;1;1;1;1;1;1;1;1;1;1;1;1;1;0
15400000;1;01/11/2012;;1;1;762;385;506;30;10;1;1;1;0;0;445;444;432;400;391;388;395;401;396;385;386;419;425;471;513;494;552;560;489;489;520;623;631;616;604;587;609;655;696;762;;1;1;1;1;1;1;1;1;1;1;1;1;1;1;1;1;1;1;1;1;1;1;1;1;1;1;1;1;1;1;
15400000;2;01/10/2012;;1;1;558;261;405;19;1;1;1;1;0;0;261;261;265;263;290;319;331;331;333;327;320;341;405;451;454;461;473;513;558;554;517;489;469;441;447;457;457;440;437;446;449;1;1;1;1;1;1;1;1;1;1;1;1;1;1;1;1;1;1;1;1;1;1;1;1;1;1;1;1;1;1;1
15400000;1;01/10/2012;07:00;0;1;580;256;405;19;2;0;0;0;;0;262;266;268;260;286;312;332;328;337;335;322;328;416;444;460;462;470;512;536;562;522;492;478;444;445;459;466;439;438;448;456;1;1;1;1;1;1;1;1;1;1;1;1;1;1;1;1;1;1;1;1;1;1;1;1;1;1;1;1;1;1;1
15400000;1;01/10/2012;17:00;0;1;580;256;405;19;2;0;0;0;;0;260;256;262;266;294;326;330;333;328;318;318;354;394;458;448;460;476;514;580;546;512;486;460;438;448;454;448;441;436;444;442;1;1;1;1;1;1;1;1;1;1;1;1;1;1;1;1;1;1;1;1;1;1;1;1;1;1;1;1;1;1;1
15400000;1;01/10/2012;;1;1;558;261;405;19;1;1;1;1;0;0;261;261;265;263;290;319;331;331;333;327;320;341;405;451;454;461;473;513;558;554;517;489;469;441;447;457;457;440;437;446;449;1;1;1;1;1;1;1;1;1;1;1;1;1;1;1;1;1;1;1;1;1;1;1;1;1;1;1;1;1;1;1
15400000;2;01/09/2012;;1;1;393;259;315;1;28;1;1;1;0;0;393;372;373;375;374;387;369;356;363;352;332;332;314;339;300;271;273;271;292;311;279;270;276;270;278;270;287;259;265;259;;1;1;1;1;1;1;1;1;1;1;1;1;1;1;1;1;1;1;1;1;1;1;1;1;1;1;1;1;1;1;
15400000;1;01/09/2012;07:00;0;1;402;252;315;1;28;0;0;0;;0;402;370;378;379;372;388;372;364;362;358;338;336;316;351;310;268;273;270;280;318;282;268;282;268;282;276;292;266;261;258;;;;;;;;;;;;;;;;;;;;;;;;;;;;;;;;0
15400000;1;01/09/2012;17:00;0;1;402;252;315;1;28;0;0;0;;0;384;374;368;370;376;386;366;348;364;346;326;327;312;326;290;274;273;272;304;303;276;272;270;272;274;264;281;252;268;259;;;;;;;;;;;;;;;;;;;;;;;;;;;;;;;;0
15400000;1;01/09/2012;;1;1;1491;259;356;23;28;1;1;1;;0;393;372;373;375;374;387;369;356;363;352;332;332;314;339;300;271;273;271;292;311;279;270;1491;270;278;270;287;259;265;259;;1;1;1;1;1;1;1;1;1;1;1;1;1;1;1;1;1;1;1;1;1;1;1;1;1;1;1;1;1;1;0
15400000;2;01/08/2012;;1;1;662;404;521;1;31;1;1;1;0;0;662;639;601;600;629;632;622;628;628;621;582;543;565;552;513;536;501;484;477;457;413;455;444;433;454;412;410;421;418;410;404;1;1;1;1;1;1;1;1;1;1;1;1;1;1;1;1;1;1;1;1;1;1;1;1;1;1;1;1;1;1;1
15400000;1;01/08/2012;07:00;0;1;670;402;521;1;27;0;0;0;;0;670;650;608;596;630;634;618;624;626;632;596;554;564;568;516;534;504;484;474;473;418;450;446;437;452;418;402;426;420;414;402;;;;;;;;;;;;;;;;;;;;;;;;;;;;;;;
15400000;1;01/08/2012;17:00;0;1;670;402;521;1;27;0;0;0;;0;653;628;594;604;628;630;626;632;630;610;568;532;566;536;510;538;498;484;480;440;408;460;442;428;456;406;418;416;416;406;406;;;;;;;;;;;;;;;;;;;;;;;;;;;;;;;
15400000;1;01/08/2012;;1;1;662;404;521;1;31;1;1;1;0;0;662;639;601;600;629;632;622;628;628;621;582;543;565;552;513;536;501;484;477;457;413;455;444;433;454;412;410;421;418;410;404;1;1;1;1;1;1;1;1;1;1;1;1;1;1;1;1;1;1;1;1;1;1;1;1;1;1;1;1;1;1;1
15400000;2;01/07/2012;;1;1;1068;674;895;1;31;1;1;1;0;0;1068;1057;1019;1009;981;933;927;933;936;940;930;934;960;974;975;964;939;909;964;846;854;820;785;804;829;823;788;770;719;685;674;1;1;1;1;1;1;1;1;1;1;1;1;1;1;1;1;1;1;1;1;1;1;1;1;1;1;1;1;1;1;1
15400000;1;01/07/2012;07:00;0;1;1070;672;892;1;31;0;0;0;;0;1070;1068;1022;1020;994;936;931;934;928;936;932;933;956;973;973;974;938;919;874;850;856;830;786;796;832;832;790;777;722;690;676;1;1;1;1;1;1;1;1;1;1;1;1;1;1;1;1;1;1;1;1;1;1;1;1;1;1;1;1;1;1;1
15400000;1;01/07/2012;17:00;0;1;1070;672;892;1;31;0;0;0;;0;1066;1045;1016;998;968;929;923;932;944;943;927;935;964;975;976;954;940;898;854;842;852;810;784;812;826;814;786;762;716;680;672;1;1;1;1;1;1;1;1;1;1;1;1;1;1;1;1;1;1;1;1;1;1;1;1;1;1;1;1;1;1;1
15400000;1;01/07/2012;;1;1;1068;674;895;1;31;1;1;1;0;0;1068;1057;1019;1009;981;933;927;933;936;940;930;934;960;974;975;964;939;909;964;846;854;820;785;804;829;823;788;770;719;685;674;1;1;1;1;1;1;1;1;1;1;1;1;1;1;1;1;1;1;1;1;1;1;1;1;1;1;1;1;1;1;1
15400000;2;01/06/2012;;1;1;1376;961;1134;1;24;1;1;1;0;0;1376;1371;1321;1304;1270;1223;1193;1203;1240;1161;1175;1171;1181;1144;1132;1107;1092;1084;1020;1024;1033;996;977;961;980;980;1004;1050;1123;1113;;1;1;1;1;1;1;1;1;1;1;1;1;1;1;1;1;1;1;1;1;1;1;1;1;1;1;1;1;1;1;
15400000;1;01/06/2012;07:00;0;1;1380;960;1138;2;24;0;0;0;;0;1374;1380;1326;1314;1274;1238;1196;1194;1204;1166;1172;1166;1191;1148;1142;1116;1090;1096;1022;1020;1036;998;985;962;978;996;1042;1096;1122;1128;;;;;;;;;;;;;;;;;;;;;;;;;;;;;;;;0
15400000;1;01/06/2012;17:00;0;1;1380;960;1138;2;24;0;0;0;;0;1378;1362;1316;1294;1266;1208;1190;1212;1276;1156;1178;1176;1170;1140;1122;1098;1094;1072;1018;1028;1030;994;968;960;982;1012;1058;1110;1124;1098;;;;;;;;;;;;;;;;;;;;;;;;;;;;;;;;0
15400000;1;01/06/2012;;1;1;1376;961;1134;1;24;1;1;1;0;0;1376;1371;1321;1304;1270;1223;1193;1203;1240;1161;1175;1171;1181;1144;1132;1107;1092;1084;1020;1024;1033;996;977;961;980;980;1004;1050;1123;1113;;1;1;1;1;1;1;1;1;1;1;1;1;1;1;1;1;1;1;1;1;1;1;1;1;1;1;1;1;1;1;
15400000;2;01/05/2012;;1;1;1446;1222;1341;1;18;1;1;1;0;0;1446;1434;1436;1422;1415;1409;1408;1388;1362;1330;1322;1299;1272;1260;1266;1248;1224;1222;1276;1322;1351;1345;1345;1358;1358;1346;1341;1340;1324;1337;1360;1;1;1;1;1;1;1;1;1;1;1;1;1;1;1;1;1;1;1;1;1;1;1;1;1;1;1;1;1;1;1
15400000;1;01/05/2012;07:00;0;1;1448;1216;1341;1;18;0;0;0;;0;1444;1432;1431;1421;1418;1410;1412;1394;1364;1336;1328;1312;1258;1259;1268;1252;1227;1216;1254;1316;1348;1343;1342;1356;1362;1348;1340;1346;1326;1328;1362;;;;;;;;;;;;;;;;;;;;;;;;;;;;;;;
15400000;1;01/05/2012;17:00;0;1;1448;1216;1341;1;18;0;0;0;;0;1448;1436;1440;1423;1412;1408;1404;1382;1360;1325;1316;1286;1287;1262;1264;1243;1220;1228;1298;1327;1354;1347;1348;1360;1355;1344;1342;1334;1322;1346;1358;;;;;;;;;;;;;;;;;;;;;;;;;;;;;;;
15400000;1;01/05/2012;;1;1;1446;1222;1341;1;18;1;1;1;;0;1446;1434;1431;1422;1416;1409;1408;1388;1362;1331;1322;1299;1273;1261;1266;1248;1224;1222;1276;1322;1351;1345;1345;1358;1359;1346;1341;1340;1324;1337;1360;1;1;1;1;1;1;1;1;1;1;1;1;1;1;1;1;1;1;1;1;1;1;1;1;1;1;1;1;1;1;1
15400000;2;01/04/2012;;1;1;1538;1372;1447;3;22;1;1;1;0;0;1525;1530;1538;1538;1534;1520;1498;1480;1466;1445;1445;1450;1442;1425;1416;1411;1397;1412;1412;1397;1382;1372;1398;1427;1420;1419;1419;1419;1437;1444;;1;1;1;1;1;1;1;1;1;1;1;1;1;1;1;1;1;1;1;1;1;1;1;1;1;1;1;1;1;1;
15400000;1;01/04/2012;07:00;0;1;1541;1364;1447;4;22;0;0;0;;0;1523;1529;1536;1541;1538;1522;1504;1484;1470;1448;1444;1455;1450;1428;1418;1412;1398;1406;1412;1408;1372;1364;1392;1422;1423;1422;1420;1416;1436;1446;;1;1;1;1;1;1;1;1;1;1;1;1;1;1;1;1;1;1;1;1;1;1;1;1;1;1;1;1;1;1;0
15400000;1;01/04/2012;17:00;0;1;1541;1364;1447;4;22;0;0;0;;0;1527;1532;1539;1534;1530;1518;1492;1476;1462;1442;1446;1444;1434;1422;1414;1410;1396;1418;1413;1386;1392;1381;1404;1432;1416;1416;1418;1422;1438;1442;;1;1;1;1;1;1;1;1;1;1;1;1;1;1;1;1;1;1;1;1;1;1;1;1;1;1;1;1;1;1;0
15400000;1;01/04/2012;;1;1;1538;1372;1447;3;22;1;1;1;0;0;1525;1530;1538;1538;1534;1520;1498;1480;1466;1445;1445;1450;1442;1425;1416;1411;1397;1412;1412;1397;1382;1372;1398;1427;1420;1419;1419;1419;1437;1444;;1;1;1;1;1;1;1;1;1;1;1;1;1;1;1;1;1;1;1;1;1;1;1;1;1;1;1;1;1;1;
15400000;2;01/03/2012;;1;1;1568;1483;1526;11;29;1;1;1;0;0;1509;1512;1515;1519;1526;1533;1539;1537;1540;1533;1568;1558;1551;1555;1559;1558;1549;1541;1530;1516;1534;1525;1519;1516;1504;1497;1491;1485;1483;1498;1518;1;1;1;1;1;1;1;1;1;1;1;1;1;1;1;1;1;1;1;1;1;1;1;1;1;1;1;1;1;1;1
15400000;1;01/03/2012;07:00;0;1;1580;1480;1526;11;29;0;0;0;;0;1508;1513;1514;1518;1523;1531;1538;1538;1539;1546;1556;1560;1552;1554;1558;1557;1552;1542;1535;1512;1536;1529;1512;1518;1505;1498;1492;1488;1480;1491;1516;1;1;1;1;1;1;1;1;1;1;1;1;1;1;1;1;1;1;1;1;1;1;1;1;1;1;1;1;1;1;1
15400000;1;01/03/2012;17:00;0;1;1580;1480;1526;11;29;0;0;0;;0;1510;1511;1516;1520;1528;1535;1540;1536;1542;1520;1580;1556;1550;1556;1560;1558;1546;1540;1526;1521;1531;1521;1526;1515;1502;1496;1490;1482;1486;1504;1520;1;1;1;1;1;1;1;1;1;1;1;1;1;1;1;1;1;1;1;1;1;1;1;1;1;1;1;1;1;1;1
15400000;1;01/03/2012;;1;1;1568;1483;1526;11;29;1;1;1;0;0;1509;1512;1515;1519;1526;1533;1539;1537;1540;1533;1568;1558;1551;1555;1559;1558;1549;1541;1530;1516;1534;1525;1519;1516;1504;1497;1491;1485;1483;1498;1518;1;1;1;1;1;1;1;1;1;1;1;1;1;1;1;1;1;1;1;1;1;1;1;1;1;1;1;1;1;1;1
15400000;2;01/02/2012;;1;1;1505;1184;1347;28;7;1;1;1;0;0;1210;1218;1220;1213;1216;1207;1184;1191;1230;1281;1320;1344;1365;1361;1362;1372;1374;1380;1392;1404;1420;1432;1442;1460;1479;1481;1488;1505;1504;;;1;1;1;1;1;1;1;1;1;1;1;1;1;1;1;1;1;1;1;1;1;1;1;1;1;1;1;1;1;;
15400000;1;01/02/2012;07:00;0;1;1508;1181;1347;28;7;0;0;0;;0;1208;1220;1218;1216;1214;1209;1186;1184;1215;1278;1317;1336;1364;1362;1358;1370;1372;1379;1386;1402;1412;1430;1438;1458;1476;1478;1487;1502;1505;;;1;1;1;1;1;1;1;1;1;1;1;1;1;1;1;1;1;1;1;1;1;1;1;1;1;1;1;1;1;0;0
15400000;1;01/02/2012;17:00;0;1;1508;1181;1347;28;7;0;0;0;;0;1212;1216;1222;1210;1218;1205;1181;1198;1246;1284;1322;1353;1366;1360;1367;1374;1376;1382;1398;1406;1428;1434;1446;1462;1482;1484;1490;1508;1502;;;1;1;1;1;1;1;1;1;1;1;1;1;1;1;1;1;1;1;1;1;1;1;1;1;1;1;1;1;1;0;0
15400000;1;01/02/2012;;1;1;1505;1184;1347;28;7;1;1;1;0;0;1210;1218;1220;1213;1216;1207;1184;1191;1230;1281;1320;1344;1365;1361;1362;1372;1374;1380;1392;1404;1420;1432;1442;1460;1479;1481;1488;1505;1504;;;1;1;1;1;1;1;1;1;1;1;1;1;1;1;1;1;1;1;1;1;1;1;1;1;1;1;1;1;1;;
15400000;2;01/01/2012;;1;1;1198;914;1068;21;13;1;1;1;0;0;953;982;974;952;946;977;1037;1052;1046;1017;988;956;914;945;946;1003;1080;1148;1175;1190;1198;1182;1162;1140;1143;1148;1157;1156;1162;1178;1198;1;1;1;1;1;1;1;1;1;1;1;1;1;1;1;1;1;1;1;1;1;1;1;1;1;1;1;1;1;1;1
15400000;1;01/01/2012;07:00;0;1;1202;896;1068;31;13;0;0;0;;0;952;976;979;960;942;974;1034;1054;1058;1026;994;964;932;936;942;998;1074;1144;1168;1186;1202;1184;1172;1143;1142;1141;1158;1154;1156;1172;1194;1;1;1;1;1;1;1;1;1;1;1;1;1;1;1;1;1;1;1;1;1;1;1;1;1;1;1;1;1;1;1
15400000;1;01/01/2012;17:00;0;1;1202;896;1068;31;13;0;0;0;;0;954;988;968;944;951;980;1040;1050;1034;1008;982;948;896;954;949;1008;1086;1152;1182;1194;1193;1180;1152;1136;1144;1155;1156;1159;1168;1183;1202;1;1;1;1;1;1;1;1;1;1;1;1;1;1;1;1;1;1;1;1;1;1;1;1;1;1;1;1;1;1;1
15400000;1;01/01/2012;;1;1;1198;914;1068;21;13;1;1;1;0;0;953;982;974;952;946;977;1037;1052;1046;1017;988;956;914;945;946;1003;1080;1148;1175;1190;1198;1182;1162;1140;1143;1148;1157;1156;1162;1178;1198;1;1;1;1;1;1;1;1;1;1;1;1;1;1;1;1;1;1;1;1;1;1;1;1;1;1;1;1;1;1;1
15400000;2;01/12/2011;;1;1;916;500;729;31;8;1;1;1;0;0;667;680;692;671;629;612;565;500;543;552;552;538;524;538;588;716;818;868;898;893;896;862;852;831;842;854;876;897;868;868;916;1;1;1;1;1;1;1;1;1;1;1;1;1;1;1;1;1;1;1;1;1;1;1;1;1;1;1;1;1;1;1
15400000;1;01/12/2011;07:00;0;1;928;498;729;31;8;0;0;0;;0;664;674;692;676;632;616;564;502;540;551;554;547;526;540;582;697;806;862;897;892;902;870;856;832;835;852;870;896;872;876;904;1;1;1;1;1;1;1;1;1;1;1;1;1;1;1;1;1;1;1;1;1;1;1;1;1;1;1;1;1;1;1
15400000;1;01/12/2011;17:00;0;1;928;498;729;31;8;0;0;0;;0;670;686;693;666;626;609;566;498;546;552;551;530;523;537;593;734;830;875;899;894;891;854;848;830;849;855;883;898;864;860;928;1;1;1;1;1;1;1;1;1;1;1;1;1;1;1;1;1;1;1;1;1;1;1;1;1;1;1;1;1;1;1
15400000;1;01/12/2011;;1;1;916;500;729;31;8;1;1;1;0;0;667;680;692;671;629;612;565;500;543;552;552;538;524;538;588;716;818;868;898;893;896;862;852;831;842;854;876;897;868;868;916;1;1;1;1;1;1;1;1;1;1;1;1;1;1;1;1;1;1;1;1;1;1;1;1;1;1;1;1;1;1;1
15400000;2;01/11/2011;;1;1;610;378;443;30;26;1;1;1;0;0;500;488;474;464;436;411;423;406;462;446;414;455;467;445;443;449;460;461;458;450;434;396;391;386;380;378;389;409;492;610;;1;1;1;1;1;1;1;1;1;1;1;1;1;1;1;1;1;1;1;1;1;1;1;1;1;1;1;1;1;1;
15400000;1;01/11/2011;17:00;0;1;632;374;442;30;26;0;0;0;;0;495;482;467;462;416;394;420;410;466;445;393;458;468;444;444;452;464;460;456;448;428;398;406;381;378;382;390;422;498;632;;1;1;1;1;1;1;1;1;1;1;1;1;1;1;1;1;1;1;1;1;1;1;1;1;1;1;1;1;1;1;0
15400000;1;01/11/2011;07:00;0;1;632;374;442;30;26;0;0;0;;0;506;493;480;465;455;428;426;402;457;447;434;452;466;446;443;445;456;462;459;453;440;395;376;392;382;374;388;396;485;587;;1;1;1;1;1;1;1;1;1;1;1;1;1;1;1;1;1;1;1;1;1;1;1;1;1;1;1;1;1;1;0
15400000;1;01/11/2011;;1;1;610;378;443;30;26;1;1;1;0;0;500;488;474;464;436;411;423;406;462;446;414;455;467;445;443;449;460;461;458;450;434;396;391;386;380;378;389;409;492;610;;1;1;1;1;1;1;1;1;1;1;1;1;1;1;1;1;1;1;1;1;1;1;1;1;1;1;1;1;1;1;
15400000;2;01/10/2011;;1;1;575;321;428;23;10;1;1;1;0;0;325;346;363;368;364;356;346;338;328;321;325;346;366;373;372;380;401;422;430;446;491;547;575;574;565;552;547;539;536;523;509;1;1;1;1;1;1;1;1;1;1;1;1;1;1;1;1;1;1;1;1;1;1;1;1;1;1;1;1;1;1;1
15400000;1;01/10/2011;07:00;0;1;578;320;428;23;10;0;0;0;;0;322;342;360;367;366;357;347;340;329;322;322;340;362;372;372;377;397;420;428;440;480;536;572;576;568;556;548;542;535;525;516;1;1;1;1;1;1;1;1;1;1;1;1;1;1;1;1;1;1;1;1;1;1;1;1;1;1;1;1;1;1;1
15400000;1;01/10/2011;17:00;0;1;578;320;428;23;10;0;0;0;;0;328;350;366;369;362;354;344;335;326;320;328;351;370;374;371;384;405;425;431;452;502;558;578;573;562;549;546;536;537;521;502;1;1;1;1;1;1;1;1;1;1;1;1;1;1;1;1;1;1;1;1;1;1;1;1;1;1;1;1;1;1;1
15400000;1;01/10/2011;;1;1;575;321;428;23;10;1;1;1;0;0;325;346;363;368;364;356;346;338;328;321;325;346;366;373;372;380;401;422;430;446;491;547;575;574;565;552;547;539;536;523;509;1;1;1;1;1;1;1;1;1;1;1;1;1;1;1;1;1;1;1;1;1;1;1;1;1;1;1;1;1;1;1
15400000;2;01/09/2011;;1;1;370;282;322;1;16;1;1;1;0;0;370;360;350;339;328;320;313;309;297;308;313;316;312;306;297;282;287;312;334;363;356;346;338;331;323;312;304;304;304;313;;1;1;1;1;1;1;1;1;1;1;1;1;1;1;1;1;1;1;1;1;1;1;1;1;1;1;1;1;1;1;
15400000;1;01/09/2011;07:00;0;1;371;274;322;1;16;0;0;0;;0;371;362;352;341;330;322;314;310;306;308;312;316;314;308;299;291;283;306;316;364;358;348;340;332;326;314;305;303;304;310;;1;1;1;1;1;1;1;1;1;1;1;1;1;1;1;1;1;1;1;1;1;1;1;1;1;1;1;1;1;1;0
15400000;1;01/09/2011;17:00;0;1;371;274;322;1;16;0;0;0;;0;368;358;348;337;326;317;312;308;288;307;314;317;310;304;295;274;291;319;353;362;354;344;336;330;320;309;304;306;305;316;;1;1;1;1;1;1;1;1;1;1;1;1;1;1;1;1;1;1;1;1;1;1;1;1;1;1;1;1;1;1;0
15400000;1;01/09/2011;;1;1;370;282;322;1;16;1;1;1;0;0;370;360;350;339;328;320;313;309;297;308;313;316;312;306;297;282;287;312;334;363;356;346;338;331;323;312;304;304;304;313;;1;1;1;1;1;1;1;1;1;1;1;1;1;1;1;1;1;1;1;1;1;1;1;1;1;1;1;1;1;1;
15400000;2;01/08/2011;;1;1;555;340;459;9;27;1;1;1;0;0;554;547;534;522;506;510;523;526;555;552;548;538;525;510;494;478;463;447;428;422;408;393;380;370;360;342;340;344;358;372;374;1;1;1;1;1;1;1;1;1;1;1;1;1;1;1;1;1;1;1;1;1;1;1;1;1;1;1;1;1;1;1
15400000;1;01/08/2011;07:00;0;1;561;332;459;1;26;0;0;0;;0;561;550;536;523;514;506;519;538;556;553;550;541;528;512;498;481;466;451;436;418;411;396;383;372;362;352;347;343;354;371;376;1;1;1;1;1;1;1;1;1;1;1;1;1;1;1;1;1;1;1;1;1;1;1;1;1;1;1;1;1;1;1
15400000;1;01/08/2011;17:00;0;1;561;332;459;1;26;0;0;0;;0;548;544;531;522;498;514;527;514;554;551;546;536;522;508;490;475;460;444;420;425;404;390;378;367;358;332;334;346;362;374;373;1;1;1;1;1;1;1;1;1;1;1;1;1;1;1;1;1;1;1;1;1;1;1;1;1;1;1;1;1;1;1
15400000;1;01/08/2011;;1;1;555;340;459;9;27;1;1;1;0;0;554;547;534;522;506;510;523;526;555;552;548;538;525;510;494;478;463;447;428;422;408;393;380;370;360;342;340;344;358;372;374;1;1;1;1;1;1;1;1;1;1;1;1;1;1;1;1;1;1;1;1;1;1;1;1;1;1;1;1;1;1;1
15400000;2;01/07/2011;;1;1;698;511;599;1;21;1;1;1;0;0;698;687;679;656;652;634;629;619;607;598;593;587;585;581;576;564;550;538;521;512;511;544;607;632;627;627;615;599;588;585;570;1;1;1;1;1;1;1;1;1;1;1;1;1;1;1;1;1;1;1;1;1;1;1;1;1;1;1;1;1;1;1
15400000;1;01/07/2011;07:00;0;1;;;;;;0;0;0;;0;;;;;;;;;;;;;;;;;;;;;;;;;;;;;590;591;572;0;0;0;0;0;0;0;0;0;0;0;0;0;0;0;0;0;0;0;0;0;0;0;0;0;0;0;0;1;1;1
15400000;1;01/07/2011;17:00;0;1;;;;;;0;0;0;;0;;;;;;;;;;;;;;;;;;;;;;;;;;;;;586;578;568;0;0;0;0;0;0;0;0;0;0;0;0;0;0;0;0;0;0;0;0;0;0;0;0;0;0;0;0;1;1;1
15400000;1;01/07/2011;;1;1;698;511;599;1;21;2;2;2;0;0;698;687;679;656;652;634;629;619;607;598;593;587;585;581;576;564;550;538;521;512;511;544;607;632;627;627;615;599;588;585;570;2;2;2;2;2;2;2;2;2;2;2;2;2;2;2;2;2;2;2;2;2;2;2;2;2;2;2;2;1;1;1
15400000;2;01/06/2011;;1;1;1093;692;891;3;30;2;2;2;0;0;1090;1088;1093;1087;1067;1046;1022;998;977;958;937;915;901;887;875;862;863;868;858;841;815;799;782;769;755;743;728;714;699;692;;2;2;2;2;2;2;2;2;2;2;2;2;2;2;2;2;2;2;2;2;2;2;2;2;2;2;2;2;2;2;
15400000;1;01/06/2011;;1;1;1090;706;893;1;30;2;2;2;;0;1090;1086;1084;1077;1067;1049;1023;999;978;957;938;917;905;893;877;860;853;854;858;842;821;811;787;776;762;750;740;729;717;706;;2;2;2;2;2;2;2;2;2;2;2;2;2;2;2;2;2;2;2;2;2;2;2;2;2;2;2;2;2;2;
15400000;2;01/05/2011;;1;1;1470;1105;1306;1;31;1;1;1;0;0;1470;1463;1448;1449;1436;1426;1432;1434;1436;1420;1399;1374;1352;1340;1320;1296;1287;1272;1255;1250;1241;1228;1218;1206;1192;1178;1167;1146;1132;1116;1105;1;1;1;1;1;1;1;1;1;1;1;1;1;1;1;1;1;1;1;1;1;1;1;1;1;1;1;1;1;1;1
15400000;1;01/05/2011;07:00;0;1;1475;1104;1306;1;31;0;0;0;;0;1475;1464;1460;1450;1440;1420;1432;1433;1438;1422;1410;1384;1356;1343;1324;1298;1290;1274;1262;1253;1246;1230;1220;1210;1194;1182;1174;1148;1135;1120;1106;1;1;1;1;1;1;1;1;1;1;1;1;1;1;1;1;1;1;1;1;1;1;1;1;1;1;1;1;1;1;1
15400000;1;01/05/2011;17:00;0;1;1475;1104;1306;1;31;0;0;0;;0;1464;1462;1436;1448;1431;1432;1433;1435;1433;1417;1388;1363;1348;1338;1315;1295;1284;1269;1248;1248;1236;1226;1216;1202;1189;1174;1160;1143;1129;1112;1104;1;1;1;1;1;1;1;1;1;1;1;1;1;1;1;1;1;1;1;1;1;1;1;1;1;1;1;1;1;1;1
15400000;1;01/05/2011;;1;1;1470;1105;1306;1;31;1;1;1;0;0;1470;1463;1448;1449;1436;1426;1432;1434;1436;1420;1399;1374;1352;1340;1320;1296;1287;1272;1255;1250;1241;1228;1218;1206;1192;1178;1167;1146;1132;1116;1105;1;1;1;1;1;1;1;1;1;1;1;1;1;1;1;1;1;1;1;1;1;1;1;1;1;1;1;1;1;1;1
15400000;2;01/04/2011;;1;1;1658;1475;1600;15;30;1;1;1;0;0;1572;1578;1586;1599;1605;1611;1621;1626;1633;1639;1643;1646;1650;1654;1658;1658;1656;1649;1644;1632;1618;1604;1578;1554;1530;1532;1538;1516;1492;1475;;1;1;1;1;1;1;1;1;1;1;1;1;1;1;1;1;1;1;1;1;1;1;1;1;1;1;1;1;1;1;
15400000;1;01/04/2011;07:00;0;1;1658;1470;1600;15;30;0;0;0;;0;1570;1577;1584;1598;1604;1610;1620;1625;1631;1637;1643;1646;1649;1652;1658;1658;1658;1650;1645;1640;1620;1608;1580;1564;1531;1525;1542;1520;1496;1480;;1;1;1;1;1;1;1;1;1;1;1;1;1;1;1;1;1;1;1;1;1;1;1;1;1;1;1;1;1;1;0
15400000;1;01/04/2011;17:00;0;1;1658;1470;1600;15;30;0;0;0;;0;1573;1580;1587;1600;1606;1613;1622;1628;1635;1640;1643;1647;1650;1655;1658;1658;1654;1648;1643;1623;1615;1600;1575;1544;1528;1538;1533;1512;1488;1470;;1;1;1;1;1;1;1;1;1;1;1;1;1;1;1;1;1;1;1;1;1;1;1;1;1;1;1;1;1;1;0
15400000;1;01/04/2011;;1;1;1658;1475;1600;15;30;1;1;1;0;0;1572;1578;1586;1599;1605;1611;1621;1626;1633;1639;1643;1646;1650;1654;1658;1658;1656;1649;1644;1632;1618;1604;1578;1554;1530;1532;1538;1516;1492;1475;;1;1;1;1;1;1;1;1;1;1;1;1;1;1;1;1;1;1;1;1;1;1;1;1;1;1;1;1;1;1;
15400000;2;01/03/2011;;1;1;1570;1455;1519;25;1;1;1;1;0;0;1455;1464;1466;1471;1472;1478;1483;1487;1487;1484;1484;1488;1495;1499;1506;1509;1526;1532;1540;1547;1554;1560;1560;1566;1570;1568;1567;1565;1564;1564;1566;1;1;1;1;1;1;1;1;1;1;1;1;1;1;1;1;1;1;1;1;1;1;1;1;1;1;1;1;1;1;1
15400000;1;01/03/2011;17:00;0;1;1570;1453;1519;25;1;0;0;0;;0;1457;1464;1464;1478;1474;1479;1484;1487;1486;1484;1484;1489;1496;1500;1505;1512;1528;1534;1542;1549;1556;1560;1560;1564;1570;1568;1567;1564;1564;1564;1567;1;1;1;1;1;1;1;1;1;1;1;1;1;1;1;1;1;1;1;1;1;1;1;1;1;1;1;1;1;1;1
15400000;1;01/03/2011;07:00;0;1;1570;1453;1519;25;1;0;0;0;;0;1453;1464;1467;1464;1470;1478;1482;1487;1488;1484;1484;1486;1494;1498;1506;1506;1524;1531;1537;1545;1553;1560;1560;1569;1570;1568;1567;1566;1564;1564;1564;1;1;1;1;1;1;1;1;1;1;1;1;1;1;1;1;1;1;1;1;1;1;1;1;1;1;1;1;1;1;1
15400000;1;01/03/2011;;1;1;1570;1455;1519;25;1;1;1;1;0;0;1455;1464;1466;1471;1472;1478;1483;1487;1487;1484;1484;1488;1495;1499;1506;1509;1526;1532;1540;1547;1554;1560;1560;1566;1570;1568;1567;1565;1564;1564;1566;1;1;1;1;1;1;1;1;1;1;1;1;1;1;1;1;1;1;1;1;1;1;1;1;1;1;1;1;1;1;1
15400000;2;01/02/2011;;1;1;1444;1225;1319;28;1;1;1;1;0;0;1225;1238;1244;1243;1246;1245;1245;1239;1229;1229;1232;1280;1298;1313;1326;1334;1345;1350;1367;1374;1384;1396;1405;1414;1422;1427;1434;1444;;;;1;1;1;1;1;1;1;1;1;1;1;1;1;1;1;1;1;1;1;1;1;1;1;1;1;1;1;1;;;
15400000;1;01/02/2011;17:00;0;1;1445;1222;1319;28;1;0;0;0;;0;1228;1239;1244;1240;1249;1243;1244;1236;1230;1230;1229;1284;1301;1320;1328;1336;1348;1346;1369;1376;1385;1397;1408;1416;1425;1428;1436;1445;;;;1;1;1;1;1;1;1;1;1;1;1;1;1;1;1;1;1;1;1;1;1;1;1;1;1;1;1;1;0;0;0
15400000;1;01/02/2011;07:00;0;1;1445;1222;1319;28;1;0;0;0;;0;1222;1236;1244;1246;1244;1247;1246;1242;1228;1228;1234;1276;1296;1306;1324;1332;1342;1354;1365;1372;1382;1394;1402;1412;1419;1426;1432;1442;;;;1;1;1;1;1;1;1;1;1;1;1;1;1;1;1;1;1;1;1;1;1;1;1;1;1;1;1;1;0;0;0
15400000;1;01/02/2011;;1;1;1444;1225;1319;28;1;1;1;1;0;0;1225;1238;1244;1243;1246;1245;1245;1239;1229;1229;1232;1280;1298;1313;1326;1334;1345;1350;1367;1374;1384;1396;1405;1414;1422;1427;1434;1444;;;;1;1;1;1;1;1;1;1;1;1;1;1;1;1;1;1;1;1;1;1;1;1;1;1;1;1;1;1;;;
15400000;2;01/01/2011;;1;1;1199;846;1013;31;1;1;1;1;0;0;846;863;877;916;981;1003;1001;996;994;977;962;968;975;973;964;965;974;993;1006;1026;1033;1050;1066;1072;1065;1064;1097;1139;1177;1169;1199;1;1;1;1;1;1;1;1;1;1;1;1;1;1;1;1;1;1;1;1;1;1;1;1;1;1;1;1;1;1;1
15400000;1;01/01/2011;17:00;0;1;;;;;;0;0;0;;0;851;865;878;919;988;1004;999;994;992;973;960;970;976;972;963;966;976;996;1012;1029;1034;1051;1070;1070;1064;1066;1108;1142;1188;1138;;1;1;1;1;1;1;1;1;1;1;1;1;1;1;1;1;1;1;1;1;1;1;1;1;1;1;1;1;1;1;0
15400000;1;01/01/2011;07:00;0;1;;;;;;0;0;0;;0;840;861;876;912;973;1001;1002;998;996;980;964;966;974;974;964;964;972;990;999;1022;1032;1048;1062;1074;1066;1062;1086;1136;1166;1199;;1;1;1;1;1;1;1;1;1;1;1;1;1;1;1;1;1;1;1;1;1;1;1;1;1;1;1;1;1;1;0
15400000;1;01/01/2011;;1;1;1199;846;1013;31;1;2;2;2;0;0;846;863;877;916;981;1003;1001;996;994;977;962;968;975;973;964;965;974;993;1006;1026;1033;1050;1066;1072;1065;1064;1097;1139;1177;1169;1199;1;1;1;1;1;1;1;1;1;1;1;1;1;1;1;1;1;1;1;1;1;1;1;1;1;1;1;1;1;1;2
15400000;2;01/12/2010;;1;1;838;591;670;31;5;1;1;1;0;0;600;617;612;602;591;594;608;626;650;684;711;700;671;646;622;609;604;608;618;648;690;710;688;668;698;702;732;778;814;829;838;1;1;1;1;1;1;1;1;1;1;1;1;1;1;1;1;1;1;1;1;1;1;1;1;1;1;1;1;1;1;1
15400000;1;01/12/2010;17:00;0;1;847;591;670;31;5;0;0;0;;0;606;618;610;599;591;596;611;629;659;690;712;696;666;640;618;608;604;610;620;654;696;710;663;700;697;710;747;790;829;836;847;1;1;1;1;1;1;1;1;1;1;1;1;1;1;1;1;1;1;1;1;1;1;1;1;1;1;1;1;1;1;1
15400000;1;01/12/2010;07:00;0;1;847;591;670;31;5;0;0;0;;0;593;616;613;606;591;592;604;622;640;678;710;704;676;652;626;610;604;607;617;642;684;710;712;636;698;695;717;766;800;822;830;1;1;1;1;1;1;1;1;1;1;1;1;1;1;1;1;1;1;1;1;1;1;1;1;1;1;1;1;1;1;1
15400000;1;01/12/2010;;1;1;838;591;670;31;5;1;1;1;0;0;600;617;612;602;591;594;608;626;650;684;711;700;671;646;622;609;604;608;618;648;690;710;688;668;698;702;732;778;814;829;838;1;1;1;1;1;1;1;1;1;1;1;1;1;1;1;1;1;1;1;1;1;1;1;1;1;1;1;1;1;1;1
15400000;2;01/11/2010;;1;1;553;368;453;30;1;1;1;1;0;0;368;382;399;407;401;395;405;444;519;522;521;500;478;461;453;447;444;442;444;442;441;434;426;417;424;457;504;526;531;553;;1;1;1;1;1;1;1;1;1;1;1;1;1;1;1;1;1;1;1;1;1;1;1;1;1;1;1;1;1;1;
15400000;1;01/11/2010;07:00;0;1;562;366;453;30;1;0;0;0;;0;366;379;396;407;404;395;394;432;489;520;524;504;482;464;454;449;444;442;444;443;442;436;428;418;419;448;497;524;530;544;;1;1;1;1;1;1;1;1;1;1;1;1;1;1;1;1;1;1;1;1;1;1;1;1;1;1;1;1;1;1;0
15400000;1;01/11/2010;17:00;0;1;562;366;453;30;1;0;0;0;;0;370;386;402;406;398;395;416;457;549;524;518;495;474;457;452;446;444;442;444;442;440;431;424;416;428;465;512;529;532;562;;1;1;1;1;1;1;1;1;1;1;1;1;1;1;1;1;1;1;1;1;1;1;1;1;1;1;1;1;1;1;0
15400000;1;01/11/2010;;1;1;553;368;453;30;1;1;1;1;0;0;368;382;399;407;401;395;405;444;519;522;521;500;478;461;453;447;444;442;444;442;441;434;426;417;424;457;504;526;531;553;;1;1;1;1;1;1;1;1;1;1;1;1;1;1;1;1;1;1;1;1;1;1;1;1;1;1;1;1;1;1;
15400000;2;01/10/2010;;1;1;358;228;293;31;4;1;1;1;0;0;244;237;233;228;228;238;251;260;264;265;266;272;289;311;319;314;306;301;299;308;322;336;334;330;317;312;316;324;336;352;358;1;1;1;1;1;1;1;1;1;1;1;1;1;1;1;1;1;1;1;1;1;1;1;1;1;1;1;1;1;1;1
15400000;1;01/10/2010;17:00;0;1;359;227;293;31;4;0;0;0;;0;242;234;230;227;228;241;254;261;264;265;267;275;294;316;320;313;304;301;299;310;329;337;334;327;312;313;317;327;339;354;359;1;1;1;1;1;1;1;1;1;1;1;1;1;1;1;1;1;1;1;1;1;1;1;1;1;1;1;1;1;1;1
15400000;1;01/10/2010;07:00;0;1;359;227;293;31;4;0;0;0;;0;245;240;235;228;229;234;248;258;263;265;266;270;284;306;318;316;309;301;299;306;315;334;335;332;322;310;315;321;334;350;356;1;1;1;1;1;1;1;1;1;1;1;1;1;1;1;1;1;1;1;1;1;1;1;1;1;1;1;1;1;1;1
15400000;1;01/10/2010;;1;1;358;228;293;31;4;1;1;1;0;0;244;237;233;228;228;238;251;260;264;265;266;272;289;311;319;314;306;301;299;308;322;336;334;330;317;312;316;324;336;352;358;1;1;1;1;1;1;1;1;1;1;1;1;1;1;1;1;1;1;1;1;1;1;1;1;1;1;1;1;1;1;1
15400000;2;01/09/2010;;1;1;370;258;294;15;9;1;1;1;0;0;280;274;270;272;266;264;260;260;258;266;280;297;324;351;370;368;362;348;332;320;306;298;295;276;274;274;272;268;269;272;;1;1;1;1;1;1;1;1;1;1;1;1;1;1;1;1;1;1;1;1;1;1;1;1;1;1;1;1;1;1;
15400000;1;01/09/2010;07:00;0;1;372;256;294;16;8;0;0;0;;0;283;275;271;272;267;264;261;263;256;263;276;285;319;346;369;372;363;350;334;322;309;299;296;280;274;274;272;267;269;272;;1;1;1;1;1;1;1;1;1;1;1;1;1;1;1;1;1;1;1;1;1;1;1;1;1;1;1;1;1;1;0
15400000;1;01/09/2010;17:00;0;1;372;256;294;16;8;0;0;0;;0;278;273;269;273;266;263;259;256;259;268;285;309;328;356;370;365;362;347;330;319;302;298;294;271;274;274;271;268;269;273;;1;1;1;1;1;1;1;1;1;1;1;1;1;1;1;1;1;1;1;1;1;1;1;1;1;1;1;1;1;1;0
15400000;1;01/09/2010;;1;1;370;258;294;15;9;1;1;1;0;0;280;274;270;272;266;264;260;260;258;266;280;297;324;351;370;368;362;348;332;320;306;298;295;276;274;274;272;268;269;272;;1;1;1;1;1;1;1;1;1;1;1;1;1;1;1;1;1;1;1;1;1;1;1;1;1;1;1;1;1;1;
15400000;2;01/08/2010;;1;1;462;285;369;1;31;2;2;2;0;0;462;453;447;439;429;419;415;404;407;420;431;427;414;399;378;370;361;351;337;326;321;316;317;313;310;304;299;299;294;289;285;2;2;2;2;2;2;2;2;2;2;2;2;2;2;2;2;2;2;2;2;2;2;1;1;1;1;1;1;1;1;1
15400000;1;01/08/2010;07:00;0;1;;;;;;0;0;0;;0;334;328;321;317;314;311;306;300;300;295;291;286;;;;;;;;334;328;325;317;314;311;306;300;300;295;291;286;1;1;1;1;1;1;1;1;1;1;1;1;0;0;0;0;0;0;0;1;1;1;1;1;1;1;1;1;1;1;1
15400000;1;01/08/2010;17:00;0;1;;;;;;0;0;0;;0;332;324;319;316;312;309;302;298;297;293;287;284;;;;;;;;332;324;319;316;312;309;302;298;297;293;287;284;1;1;1;1;1;1;1;1;1;1;1;1;0;0;0;0;0;0;0;1;1;1;1;1;1;1;1;1;1;1;1
15400000;1;01/08/2010;;1;1;;;;;;0;0;0;0;0;333;326;320;317;313;310;304;299;299;294;289;285;;;;;;;;333;326;322;317;313;310;304;299;299;294;289;285;1;1;1;1;1;1;1;1;1;1;1;1;;;;;;;;1;1;1;1;1;1;1;1;1;1;1;1
15400000;2;01/07/2010;;1;1;622;440;521;1;16;2;2;2;0;0;622;570;560;546;537;535;537;538;526;510;497;476;458;458;447;440;449;479;544;568;562;552;551;554;555;550;537;522;506;488;475;2;2;2;2;2;2;2;2;2;2;2;2;2;2;2;2;2;2;2;2;2;2;2;2;2;2;2;2;2;2;2
15400000;1;01/07/2010;;1;1;568;444;511;1;17;2;2;2;;0;568;561;553;546;538;529;524;523;524;515;504;489;475;463;454;446;444;451;482;521;539;538;536;536;536;535;528;518;505;490;478;2;2;2;2;2;2;2;2;2;2;2;2;2;2;2;2;2;2;2;2;2;2;2;2;2;2;2;2;2;2;2
15400000;2;01/06/2010;;1;1;1029;598;789;1;29;2;2;2;0;0;1029;1000;972;948;934;948;966;963;941;908;874;848;820;796;776;759;744;726;710;694;681;668;652;638;628;618;612;605;598;610;;1;1;1;1;1;1;1;1;1;1;1;1;1;1;1;1;1;1;1;1;1;1;1;1;1;1;1;1;2;2;
15400000;1;01/06/2010;07:00;0;1;1034;581;788;1;30;0;0;0;;0;1034;1010;980;952;930;944;966;966;946;916;884;852;824;801;781;764;750;730;714;698;684;671;655;640;630;620;614;608;598;586;;1;1;1;1;1;1;1;1;1;1;1;1;1;1;1;1;1;1;1;1;1;1;1;1;1;1;1;1;1;1;0
15400000;1;01/06/2010;17:00;0;1;1034;581;788;1;30;0;0;0;;0;1024;990;965;945;937;952;966;960;936;900;865;843;816;790;771;754;738;721;707;690;678;664;648;635;625;616;610;602;592;581;;1;1;1;1;1;1;1;1;1;1;1;1;1;1;1;1;1;1;1;1;1;1;1;1;1;1;1;1;1;1;0
15400000;1;01/06/2010;;1;1;1029;584;788;1;30;1;1;1;0;0;1029;1000;972;948;934;948;966;963;941;908;874;848;820;796;776;759;744;726;710;694;681;668;652;638;628;618;612;605;595;584;;1;1;1;1;1;1;1;1;1;1;1;1;1;1;1;1;1;1;1;1;1;1;1;1;1;1;1;1;1;1;
15400000;2;01/05/2010;;1;1;1370;992;1181;6;29;1;1;1;0;0;1247;1245;1252;1296;1345;1370;1360;1340;1318;1304;1290;1274;1258;1244;1231;1219;1202;1180;1146;1113;1086;1062;1044;1042;1049;1042;1027;997;992;1016;1033;1;1;1;1;1;1;1;1;1;1;1;1;1;1;1;1;1;1;1;1;1;1;1;1;1;1;1;1;1;1;1
15400000;1;01/05/2010;07:00;0;1;1374;988;1181;6;29;0;0;0;;0;1250;1246;1247;1285;1340;1366;1366;1345;1322;1308;1295;1276;1260;1249;1233;1224;1207;1187;1155;1121;1093;1068;1045;1040;1050;1044;1034;1000;988;1012;1032;1;1;1;1;1;1;1;1;1;1;1;1;1;1;1;1;1;1;1;1;1;1;1;1;1;1;1;1;1;1;1
15400000;1;01/05/2010;17:00;0;1;1374;988;1181;6;29;0;0;0;;0;1244;1244;1256;1306;1350;1374;1355;1335;1315;1300;1286;1273;1255;1240;1229;1214;1197;1174;1138;1105;1080;1055;1042;1045;1048;1039;1020;994;996;1020;1034;1;1;1;1;1;1;1;1;1;1;1;1;1;1;1;1;1;1;1;1;1;1;1;1;1;1;1;1;1;1;1
15400000;1;01/05/2010;;1;1;1370;992;1181;6;29;1;1;1;0;0;1247;1245;1252;1296;1345;1370;1360;1340;1318;1304;1290;1274;1258;1244;1231;1219;1202;1180;1146;1113;1086;1062;1044;1042;1049;1042;1027;997;992;1016;1033;1;1;1;1;1;1;1;1;1;1;1;1;1;1;1;1;1;1;1;1;1;1;1;1;1;1;1;1;1;1;1
15400000;2;01/04/2010;;1;1;1557;1253;1404;3;30;1;1;1;0;0;1548;1555;1557;1552;1544;1535;1520;1501;1490;1472;1467;1461;1448;1434;1415;1395;1378;1364;1346;1331;1315;1297;1288;1284;1282;1282;1276;1268;1261;1253;;1;1;1;1;1;1;1;1;1;1;1;1;1;1;1;1;1;1;1;1;1;1;1;1;1;1;1;1;1;1;
15400000;1;01/04/2010;07:00;0;1;1558;1250;1404;3;30;0;0;0;;0;1546;1554;1558;1554;1546;1538;1526;1504;1494;1475;1468;1464;1450;1438;1420;1400;1380;1368;1350;1336;1320;1300;1290;1285;1282;1283;1278;1270;1262;1256;;1;1;1;1;1;1;1;1;1;1;1;1;1;1;1;1;1;1;1;1;1;1;1;1;1;1;1;1;1;1;0
15400000;1;01/04/2010;17:00;0;1;1558;1250;1404;3;30;0;0;0;;0;1550;1556;1556;1550;1542;1532;1514;1498;1485;1470;1466;1458;1445;1430;1410;1390;1376;1360;1343;1326;1310;1294;1287;1282;1282;1280;1274;1267;1260;1250;;1;1;1;1;1;1;1;1;1;1;1;1;1;1;1;1;1;1;1;1;1;1;1;1;1;1;1;1;1;1;0
15400000;1;01/04/2010;;1;1;1557;1253;1404;3;30;1;1;1;0;0;1548;1555;1557;1552;1544;1535;1520;1501;1490;1472;1467;1461;1448;1434;1415;1395;1378;1364;1346;1331;1315;1297;1288;1284;1282;1282;1276;1268;1261;1253;;1;1;1;1;1;1;1;1;1;1;1;1;1;1;1;1;1;1;1;1;1;1;1;1;1;1;1;1;1;1;
15400000;2;01/03/2010;;1;1;1538;1445;1498;11;1;1;1;1;0;0;1445;1451;1455;1465;1485;1503;1512;1520;1526;1534;1538;1536;1528;1516;1504;1490;1472;1466;1472;1476;1490;1502;1508;1508;1502;1494;1492;1496;1500;1513;1533;1;1;1;1;1;1;1;1;1;1;1;1;1;1;1;1;1;1;1;1;1;1;1;1;1;1;1;1;1;1;1
15400000;1;01/03/2010;07:00;0;1;1538;1444;1498;11;1;0;0;0;;0;1444;1450;1454;1460;1480;1501;1510;1518;1524;1532;1538;1538;1530;1520;1507;1494;1475;1465;1472;1474;1485;1501;1508;1509;1504;1494;1492;1494;1500;1508;1528;1;1;1;1;1;1;1;1;1;1;1;1;1;1;1;1;1;1;1;1;1;1;1;1;1;1;1;1;1;1;1
15400000;1;01/03/2010;17:00;0;1;1538;1444;1498;11;1;0;0;0;;0;1446;1452;1456;1470;1490;1505;1514;1521;1528;1535;1538;1535;1525;1513;1500;1485;1470;1468;1473;1479;1495;1504;1508;1506;1500;1494;1492;1498;1500;1518;1538;1;1;1;1;1;1;1;1;1;1;1;1;1;1;1;1;1;1;1;1;1;1;1;1;1;1;1;1;1;1;1
15400000;1;01/03/2010;;1;1;1538;1445;1498;11;1;1;1;1;0;0;1445;1451;1455;1465;1485;1503;1512;1520;1526;1534;1538;1536;1528;1516;1504;1490;1472;1466;1472;1476;1490;1502;1508;1508;1502;1494;1492;1496;1500;1513;1533;1;1;1;1;1;1;1;1;1;1;1;1;1;1;1;1;1;1;1;1;1;1;1;1;1;1;1;1;1;1;1
15400000;2;01/02/2010;;1;1;1442;1397;1417;28;16;1;1;1;0;0;1407;1411;1412;1405;1401;1400;1408;1420;1430;1432;1435;1434;1428;1413;1402;1397;1403;1409;1411;1416;1420;1421;1415;1413;1417;1426;1439;1442;;;;1;1;1;1;1;1;1;1;1;1;1;1;1;1;1;1;1;1;1;1;1;1;1;1;1;1;1;1;;;
15400000;1;01/02/2010;07:00;0;1;1442;1396;1417;28;16;0;0;0;;0;1406;1410;1414;1406;1402;1398;1407;1416;1429;1431;1435;1435;1433;1416;1404;1396;1402;1408;1410;1415;1420;1422;1416;1412;1416;1422;1438;1442;;;;1;1;1;1;1;1;1;1;1;1;1;1;1;1;1;1;1;1;1;1;1;1;1;1;1;1;1;1;0;0;0
15400000;1;01/02/2010;17:00;0;1;1442;1396;1417;28;16;0;0;0;;0;1408;1412;1410;1404;1400;1403;1410;1423;1430;1433;1435;1434;1424;1410;1400;1398;1404;1410;1412;1416;1420;1420;1414;1414;1418;1430;1440;1442;;;;1;1;1;1;1;1;1;1;1;1;1;1;1;1;1;1;1;1;1;1;1;1;1;1;1;1;1;1;0;0;0
15400000;1;01/02/2010;;1;1;1442;1397;1417;28;16;1;1;1;0;0;1407;1411;1412;1405;1401;1400;1408;1420;1430;1432;1435;1434;1428;1413;1402;1397;1403;1409;1411;1416;1420;1421;1415;1413;1417;1426;1439;1442;;;;1;1;1;1;1;1;1;1;1;1;1;1;1;1;1;1;1;1;1;1;1;1;1;1;1;1;1;1;;;
15400000;2;01/01/2010;;1;1;1407;1182;1279;30;8;1;1;1;0;0;1245;1226;1220;1222;1217;1202;1184;1182;1200;1210;1204;1196;1190;1212;1248;1271;1278;1284;1286;1298;1308;1322;1332;1344;1371;1387;1398;1406;1405;1407;1404;1;1;1;1;1;1;1;1;1;1;1;1;1;1;1;1;1;1;1;1;1;1;1;1;1;1;1;1;1;1;1
15400000;1;01/01/2010;07:00;0;1;1408;1176;1279;30;8;0;0;0;;0;1252;1228;1220;1223;1220;1206;1188;1176;1195;1212;1206;1198;1187;1204;1242;1270;1276;1284;1283;1296;1304;1319;1330;1340;1366;1384;1396;1406;1404;1408;1404;1;1;1;1;1;1;1;1;1;1;1;1;1;1;1;1;1;1;1;1;1;1;1;1;1;1;1;1;1;1;1
15400000;1;01/01/2010;17:00;0;1;1408;1176;1279;30;8;0;0;0;;0;1238;1224;1220;1221;1214;1198;1180;1188;1206;1208;1203;1194;1194;1220;1255;1272;1280;1284;1288;1300;1312;1324;1335;1348;1376;1390;1400;1405;1406;1406;1404;1;1;1;1;1;1;1;1;1;1;1;1;1;1;1;1;1;1;1;1;1;1;1;1;1;1;1;1;1;1;1
15400000;1;01/01/2010;;1;1;1407;1182;1279;30;8;1;1;1;0;0;1245;1226;1220;1222;1217;1202;1184;1182;1200;1210;1204;1196;1190;1212;1248;1271;1278;1284;1286;1298;1308;1322;1332;1344;1371;1387;1398;1406;1405;1407;1404;1;1;1;1;1;1;1;1;1;1;1;1;1;1;1;1;1;1;1;1;1;1;1;1;1;1;1;1;1;1;1
15400000;2;01/12/2009;;1;1;1271;828;1056;31;1;1;1;1;0;0;828;838;848;878;920;954;968;978;994;1018;1032;1025;1021;1022;1030;1042;1059;1084;1105;1114;1110;1097;1085;1092;1139;1192;1224;1243;1258;1267;1271;1;1;1;1;1;1;1;1;1;1;1;1;1;1;1;1;1;1;1;1;1;1;1;1;1;1;1;1;1;1;1
15400000;1;01/12/2009;07:00;0;1;1276;825;1056;31;1;0;0;0;;0;825;837;842;865;910;950;967;974;989;1012;1033;1026;1022;1020;1028;1038;1054;1078;1102;1115;1113;1100;1086;1093;1124;1184;1218;1240;1256;1264;1276;1;1;1;1;1;1;1;1;1;1;1;1;1;1;1;1;1;1;1;1;1;1;1;1;1;1;1;1;1;1;1
15400000;1;01/12/2009;17:00;0;1;1276;825;1056;31;1;0;0;0;;0;830;839;854;890;930;958;970;982;1000;1023;1030;1024;1020;1025;1033;1046;1064;1090;1108;1114;1106;1094;1084;1090;1154;1200;1230;1246;1260;1270;1266;1;1;1;1;1;1;1;1;1;1;1;1;1;1;1;1;1;1;1;1;1;1;1;1;1;1;1;1;1;1;1
15400000;1;01/12/2009;;1;1;1271;828;1056;31;1;1;1;1;0;0;828;838;848;878;920;954;968;978;994;1018;1032;1025;1021;1022;1030;1042;1059;1084;1105;1114;1110;1097;1085;1092;1139;1192;1224;1243;1258;1267;1271;1;1;1;1;1;1;1;1;1;1;1;1;1;1;1;1;1;1;1;1;1;1;1;1;1;1;1;1;1;1;1
15400000;2;01/11/2009;;1;1;817;553;701;30;1;1;1;1;0;0;553;554;573;591;593;589;589;585;583;584;591;605;669;748;793;796;778;766;761;758;761;772;792;806;813;805;802;802;809;817;;1;1;1;1;1;1;1;1;1;1;1;1;1;1;1;1;1;1;1;1;1;1;1;1;1;1;1;1;1;1;
15400000;1;01/11/2009;17:00;0;1;820;551;701;30;2;0;0;0;;0;552;556;578;592;590;590;588;584;586;585;594;610;690;761;795;793;774;764;760;757;763;777;796;809;811;803;803;803;810;820;;;;;;;;;;;;;;;;;;;;;;;;;;;;;;;;0
15400000;1;01/11/2009;07:00;0;1;820;551;701;30;2;0;0;0;;0;554;551;568;589;596;588;590;586;580;582;588;600;647;734;791;799;781;767;762;759;758;766;788;803;815;807;801;801;807;814;;;;;;;;;;;;;;;;;;;;;;;;;;;;;;;;0
15400000;1;01/11/2009;;1;1;817;553;701;30;1;1;1;1;0;0;553;554;573;591;593;589;589;585;583;584;591;605;669;748;793;796;778;766;761;758;761;772;792;806;813;805;802;802;809;817;;1;1;1;1;1;1;1;1;1;1;1;1;1;1;1;1;1;1;1;1;1;1;1;1;1;1;1;1;1;1;
15400000;2;01/10/2009;;1;1;596;448;529;1;17;1;1;1;0;0;596;585;560;537;526;548;570;570;554;536;513;496;484;476;456;450;448;454;462;482;516;539;548;565;569;570;560;550;550;559;559;1;1;1;1;1;1;1;1;1;1;1;1;1;1;1;1;1;1;1;1;1;1;1;1;1;1;1;1;1;1;1
15400000;1;01/10/2009;17:00;0;1;598;447;529;1;17;0;0;0;;0;595;580;554;533;528;554;572;570;550;532;508;491;483;469;454;449;449;456;466;488;523;540;553;566;570;567;557;550;553;559;558;1;1;1;1;1;1;1;1;1;1;1;1;1;1;1;1;1;1;1;1;1;1;1;1;1;1;1;1;1;1;1
15400000;1;01/10/2009;07:00;0;1;598;447;529;1;17;0;0;0;;0;598;590;567;541;525;541;567;571;559;540;518;500;485;482;457;450;447;452;458;475;510;538;542;564;568;572;563;550;548;559;560;1;1;1;1;1;1;1;1;1;1;1;1;1;1;1;1;1;1;1;1;1;1;1;1;1;1;1;1;1;1;1
15400000;1;01/10/2009;;1;1;596;448;529;1;17;1;1;1;0;0;596;585;560;537;526;548;570;570;554;536;513;496;484;476;456;450;448;454;462;482;516;539;548;565;569;570;560;550;550;559;559;1;1;1;1;1;1;1;1;1;1;1;1;1;1;1;1;1;1;1;1;1;1;1;1;1;1;1;1;1;1;1
15400000;2;01/09/2009;;1;1;601;410;476;1;27;1;1;1;0;0;601;590;574;558;539;520;504;491;476;466;457;450;451;450;444;436;429;431;444;456;461;456;445;433;424;414;410;418;488;574;;1;1;1;1;1;1;1;1;1;1;1;1;1;1;1;1;1;1;1;1;1;1;1;1;1;1;1;1;1;1;
15400000;1;01/09/2009;07:00;0;1;603;409;476;1;27;0;0;0;;0;603;594;579;562;544;524;508;494;478;468;459;450;451;451;447;438;429;428;440;454;461;458;448;436;426;416;409;411;466;564;;1;1;1;1;1;1;1;1;1;1;1;1;1;1;1;1;1;1;1;1;1;1;1;1;1;1;1;1;1;1;0
15400000;1;01/09/2009;17:00;0;1;603;409;476;1;27;0;0;0;;0;599;586;570;554;534;516;501;488;473;464;455;450;451;449;442;434;429;434;448;457;460;453;442;430;421;413;410;425;510;584;;1;1;1;1;1;1;1;1;1;1;1;1;1;1;1;1;1;1;1;1;1;1;1;1;1;1;1;1;1;1;0
15400000;1;01/09/2009;;1;1;601;410;476;1;27;1;1;1;0;0;601;590;574;558;539;520;504;491;476;466;457;450;451;450;444;436;429;431;444;456;461;456;445;433;424;414;410;418;488;574;;1;1;1;1;1;1;1;1;1;1;1;1;1;1;1;1;1;1;1;1;1;1;1;1;1;1;1;1;1;1;
15400000;2;01/08/2009;;1;1;760;586;668;1;27;1;1;1;0;0;760;752;741;726;711;696;684;677;682;698;709;711;706;700;694;686;680;676;674;664;652;636;620;605;594;590;586;587;598;604;604;1;1;1;1;1;1;1;1;1;1;1;1;1;1;1;1;1;1;1;1;1;1;1;1;1;1;1;1;1;1;1
15400000;1;01/08/2009;17:00;0;1;760;584;668;1;28;0;0;0;;0;760;750;738;722;707;693;682;677;686;702;710;710;704;698;692;684;679;676;672;661;648;632;616;602;592;588;585;590;600;604;604;1;1;1;1;1;1;1;1;1;1;1;1;1;1;1;1;1;1;1;1;1;1;1;1;1;1;1;1;1;1;1
15400000;1;01/08/2009;07:00;0;1;760;584;668;1;28;0;0;0;;0;760;755;744;730;715;700;687;677;678;694;708;712;707;701;696;687;680;677;675;668;655;640;624;608;596;591;586;584;596;604;604;1;1;1;1;1;1;1;1;1;1;1;1;1;1;1;1;1;1;1;1;1;1;1;1;1;1;1;1;1;1;1
15400000;1;01/08/2009;;1;1;760;586;668;1;27;1;1;1;0;0;760;752;741;726;711;696;684;677;682;698;709;711;706;700;694;686;680;676;674;664;652;636;620;605;594;590;586;587;598;604;604;1;1;1;1;1;1;1;1;1;1;1;1;1;1;1;1;1;1;1;1;1;1;1;1;1;1;1;1;1;1;1
15400000;2;01/07/2009;;1;1;1052;760;908;1;30;1;1;1;0;0;1052;1034;1009;985;965;943;924;909;895;892;909;930;948;965;984;996;998;980;956;926;894;870;851;842;832;812;792;775;764;760;760;1;1;1;1;1;1;1;1;1;1;1;1;1;1;1;1;1;1;1;1;1;1;1;1;1;1;1;1;1;1;1
15400000;1;01/07/2009;17:00;0;1;1053;760;908;1;30;0;0;0;;0;1050;1030;1002;980;960;938;920;906;894;894;915;935;952;970;988;998;995;974;946;918;887;865;848;840;827;807;788;772;762;760;760;1;1;1;1;1;1;1;1;1;1;1;1;1;1;1;1;1;1;1;1;1;1;1;1;1;1;1;1;1;1;1
15400000;1;01/07/2009;07:00;0;1;1053;760;908;1;30;0;0;0;;0;1053;1038;1015;990;970;948;928;911;896;890;902;926;944;960;980;995;1002;985;966;934;902;875;854;844;836;818;796;778;766;760;760;1;1;1;1;1;1;1;1;1;1;1;1;1;1;1;1;1;1;1;1;1;1;1;1;1;1;1;1;1;1;1
15400000;1;01/07/2009;;1;1;1052;760;908;1;30;1;1;1;0;0;1052;1034;1009;985;965;943;924;909;895;892;909;930;948;965;984;996;998;980;956;926;894;870;851;842;832;812;792;775;764;760;760;1;1;1;1;1;1;1;1;1;1;1;1;1;1;1;1;1;1;1;1;1;1;1;1;1;1;1;1;1;1;1
15400000;2;01/06/2009;;1;1;1248;993;1127;6;27;1;1;1;0;0;1227;1227;1228;1238;1246;1248;1240;1235;1226;1202;1185;1168;1150;1133;1120;1103;1088;1084;1086;1079;1073;1059;1046;1032;1018;1004;993;998;1030;1052;;1;1;1;1;1;1;1;1;1;1;1;1;1;1;1;1;1;1;1;1;1;1;1;1;1;1;1;1;1;1;
15400000;1;01/06/2009;17:00;0;1;1252;990;1127;6;28;0;0;0;;0;1227;1227;1230;1240;1248;1245;1239;1234;1219;1198;1180;1163;1145;1130;1115;1100;1087;1085;1086;1078;1073;1056;1043;1028;1015;1002;992;1005;1037;1052;;1;1;1;1;1;1;1;1;1;1;1;1;1;1;1;1;1;1;1;1;1;1;1;1;1;1;1;1;1;1;0
15400000;1;01/06/2009;07:00;0;1;1252;990;1127;6;28;0;0;0;;0;1227;1227;1227;1235;1244;1252;1241;1236;1233;1206;1190;1172;1154;1136;1124;1106;1090;1083;1086;1080;1073;1062;1049;1036;1021;1007;993;990;1024;1052;;1;1;1;1;1;1;1;1;1;1;1;1;1;1;1;1;1;1;1;1;1;1;1;1;1;1;1;1;1;1;0
15400000;1;01/06/2009;;1;1;1248;993;1127;6;27;1;1;1;0;0;1227;1227;1228;1238;1246;1248;1240;1235;1226;1202;1185;1168;1150;1133;1120;1103;1088;1084;1086;1079;1073;1059;1046;1032;1018;1004;993;998;1030;1052;;1;1;1;1;1;1;1;1;1;1;1;1;1;1;1;1;1;1;1;1;1;1;1;1;1;1;1;1;1;1;
15400000;2;01/05/2009;;1;1;1506;1232;1369;1;31;1;1;1;0;0;1506;1494;1475;1455;1434;1422;1415;1411;1404;1397;1398;1400;1400;1400;1398;1390;1380;1376;1370;1360;1347;1334;1323;1310;1296;1281;1269;1261;1251;1240;1232;1;1;1;1;1;1;1;1;1;1;1;1;1;1;1;1;1;1;1;1;1;1;1;1;1;1;1;1;1;1;1
15400000;1;01/05/2009;17:00;0;1;1508;1230;1369;1;31;0;0;0;;0;1504;1490;1470;1450;1430;1420;1414;1410;1402;1398;1399;1400;1400;1400;1396;1387;1379;1375;1367;1358;1344;1331;1320;1307;1292;1277;1267;1258;1248;1238;1230;;;;;;;;;;;;;;;;;;;;;;;;;;;;;;;
15400000;1;01/05/2009;07:00;0;1;1508;1230;1369;1;31;0;0;0;;0;1508;1498;1480;1460;1439;1424;1416;1412;1406;1396;1398;1400;1400;1400;1399;1394;1381;1377;1372;1362;1350;1338;1326;1314;1300;1285;1271;1264;1254;1242;1234;;;;;;;;;;;;;;;;;;;;;;;;;;;;;;;
15400000;1;01/05/2009;;1;1;1506;1232;1369;1;31;1;1;1;0;0;1506;1494;1475;1455;1434;1422;1415;1411;1404;1397;1398;1400;1400;1400;1398;1390;1380;1376;1370;1360;1347;1334;1323;1310;1296;1281;1269;1261;1251;1240;1232;;;;;;;;;;;;;;;;;;;;;;;;;;;;;;;
15400000;2;01/04/2009;;1;1;1554;1456;1514;4;27;1;1;1;0;0;1534;1544;1551;1554;1550;1542;1533;1520;1511;1502;1502;1498;1498;1508;1524;1534;1543;1546;1540;1532;1525;1514;1500;1484;1474;1462;1456;1460;1483;1504;;1;1;1;1;1;1;1;1;1;1;1;1;1;1;1;1;1;1;1;1;1;1;1;1;1;1;1;1;1;1;
15400000;1;01/04/2009;17:00;0;1;1554;1455;1514;4;28;0;0;0;;0;1536;1546;1552;1553;1548;1540;1530;1518;1508;1502;1500;1497;1500;1512;1527;1537;1544;1547;1538;1530;1523;1510;1496;1482;1471;1460;1456;1466;1490;1505;;;;;;;;;;;;;;;;;;;;;;;;;;;;;;;;0
15400000;1;01/04/2009;07:00;0;1;1554;1455;1514;4;28;0;0;0;;0;1532;1542;1550;1554;1552;1545;1536;1523;1514;1502;1503;1498;1496;1504;1520;1532;1542;1546;1542;1533;1527;1517;1504;1486;1478;1465;1456;1455;1476;1503;;;;;;;;;;;;;;;;;;;;;;;;;;;;;;;;0
15400000;1;01/04/2009;;1;1;1554;1456;1514;4;27;1;1;1;0;0;1534;1544;1551;1554;1550;1542;1533;1520;1511;1502;1502;1498;1498;1508;1524;1534;1543;1546;1540;1532;1525;1514;1500;1484;1474;1462;1456;1460;1483;1504;;;;;;;;;;;;;;;;;;;;;;;;;;;;;;;;
15400000;2;01/03/2009;;1;1;1524;1396;1467;31;1;1;1;1;0;0;1396;1406;1416;1434;1447;1458;1464;1466;1468;1464;1458;1454;1449;1446;1442;1440;1453;1471;1482;1494;1504;1505;1498;1491;1486;1482;1482;1492;1503;1514;1524;1;1;1;1;1;1;1;1;1;1;1;1;1;1;1;1;1;1;1;1;1;1;1;1;1;1;1;1;1;1;1
15400000;1;01/03/2009;17:00;0;1;1526;1394;1467;31;1;0;0;0;;0;1398;1409;1418;1436;1450;1459;1465;1466;1467;1463;1458;1453;1448;1446;1441;1443;1458;1474;1485;1497;1505;1503;1496;1490;1485;1481;1484;1495;1506;1518;1526;;;;;;;;;;;;;;;;;;;;;;;;;;;;;;;
15400000;1;01/03/2009;07:00;0;1;1526;1394;1467;31;1;0;0;0;;0;1394;1402;1415;1431;1444;1456;1463;1465;1468;1466;1459;1456;1450;1446;1444;1438;1448;1468;1480;1490;1504;1507;1500;1492;1487;1482;1480;1488;1500;1511;1521;;;;;;;;;;;;;;;;;;;;;;;;;;;;;;;
15400000;1;01/03/2009;;1;1;1524;1396;1467;31;1;1;1;1;0;0;1396;1406;1416;1434;1447;1458;1464;1466;1468;1464;1458;1454;1449;1446;1442;1440;1453;1471;1482;1494;1504;1505;1498;1491;1486;1482;1482;1492;1503;1514;1524;;;;;;;;;;;;;;;;;;;;;;;;;;;;;;;
15400000;2;01/02/2009;;1;1;1402;1126;1237;25;13;1;1;1;0;0;1158;1149;1145;1142;1143;1142;1141;1146;1151;1144;1139;1130;1126;1160;1210;1230;1236;1242;1279;1330;1356;1370;1390;1393;1402;1397;1394;1394;;;;1;1;1;1;1;1;1;1;1;1;1;1;1;1;1;1;1;1;1;1;1;1;1;1;1;1;1;1;;;
15400000;1;01/02/2009;17:00;0;1;1403;1122;1237;25;13;0;0;0;;0;1155;1148;1144;1142;1142;1142;1142;1148;1150;1143;1138;1127;1130;1170;1218;1231;1236;1250;1290;1340;1359;1377;1390;1395;1403;1396;1394;1394;;;;1;1;1;1;1;1;1;1;1;1;1;1;1;1;1;1;1;1;1;1;1;1;1;1;1;1;1;1;0;0;0
15400000;1;01/02/2009;07:00;0;1;1403;1122;1237;25;13;0;0;0;;0;1160;1150;1146;1142;1144;1141;1140;1145;1152;1145;1140;1132;1122;1149;1202;1228;1235;1235;1268;1320;1354;1364;1389;1391;1400;1398;1394;1394;;;;1;1;1;1;1;1;1;1;1;1;1;1;1;1;1;1;1;1;1;1;1;1;1;1;1;1;1;1;0;0;0
15400000;1;01/02/2009;;1;1;1402;1126;1237;25;13;1;1;1;0;0;1158;1149;1145;1142;1143;1142;1141;1146;1151;1144;1139;1130;1126;1160;1210;1230;1236;1242;1279;1330;1356;1370;1390;1393;1402;1397;1394;1394;;;;1;1;1;1;1;1;1;1;1;1;1;1;1;1;1;1;1;1;1;1;1;1;1;1;1;1;1;1;;;
15400000;2;01/01/2009;;1;1;1240;1017;1139;27;1;1;1;1;0;0;1017;1027;1031;1036;1048;1068;1100;1135;1166;1184;1184;1177;1155;1133;1128;1136;1144;1145;1131;1108;1100;1122;1150;1183;1211;1228;1240;1234;1215;1192;1174;1;1;1;1;1;1;1;1;1;1;1;1;1;1;1;1;1;1;1;1;1;1;1;1;1;1;1;1;1;1;1
15400000;1;01/01/2009;07:00;0;1;1240;1014;1139;27;1;0;0;0;;0;1014;1026;1030;1034;1042;1064;1093;1127;1162;1184;1184;1184;1160;1135;1126;1133;1143;1148;1136;1114;1096;1115;1146;1176;1206;1225;1239;1238;1220;1197;1178;1;1;1;1;1;1;1;1;1;1;1;1;1;1;1;1;1;1;1;1;1;1;1;1;1;1;1;1;1;1;1
15400000;1;01/01/2009;17:00;0;1;1240;1014;1139;27;1;0;0;0;;0;1020;1028;1032;1038;1053;1073;1108;1143;1171;1184;1184;1170;1150;1131;1130;1138;1145;1142;1126;1102;1105;1130;1154;1190;1216;1232;1240;1230;1210;1188;1170;1;1;1;1;1;1;1;1;1;1;1;1;1;1;1;1;1;1;1;1;1;1;1;1;1;1;1;1;1;1;1
15400000;1;01/01/2009;;1;1;1240;1017;1139;27;1;1;1;1;0;0;1017;1027;1031;1036;1048;1068;1100;1135;1166;1184;1184;1177;1155;1133;1128;1136;1144;1145;1131;1108;1100;1122;1150;1183;1211;1228;1240;1234;1215;1192;1174;1;1;1;1;1;1;1;1;1;1;1;1;1;1;1;1;1;1;1;1;1;1;1;1;1;1;1;1;1;1;1
15400000;2;01/12/2008;;1;1;997;565;693;31;9;1;1;1;0;0;629;612;594;581;577;578;575;568;565;582;624;650;654;640;620;604;590;582;591;646;704;758;806;837;848;855;857;872;914;963;997;1;1;1;1;1;1;1;1;1;1;1;1;1;1;1;1;1;1;1;1;1;1;1;1;1;1;1;1;1;1;1
15400000;1;01/12/2008;07:00;0;1;1002;563;693;31;9;0;0;0;;0;634;616;598;582;577;578;576;569;563;574;615;648;657;645;623;609;592;582;582;631;690;747;797;834;847;854;857;857;902;954;992;1;1;1;1;1;1;1;1;1;1;1;1;1;1;1;1;1;1;1;1;1;1;1;1;1;1;1;1;1;1;1
15400000;1;01/12/2008;17:00;0;1;1002;563;693;31;9;0;0;0;;0;624;608;591;580;577;577;574;566;567;591;633;653;651;634;616;598;588;582;600;660;718;770;816;840;850;856;857;887;927;972;1002;1;1;1;1;1;1;1;1;1;1;1;1;1;1;1;1;1;1;1;1;1;1;1;1;1;1;1;1;1;1;1
15400000;1;01/12/2008;;1;1;997;565;693;31;9;1;1;1;0;0;629;612;594;581;577;578;575;568;565;582;624;650;654;640;620;604;590;582;591;646;704;758;806;837;848;855;857;872;914;963;997;1;1;1;1;1;1;1;1;1;1;1;1;1;1;1;1;1;1;1;1;1;1;1;1;1;1;1;1;1;1;1
15400000;2;01/11/2008;;1;1;668;496;607;26;3;1;1;1;0;0;510;502;496;500;511;518;528;550;590;626;643;645;646;644;640;634;624;613;601;602;630;658;666;665;666;668;664;658;651;646;;1;1;1;1;1;1;1;1;1;1;1;1;1;1;1;1;1;1;1;1;1;1;1;1;1;1;1;1;1;1;
15400000;1;01/11/2008;07:00;0;1;669;496;607;26;3;0;0;0;;0;511;504;496;497;509;517;524;541;581;622;642;645;646;645;641;635;627;617;602;598;622;656;667;665;665;669;666;660;652;648;;1;1;1;1;1;1;1;1;1;1;1;1;1;1;1;1;1;1;1;1;1;1;1;1;1;1;1;1;1;1;0
15400000;1;01/11/2008;17:00;0;1;669;496;607;26;3;0;0;0;;0;508;500;496;504;513;520;532;558;598;630;644;645;645;643;638;632;622;609;600;606;639;660;666;665;667;668;663;656;650;643;;1;1;1;1;1;1;1;1;1;1;1;1;1;1;1;1;1;1;1;1;1;1;1;1;1;1;1;1;1;1;0
15400000;1;01/11/2008;;1;1;668;496;607;26;3;1;1;1;0;0;510;502;496;500;511;518;528;550;590;626;643;645;646;644;640;634;624;613;601;602;630;658;666;665;666;668;664;658;651;646;;1;1;1;1;1;1;1;1;1;1;1;1;1;1;1;1;1;1;1;1;1;1;1;1;1;1;1;1;1;1;
15400000;2;01/10/2008;;1;1;554;351;446;13;1;1;1;1;0;0;351;363;368;367;367;368;365;360;359;380;452;523;554;550;540;528;516;503;491;478;466;455;447;436;431;431;442;460;480;499;510;1;1;1;1;1;1;1;1;1;1;1;1;1;1;1;1;1;1;1;1;1;1;1;1;1;1;1;1;1;1;1
15400000;1;01/10/2008;07:00;0;1;554;348;446;13;1;0;0;0;;0;348;361;368;367;367;368;366;361;357;365;430;513;554;552;543;530;518;506;494;481;468;457;447;438;431;429;437;455;475;496;509;;;;1;1;1;;;;;;;;;;;;;;;;;;;;;;;;;
15400000;1;01/10/2008;17:00;0;1;554;348;446;13;1;0;0;0;;0;354;364;368;367;367;367;364;359;360;395;473;533;554;547;536;525;513;500;488;475;463;452;446;434;430;432;446;465;485;502;510;;;;1;1;1;;;;;;;;;;;;;;;;;;;;;;;;;
15400000;1;01/10/2008;;1;1;554;351;446;13;1;1;1;1;0;0;351;363;368;367;367;368;365;360;359;380;452;523;554;550;540;528;516;503;491;478;466;455;447;436;431;431;442;460;480;499;510;0;0;0;0;0;0;0;0;0;0;0;0;0;0;0;0;0;0;0;0;0;0;0;0;0;0;0;0;0;0;0
15400000;2;01/09/2008;;1;1;466;342;395;1;30;1;1;1;0;0;466;457;448;440;431;423;417;410;405;399;391;382;376;380;399;419;425;415;399;384;369;364;363;369;371;367;355;349;345;342;;1;1;1;1;1;1;1;1;1;1;1;1;1;1;1;1;1;1;1;1;1;1;1;1;1;1;1;1;1;1;
15400000;1;01/09/2008;07:00;0;1;468;341;395;1;30;0;0;0;;0;468;459;450;442;433;424;418;411;406;401;394;384;375;376;393;416;426;418;402;388;370;364;362;368;372;370;356;350;346;341;;;;;;;;;;;;;;;;;;;;;;;;;;;;;;;;0
15400000;1;01/09/2008;17:00;0;1;468;341;395;1;30;0;0;0;;0;464;455;446;437;428;421;415;408;403;397;388;379;376;384;405;422;423;412;395;380;368;363;364;370;370;363;353;348;344;342;;;;;;;;;;;;;;;;;;;;;;;;;;;;;;;;0
15400000;1;01/09/2008;;1;1;466;342;395;1;30;1;1;1;0;0;466;457;448;440;431;423;417;410;405;399;391;382;376;380;399;419;425;415;399;384;369;364;363;369;371;367;355;349;345;342;;0;0;0;0;0;0;0;0;0;0;0;0;0;0;0;0;0;0;0;0;0;0;0;0;0;0;0;0;0;0;
15400000;2;01/08/2008;;1;1;602;477;522;1;25;1;1;1;0;0;602;583;568;552;538;529;527;532;535;536;546;561;565;557;541;528;518;510;503;497;485;483;483;479;477;478;492;500;499;488;477;1;1;1;1;1;1;1;1;1;1;1;1;1;1;1;1;1;1;1;1;1;1;1;1;1;1;1;1;1;1;1
15400000;1;01/08/2008;07:00;0;1;606;475;522;1;31;0;0;0;;0;606;587;571;556;541;530;526;530;535;534;541;558;567;560;545;531;520;511;504;498;492;482;484;480;475;475;489;500;499;490;478;;;;;;1;1;1;1;1;1;1;;;;;;;;;;;;;;;;1;1;;
15400000;1;01/08/2008;17:00;0;1;606;475;522;1;31;0;0;0;;0;598;579;564;548;535;528;528;533;535;537;550;563;563;553;537;525;515;508;501;495;487;484;482;478;478;480;494;500;499;485;475;;;;;1;1;1;1;1;1;1;;;;;;;;;;;;;;;;;1;1;;
15400000;1;01/08/2008;;1;1;602;477;522;1;25;1;1;1;0;0;602;583;568;552;538;529;527;532;535;536;546;561;565;557;541;528;518;510;503;497;485;483;483;479;477;478;492;500;499;488;477;;;;;1;1;1;1;1;1;1;0;0;0;0;0;0;0;0;0;0;0;0;0;0;0;0;0;0;0;0
15400000;2;01/07/2008;;1;1;907;614;727;1;26;1;1;1;0;0;907;896;880;859;839;826;811;796;783;769;754;741;726;714;706;704;705;706;702;692;679;666;650;636;621;614;616;630;644;638;620;1;1;1;1;1;1;1;1;1;1;1;1;1;1;1;1;1;1;1;1;1;1;1;1;1;1;1;1;1;1;1
15400000;1;01/07/2008;07:00;0;1;910;613;727;1;27;0;0;0;;0;910;900;886;863;840;830;815;800;786;773;758;745;730;717;707;703;705;706;704;695;683;668;652;639;624;614;613;626;642;641;625;;;;;;;;;;;;;;;;;;;;;;;;;;;;;;1;1
15400000;1;01/07/2008;17:00;0;1;910;613;727;1;27;0;0;0;;0;905;893;874;854;838;822;807;793;780;765;750;737;723;712;704;705;705;705;700;688;675;663;647;634;618;614;619;634;645;635;615;;;;;;;;;2;;;;;;;;;;;;;;;;;;;;1;1;1
15400000;1;01/07/2008;;1;1;907;614;727;1;26;1;1;1;0;0;907;896;880;859;839;826;811;796;783;769;754;741;726;714;706;704;705;706;702;692;679;666;650;636;621;614;616;630;644;638;620;;;;;;;;;0;;;;;;;;;;;;;;1;1;1;1;1;1;1;1;1
15400000;2;01/06/2008;;1;1;1286;922;1112;4;30;1;1;1;0;0;1264;1262;1268;1286;1286;1271;1242;1215;1195;1171;1148;1134;1107;1092;1074;1059;1050;1045;1047;1048;1048;1053;1065;1062;1040;1012;984;961;940;922;;1;1;1;1;1;1;1;1;1;1;1;1;1;1;1;1;1;1;1;1;1;1;1;1;1;1;1;1;1;1;
15400000;1;01/06/2008;07:00;0;1;1288;918;1112;5;30;0;0;0;;0;1265;1262;1262;1286;1288;1278;1250;1220;1201;1177;1152;1134;1111;1096;1078;1062;1052;1044;1047;1048;1048;1049;1064;1068;1046;1020;990;966;944;926;;;;;;;;;;;;;;;;;;;;;;;;;;;;;;;;0
15400000;1;01/06/2008;17:00;0;1;1288;918;1112;5;30;0;0;0;;0;1262;1262;1274;1287;1283;1264;1235;1210;1189;1165;1143;1133;1103;1087;1070;1056;1048;1046;1047;1048;1048;1057;1066;1057;1033;1005;978;956;936;918;;;;;;;;;;;;;;;;;;;;;;;;;;;;;;;;0
15400000;1;01/06/2008;;1;1;1286;922;1112;4;30;1;1;1;0;0;1264;1262;1268;1286;1286;1271;1242;1215;1195;1171;1148;1134;1107;1092;1074;1059;1050;1045;1047;1048;1048;1053;1065;1062;1040;1012;984;961;940;922;;;;;;;;;;;;;;;;;;;;;;;;;;;;;;;;
15400000;2;01/05/2008;;1;1;1583;1270;1431;6;31;1;1;1;0;0;1532;1525;1524;1539;1569;1583;1574;1552;1538;1512;1494;1476;1460;1450;1440;1424;1415;1406;1401;1397;1388;1375;1358;1344;1330;1314;1302;1295;1283;1276;1270;1;1;1;1;1;1;1;1;1;1;1;1;1;1;1;1;1;1;1;1;1;1;1;1;1;1;1;1;1;1;1
15400000;1;01/05/2008;07:00;0;1;1584;1268;1431;6;31;0;0;0;;0;1534;1526;1522;1532;1564;1584;1580;1555;1546;1516;1499;1480;1464;1452;1444;1426;1417;1408;1402;1399;1391;1380;1362;1348;1334;1318;1305;1295;1285;1278;1272;;;;;;;;;;;;;;;;;;;;;;;;;;;;1;1;1;1
15400000;1;01/05/2008;17:00;0;1;1584;1268;1431;6;31;0;0;0;;0;1530;1524;1526;1546;1574;1582;1568;1550;1530;1508;1490;1472;1457;1448;1435;1422;1413;1405;1400;1395;1386;1370;1355;1341;1326;1310;1300;1295;1281;1275;1268;;;;;;;;;;;;;;;;;;;;;;;;;;;1;1;1;1;1
15400000;1;01/05/2008;;1;1;1583;1270;1431;6;31;1;1;1;0;0;1532;1525;1524;1539;1569;1583;1574;1552;1538;1512;1494;1476;1460;1450;1440;1424;1415;1406;1401;1397;1388;1375;1358;1344;1330;1314;1302;1295;1283;1276;1270;;;;;;;;;;;;;;;;;;;;1;1;1;1;1;1;1;1;1;1;1;1
15400000;2;01/04/2008;;1;1;1695;1539;1624;12;30;1;1;1;0;0;1596;1596;1596;1598;1612;1626;1639;1656;1670;1682;1692;1695;1692;1680;1666;1654;1645;1634;1625;1624;1626;1627;1621;1608;1594;1578;1561;1552;1546;1539;;1;1;1;1;1;1;1;1;1;1;1;1;1;1;1;1;1;1;1;1;1;1;1;1;1;1;1;1;1;1;
15400000;1;01/04/2008;07:00;0;1;1695;1537;1624;12;30;0;0;0;;0;1597;1596;1596;1598;1608;1623;1636;1652;1666;1679;1689;1695;1695;1683;1670;1655;1648;1637;1626;1623;1626;1628;1624;1613;1597;1583;1564;1553;1548;1541;;;;;;;;;;;;;;;;;;;;;;;;;;;;;;;;0
15400000;1;01/04/2008;17:00;0;1;1695;1537;1624;12;30;0;0;0;;0;1596;1596;1597;1598;1616;1628;1641;1659;1673;1685;1694;1695;1688;1677;1663;1652;1642;1631;1624;1624;1626;1626;1618;1604;1590;1574;1558;1550;1544;1537;;;;;;;;;;;;;;;;;;;;;;;;;;;;;;;1;0
15400000;1;01/04/2008;;1;1;1695;1539;1624;12;30;1;1;1;0;0;1596;1596;1596;1598;1612;1626;1639;1656;1670;1682;1692;1695;1692;1680;1666;1654;1645;1634;1625;1624;1626;1627;1621;1608;1594;1578;1561;1552;1546;1539;;;;;;;;;;;1;1;1;1;1;1;1;1;1;1;1;1;1;1;1;1;1;1;1;1;1;
15400000;2;01/03/2008;;1;1;1618;1554;1590;20;1;1;1;1;0;0;1554;1557;1557;1561;1555;1557;1561;1565;1569;1575;1582;1587;1592;1597;1604;1605;1611;1614;1617;1618;1616;1609;1606;1603;1604;1605;1605;1604;1598;1598;1599;1;1;1;1;1;1;1;1;1;1;1;1;1;1;1;1;1;1;1;1;1;1;1;1;1;1;1;1;1;1;1
15400000;1;01/03/2008;07:00;0;1;1618;1552;1590;20;1;0;0;0;;0;1552;1557;1556;1561;1556;1556;1560;1564;1568;1573;1580;1585;1591;1595;1603;1604;1610;1613;1616;1617;1617;1610;1607;1602;1603;1605;1604;1605;1598;1597;1600;1;1;1;1;1;1;1;1;1;1;1;1;1;1;1;1;1;1;1;1;1;1;1;1;1;1;1;1;1;1;1
15400000;1;01/03/2008;17:00;0;1;1618;1552;1590;20;1;0;0;0;;0;1555;1556;1558;1560;1554;1558;1562;1566;1570;1577;1583;1588;1593;1599;1604;1606;1611;1614;1617;1618;1614;1608;1605;1603;1604;1604;1605;1602;1598;1598;1598;1;1;1;1;1;1;1;1;1;1;1;1;1;1;1;1;1;1;1;1;1;1;1;1;1;1;1;1;1;1;1
15400000;1;01/03/2008;;1;1;1618;1554;1590;20;1;1;1;1;0;0;1554;1557;1557;1561;1555;1557;1561;1565;1569;1575;1582;1587;1592;1597;1604;1605;1611;1614;1617;1618;1616;1609;1606;1603;1604;1605;1605;1604;1598;1598;1599;1;1;1;1;1;1;1;1;1;1;1;1;1;1;1;1;1;1;1;1;1;1;1;1;1;1;1;1;1;1;1
15400000;2;01/02/2008;;1;1;1584;1438;1533;17;1;1;1;1;0;0;1438;1445;1451;1461;1471;1485;1495;1503;1514;1524;1535;1546;1560;1567;1578;1583;1584;1584;1582;1577;1571;1564;1557;1552;1551;1547;1545;1547;1552;;;1;1;1;1;1;1;1;1;1;1;1;1;1;1;1;1;1;1;1;1;1;1;1;1;1;1;1;1;1;;
15400000;1;01/02/2008;07:00;0;1;1585;1436;1533;17;1;0;0;0;;0;1436;1444;1449;1457;1467;1482;1493;1500;1511;1521;1533;1542;1558;1564;1577;1582;1585;1584;1583;1578;1572;1566;1558;1552;1552;1548;1545;1545;1552;;;1;1;1;1;1;1;1;1;1;1;1;1;1;1;1;1;1;1;1;1;1;1;1;1;1;1;1;1;1;0;0
15400000;1;01/02/2008;17:00;0;1;1585;1436;1533;17;1;0;0;0;;0;1440;1446;1453;1464;1475;1487;1497;1506;1516;1526;1537;1550;1561;1570;1579;1583;1583;1584;1580;1575;1569;1562;1555;1552;1550;1546;1545;1548;1552;;;1;1;1;1;1;1;1;1;1;1;1;1;1;1;1;1;1;1;1;1;1;1;1;1;1;1;1;1;1;0;0
15400000;1;01/02/2008;;1;1;1584;1438;1533;17;1;1;1;1;0;0;1438;1445;1451;1461;1471;1485;1495;1503;1514;1524;1535;1546;1560;1567;1578;1583;1584;1584;1582;1577;1571;1564;1557;1552;1551;1547;1545;1547;1552;;;1;1;1;1;1;1;1;1;1;1;1;1;1;1;1;1;1;1;1;1;1;1;1;1;1;1;1;1;1;;
15400000;2;01/01/2008;;1;1;1433;1134;1313;31;1;1;1;1;0;0;1134;1152;1184;1210;1226;1228;1239;1253;1256;1256;1256;1256;1264;1293;1327;1348;1359;1367;1377;1373;1375;1369;1364;1365;1373;1383;1400;1416;1426;1429;1433;1;1;1;1;1;1;1;1;1;1;1;1;1;1;1;1;1;1;1;1;1;1;1;1;1;1;1;1;1;1;1
15400000;1;01/01/2008;07:00;0;1;1434;1130;1312;31;1;0;0;0;;0;1130;1146;1176;1205;1226;1226;1236;1249;1256;1256;1256;1255;1259;1284;1321;1341;1358;1363;1378;1373;1374;1370;1364;1362;1371;1380;1396;1413;1426;1427;1432;;;;;;;;;1;1;1;;;;;;;;;;;;;;;;;;;;
15400000;1;01/01/2008;17:00;0;1;1434;1130;1312;31;1;0;0;0;;0;1138;1158;1191;1214;1226;1230;1242;1257;1256;1256;1256;1257;1268;1302;1332;1354;1360;1371;1375;1373;1376;1367;1363;1367;1375;1386;1404;1418;1426;1430;1434;;;;;;;;;1;1;1;;;;;;;;;;;;;;;;;;;;
15400000;1;01/01/2008;;1;1;1433;1134;1313;31;1;1;1;1;0;0;1134;1152;1184;1210;1226;1228;1239;1253;1256;1256;1256;1256;1264;1293;1327;1348;1359;1367;1377;1373;1375;1369;1364;1365;1373;1383;1400;1416;1426;1429;1433;1;1;1;1;1;1;1;1;1;1;1;1;1;1;1;1;1;1;1;1;1;1;1;1;1;1;1;1;1;1;1
15400000;2;01/12/2007;;1;1;1225;905;1043;25;9;1;1;1;0;0;957;967;969;968;955;939;924;912;905;905;933;978;1014;1018;1008;1006;1029;1056;1063;1067;1085;1117;1171;1207;1225;1211;1186;1166;1145;1130;1126;1;1;1;1;1;1;1;1;1;1;1;1;1;1;1;1;1;1;1;1;1;1;1;1;1;1;1;1;1;1;1
15400000;1;01/12/2007;07:00;0;1;1226;900;1043;25;10;0;0;0;;0;954;966;967;969;960;942;926;914;907;900;921;967;1010;1021;1009;1002;1020;1054;1062;1063;1080;1106;1162;1201;1226;1218;1192;1170;1149;1132;1125;1;1;1;1;1;1;1;1;1;1;1;1;1;1;1;1;1;1;1;1;1;1;1;1;1;1;1;1;1;1;1
15400000;1;01/12/2007;17:00;0;1;1226;900;1043;25;10;0;0;0;;0;960;967;970;966;950;936;921;910;903;910;945;988;1017;1015;1006;1010;1037;1058;1063;1071;1090;1128;1180;1213;1223;1203;1180;1162;1140;1128;1127;1;1;1;1;1;1;1;1;1;1;1;1;1;1;1;1;1;1;1;1;1;1;1;1;1;1;1;1;1;1;1
15400000;1;01/12/2007;;1;1;1225;905;1043;25;9;1;1;1;0;0;957;967;969;968;955;939;924;912;905;905;933;978;1014;1018;1008;1006;1029;1056;1063;1067;1085;1117;1171;1207;1225;1211;1186;1166;1145;1130;1126;1;1;1;1;1;1;1;1;1;1;1;1;1;1;1;1;1;1;1;1;1;1;1;1;1;1;1;1;1;1;1
15400000;2;01/11/2007;;1;1;925;520;754;30;2;1;1;1;0;0;521;520;534;581;628;642;638;645;722;815;843;831;814;800;788;788;823;860;867;852;836;822;802;780;758;748;768;802;862;925;;1;1;1;1;1;1;1;1;1;1;1;1;1;1;1;1;1;1;1;1;1;1;1;1;1;1;1;1;1;1;
15400000;1;01/11/2007;07:00;0;1;935;518;754;30;2;0;0;0;;0;522;518;528;572;620;642;640;638;697;802;842;833;817;803;791;780;812;856;869;856;838;826;806;787;763;746;758;793;844;915;;1;1;1;1;1;1;1;1;1;1;1;1;1;1;1;1;1;1;1;1;1;1;1;1;1;1;1;1;1;1;0
15400000;1;01/11/2007;17:00;0;1;935;518;754;30;2;0;0;0;;0;520;523;540;590;635;642;637;652;747;828;844;829;810;796;786;796;834;864;865;848;833;818;797;774;754;750;778;810;879;935;;1;1;1;1;1;1;1;1;1;1;1;1;1;1;1;1;1;1;1;1;1;1;1;1;1;1;1;1;1;1;0
15400000;1;01/11/2007;;1;1;925;520;754;30;2;1;1;1;0;0;521;520;534;581;628;642;638;645;722;815;843;831;814;800;788;788;823;860;867;852;836;822;802;780;758;748;768;802;862;925;;1;1;1;1;1;1;1;1;1;1;1;1;1;1;1;1;1;1;1;1;1;1;1;1;1;1;1;1;1;1;
15400000;2;01/10/2007;;1;1;564;232;359;23;17;1;1;1;0;0;243;248;250;250;262;275;285;284;280;275;268;259;250;243;238;234;232;233;237;329;491;560;564;552;542;535;538;546;547;540;529;1;1;1;1;1;1;1;1;1;1;1;1;1;1;1;1;1;1;1;1;1;1;1;1;1;1;1;1;1;1;1
15400000;1;01/10/2007;07:00;0;1;566;232;359;23;17;0;0;0;;0;241;248;250;250;258;272;285;285;282;278;271;261;251;244;238;234;232;232;233;288;473;555;566;556;543;535;536;545;547;542;532;;;1;1;;;;;;;;;;;;;;;;;;;;;;;;;;;
15400000;1;01/10/2007;17:00;0;1;566;232;359;23;17;0;0;0;;0;244;248;250;250;265;278;285;283;278;272;265;256;248;241;237;234;232;233;240;370;509;564;562;548;540;535;540;547;546;538;526;;;1;1;;;;;;;;;;;;;;;;;;;;;;;;;;;
15400000;1;01/10/2007;;1;1;564;232;359;23;17;1;1;1;0;0;243;248;250;250;262;275;285;284;280;275;268;259;250;243;238;234;232;233;237;329;491;560;564;552;542;535;538;546;547;540;529;;;1;1;;;;;;;;;;;;;;;;;;;;;;;;;;;
15400000;2;01/09/2007;;1;1;329;234;276;1;28;1;1;1;0;0;329;319;310;304;304;308;310;307;302;296;289;282;276;272;270;272;272;268;268;263;262;259;254;249;245;242;238;234;234;236;;1;1;1;1;1;1;1;1;1;1;1;1;1;1;1;1;1;1;1;1;1;1;1;1;1;1;1;1;1;1;
15400000;1;01/09/2007;07:00;0;1;331;233;276;1;28;0;0;0;;0;331;321;312;305;304;307;310;308;304;298;291;284;278;272;270;271;273;269;268;263;262;260;255;250;246;243;239;235;233;235;;;;;;;;;;;;;;;;;;;;;;;;;;;;;;;;0
15400000;1;01/09/2007;17:00;0;1;331;233;276;1;28;0;0;0;;0;327;317;309;304;305;308;310;306;301;295;287;281;275;271;270;272;270;268;267;263;261;258;253;248;244;241;236;233;234;237;;;;;;;;;;;;;;;;;;;;;;;;;;;;;;;;0
15400000;1;01/09/2007;;1;1;329;234;276;1;28;1;1;1;0;0;329;319;310;304;304;308;310;307;302;296;289;282;276;272;270;272;272;268;268;263;262;259;254;249;245;242;238;234;234;236;;1;1;1;1;1;1;1;1;1;1;1;1;1;1;1;1;1;1;1;1;1;1;1;1;1;1;1;1;1;1;
15400000;2;01/08/2007;;1;1;738;338;468;1;31;1;1;1;0;0;738;716;686;654;626;599;576;553;533;514;496;478;464;450;438;424;414;406;398;391;385;379;372;361;352;350;351;353;352;346;338;1;1;1;1;1;1;1;1;1;1;1;1;1;1;1;1;1;1;1;1;1;1;1;1;1;1;1;1;1;1;1
15400000;1;01/08/2007;07:00;0;1;741;336;467;1;31;0;0;0;;0;741;724;693;661;632;604;581;558;537;518;500;482;467;453;440;427;417;407;400;392;386;381;373;364;353;350;350;353;353;347;339;;;;;;;;;;;;;;;;;;;;;;;;;;;;;;;
15400000;1;01/08/2007;17:00;0;1;741;336;467;1;31;0;0;0;;0;736;709;678;646;620;594;572;548;529;510;492;475;460;447;435;422;410;405;396;390;384;377;370;358;351;350;352;353;351;344;336;;2;;;;;;;;;;;;;;;;;;;;;;;;;;;;;
15400000;1;01/08/2007;;1;1;738;338;468;1;31;2;2;2;0;0;738;716;686;654;626;599;576;553;533;514;496;478;464;450;438;424;414;406;398;391;385;379;372;361;352;350;351;353;352;346;338;;2;;;;;;;;;;;;;;;;;;;;;;;;;;;;;
15400000;2;01/07/2007;;1;1;863;546;681;3;24;1;1;1;0;0;851;854;863;857;843;819;796;776;752;731;710;689;666;646;629;615;602;590;582;576;570;558;548;546;568;602;618;617;620;676;727;1;1;1;1;1;1;1;1;1;1;1;1;1;1;1;1;1;1;1;1;1;1;1;1;1;1;1;1;1;1;1
15400000;1;01/07/2007;07:00;0;1;865;541;681;3;24;0;0;0;;0;851;851;861;860;848;825;802;780;757;736;715;695;671;650;633;618;604;592;584;577;574;562;550;541;559;597;617;617;616;659;723;1;1;1;1;1;1;1;1;1;1;1;1;1;1;1;1;1;1;1;1;1;1;1;1;1;1;1;1;1;1;1
15400000;1;01/07/2007;17:00;0;1;865;541;681;3;24;0;0;0;;0;851;856;865;854;838;813;790;771;747;726;705;683;660;641;625;612;600;588;579;576;566;555;546;550;576;607;620;617;625;694;731;1;1;1;1;1;1;1;1;1;1;1;1;1;1;1;1;1;1;1;1;1;1;1;1;1;1;1;1;1;1;1
15400000;1;01/07/2007;;1;1;863;546;681;3;24;1;1;1;0;0;851;854;863;857;843;819;796;776;752;731;710;689;666;646;629;615;602;590;582;576;570;558;548;546;568;602;618;617;620;676;727;1;1;1;1;1;1;1;1;1;1;1;1;1;1;1;1;1;1;1;1;1;1;1;1;1;1;1;1;1;1;1
15400000;2;01/06/2007;;1;1;1309;860;1080;1;30;1;1;1;0;0;1309;1291;1270;1252;1238;1226;1216;1202;1184;1165;1150;1136;1120;1104;1085;1067;1054;1038;1024;1007;989;977;965;952;937;921;901;885;870;860;;1;1;1;1;1;1;1;1;1;1;1;1;1;1;1;1;1;1;1;1;1;1;1;1;1;1;1;1;1;1;
15400000;1;01/06/2007;17:00;0;1;1314;857;1080;1;30;0;0;0;;0;1304;1286;1265;1249;1235;1223;1213;1197;1180;1160;1146;1132;1115;1100;1080;1064;1050;1035;1020;1003;988;974;962;948;933;915;897;880;868;857;;;;;;;;;;;;;;;;;;;;;;;;;;;;;;;;0
15400000;1;01/06/2007;07:00;0;1;1314;857;1080;1;30;0;0;0;;0;1314;1296;1276;1256;1242;1228;1218;1207;1188;1170;1153;1140;1125;1107;1090;1070;1058;1041;1028;1012;990;980;968;955;941;927;905;890;872;864;;;;;;;;;;;;;;;;;;;;;;;;;;;;;;;;0
15400000;1;01/06/2007;;1;1;1309;860;1080;1;30;1;1;1;0;0;1309;1291;1270;1252;1238;1226;1216;1202;1184;1165;1150;1136;1120;1104;1085;1067;1054;1038;1024;1007;989;977;965;952;937;921;901;885;870;860;;;;;;;;;;;;;;;;;;;;;;;;;;;;;;;;
15400000;2;01/05/2007;;1;1;1562;1324;1419;4;31;1;1;1;0;0;1498;1526;1552;1562;1556;1536;1512;1485;1464;1445;1423;1405;1398;1404;1418;1429;1422;1402;1381;1360;1345;1345;1362;1370;1368;1357;1344;1336;1334;1331;1324;1;1;1;1;1;1;1;1;1;1;1;1;1;1;1;1;1;1;1;1;1;1;1;1;1;1;1;1;1;1;1
15400000;1;01/05/2007;07:00;0;1;1563;1321;1419;4;31;0;0;0;;0;1492;1520;1548;1563;1560;1543;1518;1490;1469;1450;1428;1407;1398;1400;1414;1430;1426;1407;1386;1366;1346;1342;1359;1370;1370;1360;1347;1337;1334;1332;1328;1;1;1;1;1;1;1;1;1;1;1;1;1;1;1;1;1;1;1;1;1;1;1;1;1;1;1;1;1;1;1
15400000;1;01/05/2007;17:00;0;1;1563;1321;1419;4;31;0;0;0;;0;1505;1532;1555;1562;1551;1530;1505;1480;1459;1440;1418;1403;1399;1407;1422;1428;1418;1396;1376;1354;1344;1348;1365;1370;1365;1354;1342;1335;1333;1330;1321;1;1;1;1;1;1;1;1;1;1;1;1;1;1;1;1;1;1;1;1;1;1;1;1;1;1;1;1;1;1;1
15400000;1;01/05/2007;;1;1;1562;1324;1419;4;31;1;1;1;0;0;1498;1526;1552;1562;1556;1536;1512;1485;1464;1445;1423;1405;1398;1404;1418;1429;1422;1402;1381;1360;1345;1345;1362;1370;1368;1357;1344;1336;1334;1331;1324;1;1;1;1;1;1;1;1;1;1;1;1;1;1;1;1;1;1;1;1;1;1;1;1;1;1;1;1;1;1;1
15400000;2;01/04/2007;;1;1;1643;1489;1583;21;30;1;1;1;0;0;1576;1574;1569;1558;1556;1554;1556;1566;1573;1580;1589;1596;1606;1612;1615;1620;1626;1633;1637;1641;1643;1640;1624;1600;1574;1546;1524;1508;1496;1489;;1;1;1;1;1;1;1;1;1;1;1;1;1;1;1;1;1;1;1;1;1;1;1;1;1;1;1;1;1;1;
15400000;1;01/04/2007;07:00;0;1;1643;1488;1583;21;30;0;0;0;;0;1576;1574;1572;1560;1556;1553;1554;1563;1572;1580;1588;1594;1604;1612;1614;1619;1625;1632;1636;1640;1643;1643;1629;1607;1581;1553;1528;1511;1499;1488;;1;1;1;1;1;1;1;1;1;1;1;1;1;1;1;1;1;1;1;1;1;1;1;1;1;1;1;1;1;1;0
15400000;1;01/04/2007;17:00;0;1;1643;1488;1583;21;30;0;0;0;;0;1575;1573;1566;1557;1555;1554;1558;1568;1574;1581;1590;1597;1608;1613;1616;1622;1628;1634;1638;1642;1643;1636;1619;1594;1567;1540;1519;1505;1494;1490;;1;1;1;1;1;1;1;1;1;1;1;1;1;1;1;1;1;1;1;1;1;1;1;1;1;1;1;1;1;1;0
15400000;1;01/04/2007;;1;1;1643;1489;1583;21;30;1;1;1;0;0;1576;1574;1569;1558;1556;1554;1556;1566;1573;1580;1589;1596;1606;1612;1615;1620;1626;1633;1637;1641;1643;1640;1624;1600;1574;1546;1524;1508;1496;1489;;1;1;1;1;1;1;1;1;1;1;1;1;1;1;1;1;1;1;1;1;1;1;1;1;1;1;1;1;1;1;
15400000;2;01/03/2007;;1;1;1592;1472;1539;25;1;1;1;1;0;0;1472;1481;1488;1492;1489;1488;1486;1490;1499;1506;1518;1526;1531;1535;1538;1544;1544;1548;1557;1565;1574;1580;1585;1589;1592;1592;1586;1581;1574;1573;1574;1;1;1;1;1;1;1;1;1;1;1;1;1;1;1;1;1;1;1;1;1;1;1;1;1;1;1;1;1;1;1
15400000;1;01/03/2007;07:00;0;1;1593;1470;1539;26;1;0;0;0;;0;1470;1478;1486;1493;1489;1489;1485;1488;1498;1503;1516;1523;1530;1534;1537;1544;1544;1546;1556;1563;1573;1579;1584;1588;1592;1593;1588;1582;1574;1573;1573;;;;;;;;;;;;;;;;;;;;;;;;;;;;;;;
15400000;1;01/03/2007;17:00;0;1;1593;1470;1539;26;1;0;0;0;;0;1474;1484;1490;1490;1489;1488;1486;1492;1500;1510;1520;1528;1532;1536;1538;1543;1545;1550;1558;1567;1575;1580;1586;1590;1592;1591;1585;1580;1574;1573;1574;;;;;;;;;;;;;;;;;;;;;;;;;;;;;;;
15400000;1;01/03/2007;;1;1;1592;1472;1539;25;1;1;1;1;0;0;1472;1481;1488;1492;1489;1488;1486;1490;1499;1506;1518;1526;1531;1535;1538;1544;1544;1548;1557;1565;1574;1580;1585;1589;1592;1592;1586;1581;1574;1573;1574;;;;;;;;;;;;;;;;;;;;;;;;;;;;;;;
15400000;2;01/02/2007;;1;1;1470;1270;1341;28;13;1;1;1;0;0;1288;1295;1296;1295;1298;1312;1327;1332;1328;1314;1298;1277;1270;1273;1277;1279;1287;1301;1324;1353;1386;1415;1429;1442;1452;1460;1466;1470;;;;1;1;1;1;1;1;1;1;1;1;1;1;1;1;1;1;1;1;1;1;1;1;1;1;1;1;1;1;;;
15400000;1;01/02/2007;07:00;0;1;1470;1270;1341;28;13;0;0;0;;0;1285;1295;1296;1295;1296;1309;1326;1332;1330;1317;1304;1278;1270;1272;1276;1278;1284;1295;1318;1344;1379;1410;1426;1439;1449;1459;1464;1469;;;;;;;;;;;;;;;;;;;;;;;;;;;;;;;;0;0;0
15400000;1;01/02/2007;17:00;0;1;1470;1270;1341;28;13;0;0;0;;0;1290;1295;1295;1295;1300;1316;1328;1332;1325;1310;1291;1276;1271;1274;1278;1280;1290;1307;1331;1362;1392;1420;1432;1444;1455;1462;1467;1470;;;;;;;;;;;;;;;;;;;;;;;;;;;;;;;;0;0;0
15400000;1;01/02/2007;;1;1;1470;1270;1341;28;13;1;1;1;0;0;1288;1295;1296;1295;1298;1312;1327;1332;1328;1314;1298;1277;1270;1273;1277;1279;1287;1301;1324;1353;1386;1415;1429;1442;1452;1460;1466;1470;;;;;;;;;;;;;;;;;;;;;;;;;;;;;;;;;;
15400000;2;01/01/2007;;1;1;1295;1178;1233;26;12;1;1;1;0;0;1188;1189;1192;1198;1209;1215;1214;1216;1210;1196;1185;1178;1181;1186;1198;1212;1224;1230;1249;1264;1276;1283;1284;1287;1294;1295;1282;1276;1266;1269;1276;1;1;1;1;1;1;1;1;1;1;1;1;1;1;1;1;1;1;1;1;1;1;1;1;1;1;1;1;1;1;1
15400000;1;01/01/2007;07:00;0;1;1298;1178;1233;26;12;0;0;0;;0;1187;1190;1192;1195;1208;1215;1213;1216;1213;1200;1187;1178;1180;1185;1193;1208;1223;1226;1244;1260;1275;1282;1284;1286;1292;1298;1284;1278;1268;1267;1273;;;;;;;3;;;;;;;;;;;;;;;;;;;;;;;;
15400000;1;01/01/2007;17:00;0;1;1298;1178;1233;26;12;0;0;0;;0;1188;1188;1193;1200;1210;1215;1214;1215;1206;1193;1183;1178;1182;1188;1203;1217;1224;1235;1254;1268;1278;1284;1285;1288;1295;1292;1281;1273;1264;1271;1278;;;;;;;3;;;;;;;;;;;;;;;;;;;;;;;;
15400000;1;01/01/2007;;1;1;;;;;;0;0;0;0;0;1188;1189;1192;1198;1209;1215;1214;1216;1210;1196;1185;1178;1181;1186;1198;1212;1224;1230;1249;1264;1276;1283;1284;1287;1294;1295;1282;1276;1266;1269;1276;;;;;;;3;;;;;;;;;;;;;;;;;;;;;;;;
15400000;2;01/12/2006;;1;1;1177;754;996;31;3;1;1;1;0;0;766;756;754;774;801;838;865;880;902;928;964;998;1034;1058;1064;1076;1075;1069;1057;1048;1066;1095;1106;1102;1090;1082;1089;1093;1125;1159;1177;1;1;1;1;1;1;1;1;1;1;1;1;1;1;1;1;1;1;1;1;1;1;1;1;1;1;1;1;1;1;1
15400000;1;01/12/2006;07:00;0;1;1180;750;996;31;3;0;0;0;;0;768;757;750;767;793;830;860;876;896;920;956;990;1027;1056;1067;1076;1076;1072;1061;1047;1061;1090;1106;1105;1094;1078;1090;1086;1116;1154;1174;;;;;;;;;;;;;;;;;;;;;;;;;;;;;;;
15400000;1;01/12/2006;17:00;0;1;1180;750;996;31;3;0;0;0;;0;765;754;757;780;808;845;870;883;908;935;972;1007;1041;1060;1062;1077;1074;1066;1053;1050;1072;1100;1105;1100;1086;1085;1088;1100;1134;1164;1180;;;;;;;;;;;;;;;3;;;;;;;;;;;;;;;;
15400000;1;01/12/2006;;1;1;;;;;;0;0;0;0;0;766;756;754;774;801;838;865;880;902;928;964;998;1034;1058;1064;1076;1075;1069;1057;1048;1066;1095;1106;1102;1090;1082;1089;1093;1125;1159;1177;;;;;;;;;;;;;;;3;;;;;;;;;;;;;;;;
15400000;2;01/11/2006;;1;1;926;620;756;15;4;1;1;1;0;0;660;638;626;620;622;633;646;664;700;744;777;810;874;918;926;918;906;894;868;836;800;767;737;710;696;696;709;736;762;772;;1;1;1;1;1;1;1;1;1;1;1;1;1;1;1;1;1;1;1;1;1;1;1;1;1;1;1;1;1;1;
15400000;1;01/11/2006;07:00;0;1;929;620;755;15;4;0;0;0;;0;663;642;628;620;621;630;644;657;690;735;771;795;858;915;929;918;909;900;876;844;808;774;742;714;696;694;704;729;758;772;;1;1;1;1;1;1;1;1;1;1;1;1;1;1;1;1;1;1;1;1;1;1;1;1;1;1;1;1;1;1;0
15400000;1;01/11/2006;17:00;0;1;929;620;755;15;4;0;0;0;;0;656;635;624;620;624;636;649;670;710;753;783;825;890;922;923;918;903;888;859;827;792;760;732;706;695;698;714;744;765;771;;1;1;1;1;1;1;1;1;1;1;1;1;1;1;1;1;1;1;1;1;1;1;1;1;1;1;1;1;1;1;0
15400000;1;01/11/2006;;1;1;926;620;756;15;4;1;1;1;0;0;660;638;626;620;622;633;646;664;700;744;777;810;874;918;926;918;906;894;868;836;800;767;737;710;696;696;709;736;762;772;;1;1;1;1;1;1;1;1;1;1;1;1;1;1;1;1;1;1;1;1;1;1;1;1;1;1;1;1;1;1;
15400000;2;01/10/2006;;1;1;662;269;407;30;1;1;1;1;0;0;269;280;285;282;282;288;296;302;309;316;313;310;309;312;315;318;321;330;348;366;418;497;566;594;594;592;602;625;646;662;662;1;1;1;1;1;1;1;1;1;1;1;1;1;1;1;1;1;1;1;1;1;1;1;1;1;1;1;1;1;1;1
15400000;1;01/10/2006;07:00;0;1;663;264;407;30;1;0;0;0;;0;264;279;286;283;281;286;294;301;307;316;314;310;308;311;314;318;320;327;345;360;392;477;557;594;597;592;596;618;641;660;662;1;1;1;1;1;1;1;1;1;1;1;1;1;1;1;1;1;1;1;1;1;1;1;1;1;1;1;1;1;1;1
15400000;1;01/10/2006;17:00;0;1;663;264;407;30;1;0;0;0;;0;274;282;284;282;282;290;297;304;311;315;312;309;310;312;316;319;322;333;351;371;443;517;575;595;592;592;607;632;650;663;663;1;1;1;1;1;1;1;1;1;1;1;1;1;1;1;1;1;1;1;1;1;1;1;1;1;1;1;1;1;1;1
15400000;1;01/10/2006;;1;1;662;269;407;30;1;1;1;1;0;0;269;280;285;282;282;288;296;302;309;316;313;310;309;312;315;318;321;330;348;366;418;497;566;594;594;592;602;625;646;662;662;1;1;1;1;1;1;1;1;1;1;1;1;1;1;1;1;1;1;1;1;1;1;1;1;1;1;1;1;1;1;1
15400000;2;01/09/2006;;1;1;306;228;261;2;25;1;1;1;0;0;305;306;304;298;288;278;272;269;272;273;270;266;264;263;262;259;255;250;243;240;239;238;236;233;228;229;237;244;248;258;;1;1;1;1;1;1;1;1;1;1;1;1;1;1;1;1;1;1;1;1;1;1;1;1;1;1;1;1;1;1;
15400000;1;01/09/2006;07:00;0;1;308;228;261;2;25;0;0;0;;0;305;305;306;300;292;280;272;270;271;274;271;266;264;263;263;260;256;252;244;240;239;238;237;234;229;228;235;244;247;257;;1;1;1;1;1;1;1;1;1;1;1;1;1;1;1;1;1;1;1;1;1;1;1;1;1;1;1;1;1;1;0
15400000;1;01/09/2006;17:00;0;1;308;228;261;2;25;0;0;0;;0;305;308;303;296;285;276;271;268;273;272;268;266;264;263;261;258;254;248;242;240;239;238;235;231;228;230;238;245;250;258;;1;1;1;1;1;1;1;1;1;1;1;1;1;1;1;1;1;1;1;1;1;1;1;1;1;1;1;1;1;1;0
15400000;1;01/09/2006;;1;1;306;228;261;2;25;1;1;1;0;0;305;306;304;298;288;278;272;269;272;273;270;266;264;263;262;259;255;250;243;240;239;238;236;233;228;229;237;244;248;258;;1;1;1;1;1;1;1;1;1;1;1;1;1;1;1;1;1;1;1;1;1;1;1;1;1;1;1;1;1;1;
15400000;2;01/08/2006;;1;1;488;284;370;7;27;1;1;1;0;0;428;420;422;441;468;485;488;480;466;447;430;412;394;379;367;356;345;336;328;320;314;308;302;298;292;287;284;286;292;298;302;1;1;1;1;1;1;1;1;1;1;1;1;1;1;1;1;1;1;1;1;1;1;1;1;1;1;1;1;1;1;1
15400000;1;01/08/2006;07:00;0;1;490;284;370;7;27;0;0;0;;0;430;422;421;436;464;483;490;483;470;452;433;416;398;382;370;357;348;337;329;322;315;310;304;300;293;288;284;285;291;297;301;;;;;;;;;;;;;;;;;;;;;;;;;;;;;;;1
15400000;1;01/08/2006;17:00;0;1;490;284;370;7;27;0;0;0;;0;426;418;424;446;472;487;487;478;462;442;426;408;390;376;364;354;342;334;326;318;312;307;301;297;290;286;284;288;294;298;302;;;;;;;;;;;;;;;;;;;;;;;;;;;;;;1;1
15400000;1;01/08/2006;;1;1;488;284;370;7;27;1;1;1;0;0;428;420;422;441;468;485;488;480;466;447;430;412;394;379;367;356;345;336;328;320;314;308;302;298;292;287;284;286;292;298;302;;;;;;;;;;;;;;;;;;;;;;;;;;;;;;;
15400000;2;01/07/2006;;1;1;764;438;591;1;31;1;1;1;0;0;764;762;751;739;724;710;692;680;663;649;637;628;618;604;590;577;561;548;535;525;517;516;515;514;507;494;482;469;458;448;438;1;1;1;1;1;1;1;1;1;1;1;1;1;1;1;1;1;1;1;1;1;1;1;1;1;1;1;1;1;1;1
15400000;1;01/07/2006;07:00;0;1;764;435;591;1;31;0;0;0;;0;764;764;754;743;728;715;695;684;667;653;639;630;620;607;594;580;565;552;538;527;518;516;515;514;510;498;485;472;461;451;440;;;;;;;;;;;;;;;;;;;;;;;;;;;;;;;
15400000;1;01/07/2006;17:00;0;1;764;435;591;1;31;0;0;0;;0;764;759;748;735;720;705;690;675;659;645;635;626;615;600;587;574;557;545;532;523;516;515;515;514;504;491;478;466;456;445;435;;;;;;;;;;;;;;;;;;;;;;;;;;;;;;;
15400000;1;01/07/2006;;1;1;764;438;591;1;31;1;1;1;0;0;764;762;751;739;724;710;692;680;663;649;637;628;618;604;590;577;561;548;535;525;517;516;515;514;507;494;482;469;458;448;438;;;;;;;;;;;;;;;;;;;;;;;;;;;;;;;
15400000;2;01/06/2006;;1;1;959;750;850;1;29;1;1;1;0;0;959;942;921;901;881;868;859;845;836;827;815;805;798;800;816;865;914;938;934;912;888;870;848;828;809;788;770;756;750;756;;1;1;1;1;1;1;1;1;1;1;1;1;1;1;1;1;1;1;1;1;1;1;1;1;1;1;1;1;1;1;
15400000;1;01/06/2006;07:00;0;1;963;749;850;1;29;0;0;0;;0;963;946;926;906;886;870;862;848;837;830;818;807;798;796;810;852;905;938;938;918;892;875;853;833;814;793;774;757;749;754;;;;;;;;;;;;;;;;;;;;;;;;;;;;;;;1;0
15400000;1;01/06/2006;17:00;0;1;963;749;850;1;29;0;0;0;;0;954;938;916;896;876;866;855;842;834;824;812;803;797;803;823;878;923;938;930;907;884;864;843;823;803;783;766;754;751;759;;;;;;;;;;;;;;;;;;;;;;;;;;;;;;1;1;0
15400000;1;01/06/2006;;1;1;959;750;850;1;29;1;1;1;0;0;959;942;921;901;881;868;859;845;836;827;815;805;798;800;816;865;914;938;934;912;888;870;848;828;809;788;770;756;750;756;;;;;;;;;;;;;;;;;;;;;;;;;;;;;;;;
15400000;2;01/05/2006;;1;1;1432;983;1177;1;31;1;1;1;0;0;1432;1417;1402;1382;1362;1345;1325;1308;1290;1271;1255;1234;1216;1190;1172;1157;1141;1124;1110;1090;1074;1058;1042;1026;1011;1002;1010;1028;1025;1007;983;1;1;1;1;1;1;1;1;1;1;1;1;1;1;1;1;1;1;1;1;1;1;1;1;1;1;1;1;1;1;1
15400000;1;01/05/2006;07:00;0;1;1436;976;1178;1;31;0;0;0;;0;1436;1422;1406;1387;1367;1350;1330;1310;1295;1275;1260;1239;1222;1195;1176;1160;1168;1129;1114;1095;1079;1062;1047;1029;1014;1002;1005;1027;1030;1012;990;;;;;;;;;;;;;;;;;;;;;;;;;;;;;;;
15400000;1;01/05/2006;17:00;0;1;1436;976;1178;1;31;0;0;0;;0;1428;1412;1397;1377;1357;1340;1320;1305;1285;1267;1250;1230;1210;1186;1168;1176;1136;1118;1105;1086;1070;1054;1038;1023;1008;1003;1014;1028;1020;1002;976;;;;;;;;;;;;;;;;;;;;;;;;;;;;;;;1
15400000;1;01/05/2006;;1;1;1432;983;1177;1;31;1;1;1;0;0;1432;1417;1402;1382;1362;1345;1325;1308;1290;1271;1255;1234;1216;1190;1172;1157;1141;1124;1110;1090;1074;1058;1042;1026;1011;1002;1010;1028;1025;1007;983;;;;;;;;;;;;;;;;;;;;;;;;;;;;;;;
15400000;2;01/04/2006;;1;1;1602;1450;1548;16;30;1;1;1;0;0;1514;1528;1532;1538;1535;1535;1534;1529;1530;1534;1542;1562;1581;1590;1596;1602;1598;1586;1578;1574;1582;1588;1586;1571;1552;1534;1511;1485;1466;1450;;1;1;1;1;1;1;1;1;1;1;1;1;1;1;1;1;1;1;1;1;1;1;1;1;1;1;1;1;1;1;
15400000;1;01/04/2006;07:00;0;1;1603;1446;1548;16;30;0;0;0;;0;1510;1528;1530;1538;1535;1535;1535;1529;1529;1532;1540;1557;1578;1588;1596;1603;1600;1589;1580;1575;1580;1587;1588;1576;1557;1538;1517;1490;1470;1455;;;;;;;;;;;;;;;;;;;;;;;;;;;;;;1;1;0
15400000;1;01/04/2006;17:00;0;1;1603;1446;1548;16;30;0;0;0;;0;1518;1529;1535;1538;1535;1535;1533;1529;1530;1535;1545;1566;1584;1592;1597;1602;1596;1594;1575;1574;1584;1588;1584;1566;1548;1529;1505;1480;1463;1446;;;;;;;;;;;;;;;;;;;;;;;;;;;;;1;1;1;0
15400000;1;01/04/2006;;1;1;1602;1450;1548;16;30;1;1;1;0;0;1514;1528;1532;1538;1535;1535;1534;1529;1530;1534;1542;1562;1581;1590;1596;1602;1598;1586;1578;1574;1582;1588;1586;1571;1552;1534;1511;1485;1466;1450;;;;;;;;;;;;;;;;;;;;;;;;;;;;;;;;
15400000;2;01/03/2006;;1;1;1625;1482;1556;9;27;1;1;1;0;0;1602;1596;1598;1607;1612;1617;1620;1621;1625;1620;1613;1607;1592;1575;1563;1560;1554;1546;1538;1532;1523;1508;1499;1498;1494;1487;1482;1482;1484;1494;1502;1;1;1;1;1;1;1;1;1;1;1;1;1;1;1;1;1;1;1;1;1;1;1;1;1;1;1;1;1;1;1
15400000;1;01/03/2006;07:00;0;1;1626;1480;1556;9;27;0;0;0;;0;1604;1597;1596;1606;1611;1617;1620;1620;1626;1621;1614;1608;1596;1578;1563;1563;1556;1548;1540;1533;1523;1512;1498;1498;1497;1488;1484;1480;1484;1489;1498;;;;;;;;;;;;;;;;;;;;;;;;;;;;;;;1
15400000;1;01/03/2006;17:00;0;1;1626;1480;1556;9;27;0;0;0;;0;1600;1596;1600;1607;1614;1617;1619;1622;1624;1619;1612;1605;1588;1572;1563;1556;1552;1544;1537;1530;1523;1505;1500;1498;1491;1486;1480;1484;1484;1498;1506;;;;;;;;;;;;;;;;;;;;;;;;;;;;;;1;1
15400000;1;01/03/2006;;1;1;1625;1482;1556;9;27;1;1;1;0;0;1602;1596;1598;1607;1612;1617;1620;1621;1625;1620;1613;1607;1592;1575;1563;1560;1554;1546;1538;1532;1523;1508;1499;1498;1494;1487;1482;1482;1484;1494;1502;;;;;;;;;;;;;;;;;;;;;;;;;;;;;;;
15400000;2;01/02/2006;;1;1;1609;1448;1521;27;11;1;1;1;0;0;1495;1498;1499;1497;1492;1480;1472;1468;1458;1449;1448;1452;1461;1471;1487;1501;1517;1532;1552;1566;1578;1591;1598;1601;1604;1606;1609;1608;;;;1;1;1;1;1;1;1;1;1;1;1;1;1;1;1;1;1;1;1;1;1;1;1;1;1;1;1;1;;;
15400000;1;01/02/2006;;1;1;1609;1448;1521;27;11;1;1;1;0;0;1495;1498;1499;1497;1492;1480;1472;1468;1458;1449;1448;1452;1461;1471;1487;1501;1517;1532;1552;1566;1578;1591;1598;1601;1604;1606;1609;1608;;;;;;;;;;;;;;;;;;;;;;;;;;;;;;;;;;
15400000;2;01/01/2006;;1;1;1485;943;1249;31;1;1;1;1;0;0;943;971;991;1018;1060;1138;1188;1224;1235;1231;1221;1192;1157;1131;1120;1131;1185;1258;1298;1321;1344;1368;1386;1405;1420;1435;1447;1460;1470;1480;1485;1;1;1;1;1;1;1;1;1;1;1;1;1;1;1;1;1;1;1;1;1;1;1;1;1;1;1;1;1;1;1
15400000;1;01/01/2006;07:00;0;1;1486;935;1249;31;1;0;0;0;;0;935;966;989;1013;1046;1124;1179;1220;1231;1232;1224;1202;1164;1136;1118;1124;1170;1247;1290;1316;1338;1364;1384;1402;1416;1432;1444;1458;1467;1478;1484;;;;;;;;;;;;;;;;;;;;;;;;;;;;;;;
15400000;1;01/01/2006;17:00;0;1;1486;935;1249;31;1;0;0;0;;0;950;976;993;1024;1074;1151;1198;1228;1236;1230;1218;1182;1150;1126;1121;1138;1200;1268;1305;1326;1350;1373;1389;1408;1424;1438;1450;1463;1472;1482;1486;;;;;;;;;;;;;;;;;;;;;;;;;;;;;;;1
15400000;1;01/01/2006;;1;1;1485;943;1249;31;1;1;1;1;0;0;943;971;991;1018;1060;1138;1188;1224;1235;1231;1221;1192;1157;1131;1120;1131;1185;1258;1298;1321;1344;1368;1386;1405;1420;1435;1447;1460;1470;1480;1485;;;;;;;;;;;;;;;;;;;;;;;;;;;;;;;
15400000;2;01/12/2005;;1;1;1001;797;904;15;1;1;1;1;0;0;797;847;890;906;898;880;872;870;869;878;890;908;952;990;1001;990;975;956;943;934;929;922;914;902;887;869;860;857;857;868;900;1;1;1;1;1;1;1;1;1;1;1;1;1;1;1;1;1;1;1;1;1;1;1;1;1;1;1;1;1;1;1
15400000;1;01/12/2005;07:00;0;1;1001;784;904;15;1;0;0;0;;0;784;837;882;905;904;884;873;870;868;875;887;900;941;983;1001;994;980;960;945;935;930;924;918;904;891;872;860;857;857;865;892;;;;;;;;;;;;;;;;;;;;;;;;;;;;;;;
15400000;1;01/12/2005;17:00;0;1;1001;784;904;15;1;0;0;0;;0;810;857;898;906;892;876;871;869;870;880;893;916;962;998;1001;987;970;952;940;933;928;921;911;900;883;866;859;857;857;871;908;;;;;;;;;;;;;;;;;;;;;;;;;;;;;;;
15400000;1;01/12/2005;;1;1;;;;;;0;0;0;0;0;797;847;890;906;898;880;872;870;869;878;890;908;952;990;1001;990;975;956;943;934;929;922;914;902;887;869;860;857;857;868;900;;;;;;;;;;;;;;;;;;;;;;;;;;;;3;3;;
15400000;2;01/11/2005;;1;1;749;483;597;30;1;1;1;1;0;0;483;518;550;574;604;649;694;713;702;680;651;620;594;574;571;582;592;584;568;559;548;538;526;514;503;518;582;668;716;749;;1;1;1;1;1;1;1;1;1;1;1;1;1;1;1;1;1;1;1;1;1;1;1;1;1;1;1;1;1;1;
15400000;1;01/11/2005;07:00;0;1;756;477;597;30;1;0;0;0;;0;477;510;544;568;596;638;687;713;707;687;659;627;600;577;570;580;592;586;571;562;551;540;529;517;505;504;559;654;708;742;;;;;;;;;;;;;;;;;;;;;;;;;;;;;;1;1;0
15400000;1;01/11/2005;17:00;0;1;756;477;597;30;1;0;0;0;;0;489;527;555;579;612;660;702;713;698;674;643;614;589;572;572;585;592;581;565;556;545;535;522;510;500;531;604;682;723;756;;;;;;;;;;;;;;;;;;;;;;;;;;;;;1;1;1;0
15400000;1;01/11/2005;;1;1;749;483;597;30;1;1;1;1;0;0;483;518;550;574;604;649;694;713;702;680;651;620;594;574;571;582;592;584;568;559;548;538;526;514;503;518;582;668;716;749;;;;;;;;;;;;;;;;;;;;;;;;;;;;;;;;
15400000;2;01/10/2005;;1;1;503;181;298;28;5;1;1;1;0;0;193;191;186;182;181;190;213;229;228;222;214;213;217;226;238;249;272;302;322;340;346;352;351;356;367;409;471;503;501;489;476;1;1;1;1;1;1;1;1;1;1;1;1;1;1;1;1;1;1;1;1;1;1;1;1;1;1;1;1;1;1;1
15400000;1;01/10/2005;07:00;0;1;505;181;298;28;4;0;0;0;;0;193;192;187;183;181;185;209;227;230;223;216;213;216;225;236;244;266;296;318;338;346;352;351;354;362;395;460;500;504;493;477;;;;;;;;;;;;;;;;;;;;;;;;;;;;;;;
15400000;1;01/10/2005;17:00;0;1;505;181;298;28;4;0;0;0;;0;193;190;185;181;181;194;217;231;227;220;213;213;219;228;239;254;279;308;326;342;347;351;351;358;372;423;482;505;499;485;474;;;;;;;;;;;;;;;;;;;;;;;;;;;;;;;
15400000;1;01/10/2005;;1;1;503;181;298;28;5;1;1;1;0;0;193;191;186;182;181;190;213;229;228;222;214;213;217;226;238;249;272;302;322;340;346;352;351;356;367;409;471;503;501;489;476;;;;;;;;;;;;;;;;;;;;;;;;;;;;;;;
15400000;2;01/09/2005;;1;1;202;163;181;27;10;1;1;1;0;0;184;179;175;172;172;172;170;168;165;163;165;172;182;188;188;187;184;181;179;178;176;176;178;184;192;199;202;200;197;194;;1;1;1;1;1;1;1;1;1;1;1;1;1;1;1;1;1;1;1;1;1;1;1;1;1;1;1;1;1;1;
15400000;1;01/09/2005;07:00;0;1;202;163;181;27;10;0;0;0;;0;185;180;176;172;171;172;171;169;166;163;164;170;180;188;189;188;186;182;180;178;177;176;176;182;191;198;202;200;198;195;;1;1;1;1;1;1;1;1;1;1;1;1;1;1;1;1;1;1;1;1;1;1;1;1;1;1;1;1;1;1;0
15400000;1;01/09/2005;17:00;0;1;202;163;181;27;10;0;0;0;;0;183;178;174;171;172;172;170;168;164;163;166;173;184;188;188;186;183;180;178;178;176;176;179;186;194;200;202;199;196;194;;1;1;1;1;1;1;1;1;1;1;1;1;1;1;1;1;1;1;1;1;1;1;1;1;1;1;1;1;1;1;0
15400000;1;01/09/2005;;1;1;202;163;181;27;10;1;1;1;0;0;184;179;175;172;172;172;170;168;165;163;165;172;182;188;188;187;184;181;179;178;176;176;178;184;192;199;202;200;197;194;;;;;;;;;;;;;;;;;;;;;;;;;;;;;;;;
15400000;2;01/08/2005;;1;1;354;189;264;1;31;1;1;1;0;0;354;348;344;338;331;323;314;306;298;290;282;273;265;258;253;252;253;254;252;248;242;235;228;221;217;212;206;201;198;194;189;1;1;1;1;1;1;1;1;1;1;1;1;1;1;1;1;1;1;1;1;1;1;1;1;1;1;1;1;1;1;1
15400000;1;01/08/2005;07:00;0;1;356;188;264;1;31;0;0;0;;0;356;349;345;339;333;325;316;308;300;292;284;275;267;259;254;252;253;254;253;250;243;236;230;223;218;214;208;202;198;196;190;1;1;1;1;1;1;1;1;1;1;1;1;1;1;1;1;1;1;1;1;1;1;1;1;1;1;1;1;1;1;1
15400000;1;01/08/2005;17:00;0;1;356;188;264;1;31;0;0;0;;0;353;347;342;336;329;321;312;304;296;288;280;271;263;256;252;252;253;254;252;246;240;233;226;219;216;211;205;200;198;193;188;1;1;1;1;1;1;1;1;1;1;1;1;1;1;1;1;1;1;1;1;1;1;1;1;1;1;1;1;1;1;1
15400000;1;01/08/2005;;1;1;354;189;264;1;31;1;1;1;0;0;354;348;344;338;331;323;314;306;298;290;282;273;265;258;253;252;253;254;252;248;242;235;228;221;217;212;206;201;198;194;189;;;;;;;;;;;;;;;;;;;;;;;;;;;;;;;
15400000;2;01/07/2005;;1;1;695;363;493;1;31;1;1;1;0;0;695;678;656;637;617;601;584;572;564;554;538;520;503;492;484;478;470;461;447;436;424;412;401;390;382;380;389;394;388;376;363;1;1;1;1;1;1;1;1;1;1;1;1;1;1;1;1;1;1;1;1;1;1;1;1;1;1;1;1;1;1;1
15400000;1;01/07/2005;07:00;0;1;700;360;493;1;31;0;0;0;;0;700;682;660;641;621;604;587;574;566;557;542;524;506;495;486;480;472;464;451;438;426;416;404;392;383;379;387;395;391;380;366;1;1;1;1;1;1;1;1;1;1;1;1;1;1;1;1;1;1;1;1;1;1;1;1;1;1;1;1;1;1;1
15400000;1;01/07/2005;17:00;0;1;700;360;493;1;31;0;0;0;;0;690;674;651;633;613;598;580;571;563;550;535;516;500;490;483;476;468;458;444;433;421;409;398;387;381;381;391;394;385;372;360;1;1;1;1;1;1;1;1;1;1;1;1;1;1;1;1;1;1;1;1;1;1;1;1;1;1;1;1;1;1;1
15400000;1;01/07/2005;;1;1;695;363;493;1;31;1;1;1;0;0;695;678;656;637;617;601;584;572;564;554;538;520;503;492;484;478;470;461;447;436;424;412;401;390;382;380;389;394;388;376;363;;;;;;;;;;;;;;;;;;;;;;;;;;;;;;;
15400000;2;01/06/2005;;1;1;856;714;785;1;30;1;1;1;0;0;856;854;850;840;831;822;815;806;798;786;774;764;754;746;737;730;739;790;826;840;830;809;786;766;748;738;734;732;726;714;;1;1;1;1;1;1;1;1;1;1;1;1;1;1;1;1;1;1;1;1;1;1;1;1;1;1;1;1;1;1;
15400000;1;01/06/2005;17:00;0;1;856;710;785;1;30;0;0;0;;0;855;854;847;838;828;820;814;804;797;783;771;762;752;744;735;731;746;802;831;838;825;803;779;761;743;737;734;731;723;710;;1;1;1;1;1;1;1;1;1;1;1;1;1;1;1;1;1;1;1;1;1;1;1;1;1;1;1;1;1;1;0
15400000;1;01/06/2005;07:00;0;1;856;710;785;1;30;0;0;0;;0;856;854;853;842;834;823;817;809;800;790;776;766;756;749;739;730;732;778;821;841;836;815;792;770;752;740;734;733;728;718;;1;1;1;1;1;1;1;1;1;1;1;1;1;1;1;1;1;1;1;1;1;1;1;1;1;1;1;1;1;1;0
15400000;1;01/06/2005;;1;1;856;714;785;1;30;1;1;1;0;0;856;854;850;840;831;822;815;806;798;786;774;764;754;746;737;730;739;790;826;840;830;809;786;766;748;738;734;732;726;714;;;;;;;;;;;;;;;;;;;;;;;;;;;;;;;;
15400000;2;01/05/2005;;1;1;1131;820;932;2;22;1;1;1;0;0;1123;1131;1125;1100;1075;1050;1028;1001;987;969;951;937;924;917;912;906;891;875;860;840;828;820;822;827;828;834;849;870;875;873;862;1;1;1;1;1;1;1;1;1;1;1;1;1;1;1;1;1;1;1;1;1;1;1;1;1;1;1;1;1;1;1
15400000;1;01/05/2005;17:00;0;1;1131;820;932;2;22;0;0;0;;0;1126;1131;1120;1093;1068;1045;1020;997;984;964;948;934;920;916;911;904;885;871;858;837;826;820;823;827;828;836;854;872;874;873;860;1;1;1;1;1;1;1;1;1;1;1;1;1;1;1;1;1;1;1;1;1;1;1;1;1;1;1;1;1;1;1
15400000;1;01/05/2005;07:00;0;1;1131;820;932;2;22;0;0;0;;0;1120;1131;1130;1108;1082;1055;1035;1005;990;974;954;940;928;918;914;908;897;879;862;843;830;820;822;827;828;832;844;868;876;873;863;1;1;1;1;1;1;1;1;1;1;1;1;1;1;1;1;1;1;1;1;1;1;1;1;1;1;1;1;1;1;1
15400000;1;01/05/2005;;1;1;1131;820;932;2;22;1;1;1;0;0;1123;1131;1125;1100;1075;1050;1028;1001;987;969;951;937;924;917;912;906;891;875;860;840;828;820;822;827;828;834;849;870;875;873;862;;;;;;;;;;;;;;;;;;;;;;;;;;;;;;;
15400000;2;01/04/2005;;1;1;1409;1112;1262;10;30;1;1;1;0;0;1377;1359;1344;1332;1336;1352;1367;1381;1400;1409;1401;1375;1340;1309;1280;1260;1240;1220;1203;1188;1177;1168;1158;1146;1139;1128;1126;1124;1117;1112;;1;1;1;1;1;1;1;1;1;1;1;1;1;1;1;1;1;1;1;1;1;1;1;1;1;1;1;1;1;1;
15400000;1;01/04/2005;17:00;0;1;1410;1110;1262;10;30;0;0;0;;0;1374;1354;1341;1331;1339;1356;1368;1384;1406;1408;1396;1366;1332;1303;1276;1254;1236;1216;1198;1186;1174;1165;1155;1145;1136;1126;1125;1124;1114;1115;;1;1;1;1;1;1;1;1;1;1;1;1;1;1;1;1;1;1;1;1;1;1;1;1;1;1;1;1;1;1;0
15400000;1;01/04/2005;07:00;0;1;1410;1110;1262;10;30;0;0;0;;0;1380;1364;1348;1334;1332;1348;1366;1378;1394;1410;1406;1384;1348;1315;1285;1266;1244;1224;1208;1190;1180;1170;1160;1148;1142;1130;1126;1124;1120;1110;;1;1;1;1;1;1;1;1;1;1;1;1;1;1;1;1;1;1;1;1;1;1;1;1;1;1;1;1;1;1;0
15400000;1;01/04/2005;;1;1;1409;1112;1262;10;30;1;1;1;0;0;1377;1359;1344;1332;1336;1352;1367;1381;1400;1409;1401;1375;1340;1309;1280;1260;1240;1220;1203;1188;1177;1168;1158;1146;1139;1128;1126;1124;1117;1112;;;;;;;;;;;;;;;;;;;;;;;;;;;;;;;;
15400000;2;01/03/2005;;1;1;1400;1308;1361;8;14;1;1;1;0;0;1347;1362;1376;1384;1385;1386;1396;1400;1394;1380;1362;1341;1322;1308;1311;1332;1341;1342;1346;1364;1385;1372;1356;1344;1362;1368;1364;1360;1361;1369;1379;1;1;1;1;1;1;1;1;1;1;1;1;1;1;1;1;1;1;1;1;1;1;1;1;1;1;1;1;1;1;1
15400000;1;01/03/2005;17:00;0;1;1400;1308;1361;8;14;0;0;0;;0;1348;1365;1379;1385;1385;1386;1397;1400;1393;1375;1360;1336;1318;1308;1314;1335;1342;1343;1350;1370;1385;1367;1353;1346;1366;1366;1364;1357;1362;1372;1380;1;1;1;1;1;1;1;1;1;1;1;1;1;1;1;1;1;1;1;1;1;1;1;1;1;1;1;1;1;1;1
15400000;1;01/03/2005;07:00;0;1;1400;1308;1361;8;14;0;0;0;;0;1346;1360;1374;1384;1385;1386;1394;1400;1396;1384;1365;1346;1326;1308;1308;1330;1340;1342;1342;1358;1385;1376;1359;1343;1357;1370;1365;1362;1360;1366;1378;1;1;1;1;1;1;1;1;1;1;1;1;1;1;1;1;1;1;1;1;1;1;1;1;1;1;1;1;1;1;1
15400000;1;01/03/2005;;1;1;1400;1308;1361;8;14;1;1;1;0;0;1347;1362;1376;1384;1385;1386;1396;1400;1394;1380;1362;1341;1322;1308;1311;1332;1341;1342;1346;1364;1385;1372;1356;1344;1362;1368;1364;1360;1361;1369;1379;;;;;;;;;;;;;;;;;;;;;;;;;;;;;;;
15400000;2;01/02/2005;;1;1;1356;1106;1228;27;13;1;1;1;0;0;1206;1220;1212;1183;1164;1166;1178;1180;1169;1151;1128;1113;1106;1106;1130;1175;1222;1250;1269;1288;1318;1333;1344;1348;1350;1355;1356;1350;;;;1;1;1;1;1;1;1;1;1;1;1;1;1;1;1;1;1;1;1;1;1;1;1;1;1;1;1;1;;;
15400000;1;01/02/2005;17:00;0;1;1357;1104;1228;27;13;0;0;0;;0;1214;1221;1208;1178;1164;1169;1180;1178;1166;1143;1123;1111;1104;1107;1138;1184;1230;1255;1274;1293;1321;1336;1347;1348;1352;1356;1354;1348;;;;1;1;1;1;1;1;1;1;1;1;1;1;1;1;1;1;1;1;1;1;1;1;1;1;1;1;1;1;0;0;0
15400000;1;01/02/2005;07:00;0;1;1357;1104;1228;27;13;0;0;0;;0;1198;1220;1215;1188;1165;1162;1177;1182;1172;1159;1132;1115;1108;1106;1122;1166;1213;1246;1264;1284;1315;1330;1342;1347;1349;1354;1357;1352;;;;1;1;1;1;1;1;1;1;1;1;1;1;1;1;1;1;1;1;1;1;1;1;1;1;1;1;1;1;0;0;0
15400000;1;01/02/2005;;1;1;1356;1106;1228;27;13;1;1;1;0;0;1206;1220;1212;1183;1164;1166;1178;1180;1169;1151;1128;1113;1106;1106;1130;1175;1222;1250;1269;1288;1318;1333;1344;1348;1350;1355;1356;1350;;;;;;;;;;;;;;;;;;;;;;;;;;;;;;;;;;
15400000;2;01/01/2005;;1;1;1255;1058;1137;22;1;1;1;1;0;0;1058;1074;1077;1069;1066;1071;1084;1132;1178;1192;1179;1159;1140;1128;1111;1090;1072;1059;1084;1158;1226;1255;1250;1230;1197;1170;1144;1129;1138;1155;1178;1;1;1;1;1;1;1;1;1;1;1;1;1;1;1;1;1;1;1;1;1;1;1;1;1;1;1;1;1;1;1
15400000;1;01/01/2005;17:00;0;1;1258;1053;1137;22;1;0;0;0;;0;1064;1075;1075;1068;1067;1073;1092;1145;1185;1192;1174;1154;1136;1126;1107;1085;1070;1058;1093;1176;1236;1258;1246;1223;1188;1166;1138;1128;1142;1160;1184;1;1;1;1;1;1;1;1;1;1;1;1;1;1;1;1;1;1;1;1;1;1;1;1;1;1;1;1;1;1;1
15400000;1;01/01/2005;07:00;0;1;1258;1053;1137;22;1;0;0;0;;0;1053;1073;1079;1070;1064;1069;1077;1120;1172;1192;1184;1164;1143;1130;1115;1096;1075;1060;1075;1141;1215;1252;1255;1236;1206;1174;1150;1130;1135;1150;1172;1;1;1;1;1;1;1;1;1;1;1;1;1;1;1;1;1;1;1;1;1;1;1;1;1;1;1;1;1;1;1
15400000;1;01/01/2005;;1;1;1255;1058;1137;22;1;1;1;1;0;0;1058;1074;1077;1069;1066;1071;1084;1132;1178;1192;1179;1159;1140;1128;1111;1090;1072;1059;1084;1158;1226;1255;1250;1230;1197;1170;1144;1129;1138;1155;1178;;;;;;;;;;;;;;;;;;;;;;;;;;;;;;;
15400000;2;01/12/2004;;1;1;1032;756;897;31;3;1;1;1;0;0;786;770;756;758;812;881;912;908;891;866;843;821;811;829;878;918;937;935;924;910;902;918;935;965;974;976;978;980;993;1011;1032;1;1;1;1;1;1;1;1;1;1;1;1;1;1;1;1;1;1;1;1;1;1;1;1;1;1;1;1;1;1;1
15400000;1;01/12/2004;17:00;0;1;1038;752;897;31;4;0;0;0;;0;784;766;755;763;829;892;911;906;887;860;837;817;810;837;889;924;937;934;922;907;902;926;943;968;974;976;977;983;997;1016;1038;1;1;1;1;1;1;1;1;1;1;1;1;1;1;1;1;1;1;1;1;1;1;1;1;1;1;1;1;1;1;1
15400000;1;01/12/2004;07:00;0;1;1038;752;897;31;4;0;0;0;;0;788;774;757;752;795;870;912;910;896;872;848;825;812;821;866;912;937;936;926;913;902;909;926;962;974;976;978;977;989;1006;1026;1;1;1;1;1;1;1;1;1;1;1;1;1;1;1;1;1;1;1;1;1;1;1;1;1;1;1;1;1;1;1
15400000;1;01/12/2004;;1;1;1032;756;897;31;3;1;1;1;0;0;786;770;756;758;812;881;912;908;891;866;843;821;811;829;878;918;937;935;924;910;902;918;935;965;974;976;978;980;993;1011;1032;1;1;1;1;1;1;1;1;1;1;1;1;1;1;1;1;1;1;1;1;1;1;1;1;1;1;1;1;1;1;1
15400000;2;01/11/2004;;1;1;814;493;604;28;1;1;1;1;0;0;493;548;603;614;594;564;547;534;524;511;501;499;517;554;586;600;590;574;562;565;574;588;611;634;669;742;801;814;814;801;;1;1;1;1;1;1;1;1;1;1;1;1;1;1;1;1;1;1;1;1;1;1;1;1;1;1;1;1;1;1;
15400000;1;01/11/2004;17:00;0;1;817;490;604;29;1;0;0;0;;0;497;565;610;613;588;560;544;533;521;507;500;500;523;562;591;600;586;571;561;567;576;592;616;638;682;759;807;814;812;797;;;;;;;;;;;;;;;;;;;;;;;;;;;;;;;;0
15400000;1;01/11/2004;07:00;0;1;817;490;604;29;1;0;0;0;;0;490;530;596;615;601;569;550;536;527;514;502;498;511;546;581;599;594;577;564;563;572;584;606;630;656;724;794;815;817;805;;;;;;;;;;;;;;;;;;;;;;;;;;;;;;;;0
15400000;1;01/11/2004;;1;1;814;493;604;28;1;1;1;1;0;0;493;548;603;614;594;564;547;534;524;511;501;499;517;554;586;600;590;574;562;565;574;588;611;634;669;742;801;814;814;801;;;;;;;;;;;;;;;;;;;;;;;;;;;;;;;;
15400000;2;01/10/2004;;1;1;504;228;344;30;5;1;1;1;0;0;242;235;231;229;228;228;228;231;240;256;290;316;337;349;352;348;338;328;325;336;366;404;439;456;456;450;454;482;501;504;496;1;1;1;1;1;1;1;1;1;1;1;1;1;1;1;1;1;1;1;1;1;1;1;1;1;1;1;1;1;1;1
15400000;1;01/10/2004;07:00;0;1;505;227;344;30;5;0;0;0;;0;245;236;232;230;228;228;229;231;237;256;284;312;333;348;353;350;340;330;325;331;358;395;433;455;457;450;452;477;500;505;498;;;;;;;;;;;;;;;;;;;;;;;;;;;;;;;
15400000;1;01/10/2004;17:00;0;1;505;227;344;30;5;0;0;0;;0;238;234;230;228;227;228;228;231;243;256;296;321;341;350;351;346;335;326;325;340;373;412;445;457;454;451;457;487;503;503;495;;;;;;;;;;;;;;;;;;;;;;;;;;;;;;;
15400000;1;01/10/2004;;1;1;504;228;344;30;5;1;1;1;0;0;242;235;231;229;228;228;228;231;240;256;290;316;337;349;352;348;338;328;325;336;366;404;439;456;456;450;454;482;501;504;496;;;;;;;;;;;;;;;;;;;;;;;;;;;;;;;
15400000;2;01/09/2004;;1;1;417;248;320;3;30;1;1;1;0;0;411;416;417;410;400;388;374;362;352;344;336;325;316;308;302;297;294;291;289;292;292;288;280;276;268;259;254;250;249;248;;1;1;1;1;1;1;1;1;1;1;1;1;1;1;1;1;1;1;1;1;1;1;1;1;1;1;1;1;1;1;
15400000;1;01/09/2004;07:00;0;1;418;247;319;3;30;0;0;0;;0;408;416;418;412;403;391;377;364;355;346;338;327;318;310;303;298;294;292;288;291;292;289;280;278;270;260;255;250;250;248;;1;1;1;1;1;1;1;1;1;1;1;1;1;1;1;1;1;1;1;1;1;1;1;1;1;1;1;1;1;1;0
15400000;1;01/09/2004;17:00;0;1;418;247;319;3;30;0;0;0;;0;414;417;416;408;397;384;370;360;350;342;333;323;314;307;301;296;293;290;290;292;291;286;280;274;265;258;252;250;248;247;;1;1;1;1;1;1;1;1;1;1;1;1;1;1;1;1;1;1;1;1;1;1;1;1;1;1;1;1;1;1;0
15400000;1;01/09/2004;;1;1;417;248;320;3;30;1;1;1;0;0;411;416;417;410;400;388;374;362;352;344;336;325;316;308;302;297;294;291;289;292;292;288;280;276;268;259;254;250;249;248;;1;1;1;1;1;1;1;1;1;1;1;1;1;1;1;1;1;1;1;1;1;1;1;1;1;1;1;1;1;1;
15400000;2;01/08/2004;;1;1;626;336;456;8;28;1;1;1;0;0;481;475;471;472;508;578;624;626;607;578;548;520;497;477;461;452;446;440;432;420;409;389;378;365;353;345;340;336;346;370;394;1;1;1;1;1;1;1;1;1;1;1;1;1;1;1;1;1;1;1;1;1;1;1;1;1;1;1;1;1;1;1
15400000;1;01/08/2004;07:00;0;1;631;336;456;8;28;0;0;0;;0;483;476;472;470;494;566;622;631;612;586;556;526;503;480;464;454;448;442;434;423;410;390;382;368;356;346;341;336;341;364;390;1;1;1;1;1;1;1;1;1;1;1;1;1;1;1;1;1;1;1;1;1;1;1;1;1;1;1;1;1;1;1
15400000;1;01/08/2004;17:00;0;1;631;336;456;8;28;0;0;0;;0;479;474;470;474;523;591;626;620;602;571;540;514;492;474;458;450;444;438;429;416;408;388;374;362;350;344;338;337;351;376;399;1;1;1;1;1;1;1;1;1;1;1;1;1;1;1;1;1;1;1;1;1;1;1;1;1;1;1;1;1;1;1
15400000;1;01/08/2004;;1;1;626;336;456;8;28;1;1;1;0;0;481;475;471;472;508;578;624;626;607;578;548;520;497;477;461;452;446;440;432;420;409;389;378;365;353;345;340;336;346;370;394;1;1;1;1;1;1;1;1;1;1;1;1;1;1;1;1;1;1;1;1;1;1;1;1;1;1;1;1;1;1;1
15400000;2;01/07/2004;;1;1;676;494;606;4;31;1;1;1;0;0;652;660;671;676;669;656;646;640;634;624;610;598;586;577;580;598;634;672;676;659;630;606;582;562;552;548;540;532;520;507;494;1;1;1;1;1;1;1;1;1;1;1;1;1;1;1;1;1;1;1;1;1;1;1;1;1;1;1;1;1;1;1
15400000;1;01/07/2004;07:00;0;1;680;490;606;19;31;0;0;0;;0;650;657;669;677;672;659;648;642;636;627;614;602;588;577;577;590;626;669;680;665;639;610;588;566;553;550;542;534;525;510;498;1;1;1;1;1;1;1;1;1;1;1;1;1;1;1;1;1;1;1;1;1;1;1;1;1;1;1;1;1;1;1
15400000;1;01/07/2004;17:00;0;1;680;490;606;19;31;0;0;0;;0;654;663;673;674;666;652;645;639;632;620;607;595;583;577;584;605;642;675;673;653;622;603;576;559;550;546;538;530;516;504;490;1;1;1;1;1;1;1;1;1;1;1;1;1;1;1;1;1;1;1;1;1;1;1;1;1;1;1;1;1;1;1
15400000;1;01/07/2004;;1;1;676;494;606;4;31;1;1;1;0;0;652;660;671;676;669;656;646;640;634;624;610;598;586;577;580;598;634;672;676;659;630;606;582;562;552;548;540;532;520;507;494;1;1;1;1;1;1;1;1;1;1;1;1;1;1;1;1;1;1;1;1;1;1;1;1;1;1;1;1;1;1;1
15400000;2;01/06/2004;;1;1;1032;650;815;1;30;1;1;1;0;0;1032;1009;984;956;925;899;878;862;851;842;832;818;801;784;778;785;802;823;832;820;799;778;757;736;720;701;682;668;656;650;;1;1;1;1;1;1;1;1;1;1;1;1;1;1;1;1;1;1;1;1;1;1;1;1;1;1;1;1;1;1;
15400000;1;01/06/2004;07:00;0;1;1036;650;815;1;30;0;0;0;;0;1036;1014;990;966;930;906;882;865;853;844;835;823;805;788;778;783;798;819;833;823;804;784;762;740;724;706;684;671;658;650;;1;1;1;1;1;1;1;1;1;1;1;1;1;1;1;1;1;1;1;1;1;1;1;1;1;1;1;1;1;1;0
15400000;1;01/06/2004;17:00;0;1;1036;650;815;1;30;0;0;0;;0;1028;1004;978;946;920;893;874;860;848;840;830;814;796;781;779;787;807;827;830;816;794;772;752;732;715;696;680;665;654;650;;1;1;1;1;1;1;1;1;1;1;1;1;1;1;1;1;1;1;1;1;1;1;1;1;1;1;1;1;1;1;0
15400000;1;01/06/2004;;1;1;1032;650;815;1;30;1;1;1;0;0;1032;1009;984;956;925;899;878;862;851;842;832;818;801;784;778;785;802;823;832;820;799;778;757;736;720;701;682;668;656;650;;1;1;1;1;1;1;1;1;1;1;1;1;1;1;1;1;1;1;1;1;1;1;1;1;1;1;1;1;1;1;
15400000;2;01/05/2004;;1;1;1308;944;1104;1;28;1;1;1;0;0;1308;1284;1260;1235;1214;1186;1174;1169;1170;1176;1178;1170;1154;1133;1107;1086;1062;1044;1030;1030;1046;1053;1042;1020;1001;984;962;944;965;1008;1036;1;1;1;1;1;1;1;1;1;1;1;1;1;1;1;1;1;1;1;1;1;1;1;1;1;1;1;1;1;1;1
15400000;1;01/05/2004;07:00;0;1;1312;940;1104;1;28;0;0;0;;0;1312;1290;1266;1240;1220;1190;1176;1170;1169;1174;1180;1174;1159;1138;1114;1090;1068;1048;1031;1028;1045;1054;1048;1025;1005;990;966;947;950;1000;1035;;;;;;;;;;;;;;;;;;;;;;;;;;;;;;;
15400000;1;01/05/2004;17:00;0;1;1312;940;1104;1;28;0;0;0;;0;1303;1279;1254;1230;1208;1183;1173;1168;1171;1178;1177;1166;1150;1128;1100;1081;1055;1039;1028;1033;1048;1052;1037;1015;996;978;957;940;980;1016;1038;;;;;;;;;;;;;;;;;;;;;;;;;;;;;;;
15400000;1;01/05/2004;;1;1;1308;944;1104;1;28;1;1;1;0;0;1308;1284;1260;1235;1214;1186;1174;1169;1170;1176;1178;1170;1154;1133;1107;1086;1062;1044;1030;1030;1046;1053;1042;1020;1001;984;962;944;965;1008;1036;;;;;;;;;;;;;;;;;;;;;;;;;;;;;;;
15400000;2;01/04/2004;;1;1;1366;1228;1288;1;21;1;1;1;0;0;1366;1359;1349;1334;1322;1311;1300;1283;1269;1259;1265;1262;1254;1240;1242;1255;1258;1255;1246;1234;1228;1241;1262;1279;1296;1316;1338;1345;1336;1322;;1;1;1;1;1;1;1;1;1;1;1;1;1;1;1;1;1;1;1;1;1;1;1;1;1;1;1;1;1;1;
15400000;1;01/04/2004;07:00;0;1;1367;1227;1287;1;21;0;0;0;;0;1367;1361;1352;1338;1324;1314;1303;1286;1272;1260;1265;1265;1257;1240;1240;1254;1259;1256;1250;1235;1227;1238;1258;1276;1291;1310;1335;1346;1339;1324;;;;;;;;;;;;;;;;;;;;;;;;;;;;;;;;0
15400000;1;01/04/2004;17:00;0;1;1367;1227;1287;1;21;0;0;0;;0;1364;1357;1346;1330;1319;1308;1297;1280;1266;1258;1265;1260;1250;1240;1245;1256;1258;1254;1243;1232;1228;1244;1265;1282;1300;1322;1341;1344;1332;1320;;;;;;;;;;;;;;;;;;;;;;;;;;;;;;;;0
15400000;1;01/04/2004;;1;1;1366;1228;1288;1;21;1;1;1;0;0;1366;1359;1349;1334;1322;1311;1300;1283;1269;1259;1265;1262;1254;1240;1242;1255;1258;1255;1246;1234;1228;1241;1262;1279;1296;1316;1338;1345;1336;1322;;;;;;;;;;;;;;;;;;;;;;;;;;;;;;;;
15400000;2;01/03/2004;;1;1;1412;1224;1300;1;14;1;1;1;0;0;1412;1388;1360;1334;1312;1290;1269;1257;1249;1248;1240;1230;1226;1224;1232;1246;1259;1264;1263;1264;1270;1282;1300;1321;1338;1350;1362;1374;1386;1383;1377;1;1;1;1;1;1;1;1;1;1;1;1;1;1;1;1;1;1;1;1;1;1;1;1;1;1;1;1;1;1;1
15400000;1;01/03/2004;07:00;0;1;1423;1223;1300;1;14;0;0;0;;0;1423;1395;1366;1338;1316;1294;1272;1260;1250;1247;1241;1233;1226;1223;1230;1245;1257;1265;1263;1260;1269;1280;1294;1318;1335;1347;1358;1372;1384;1380;1380;;;;;;;;;;;;;;;;;;;;;;;;;;;;;;;
15400000;1;01/03/2004;17:00;0;1;1423;1223;1300;1;14;0;0;0;;0;1402;1382;1354;1330;1308;1286;1266;1254;1248;1249;1238;1228;1225;1226;1235;1248;1261;1263;1263;1267;1271;1284;1305;1324;1342;1352;1365;1377;1388;1386;1374;;;;;;;;;;;;;;;;;;;;;;;;;;;;;;;
15400000;1;01/03/2004;;1;1;1412;1224;1300;1;14;1;1;1;0;0;1412;1388;1360;1334;1312;1290;1269;1257;1249;1248;1240;1230;1226;1224;1232;1246;1259;1264;1263;1264;1270;1282;1300;1321;1338;1350;1362;1374;1386;1383;1377;;;;;;;;;;;;;;;;;;;;;;;;;;;;;;;
15400000;2;01/02/2004;;1;1;1460;1241;1374;27;8;1;1;1;0;0;1378;1357;1336;1316;1294;1269;1251;1241;1255;1288;1320;1342;1364;1375;1382;1388;1394;1401;1414;1431;1442;1449;1449;1446;1448;1452;1460;1456;1443;;;1;1;1;1;1;1;1;1;1;1;1;1;1;1;1;1;1;1;1;1;1;1;1;1;1;1;1;1;1;;
15400000;1;01/02/2004;07:00;0;1;1461;1240;1374;28;8;0;0;0;;0;1382;1362;1341;1321;1300;1274;1255;1242;1247;1280;1316;1335;1360;1373;1380;1387;1392;1398;1410;1428;1440;1448;1450;1446;1448;1450;1460;1461;1447;;;;;;;;;;;;;;;;;;;;;;;;;;;;;;;;0;0
15400000;1;01/02/2004;17:00;0;1;1461;1240;1374;28;8;0;0;0;;0;1373;1352;1330;1310;1287;1264;1247;1240;1263;1296;1323;1348;1367;1377;1384;1389;1395;1404;1417;1434;1444;1450;1448;1447;1448;1455;1460;1450;1439;;;;;;;;;;;;;;;;;;;;;;;;;;;;;;;;0;0
15400000;1;01/02/2004;;1;1;1460;1241;1374;27;8;1;1;1;0;0;1378;1357;1336;1316;1294;1269;1251;1241;1255;1288;1320;1342;1364;1375;1382;1388;1394;1401;1414;1431;1442;1449;1449;1446;1448;1452;1460;1456;1443;;;;;;;;;;;;;;;;;;;;;;;;;;;;;;;;;
15400000;2;01/01/2004;;1;1;1430;1018;1295;26;1;1;1;1;0;0;1018;1046;1090;1125;1150;1172;1194;1210;1220;1238;1246;1252;1268;1282;1300;1322;1344;1358;1368;1378;1388;1394;1405;1416;1427;1430;1428;1426;1422;1414;1400;1;1;1;1;1;1;1;1;1;1;1;1;1;1;1;1;1;1;1;1;1;1;1;1;1;1;1;1;1;1;1
15400000;1;01/01/2004;07:00;0;1;1430;1013;1295;26;1;0;0;0;;0;1013;1037;1081;1118;1146;1165;1189;1208;1215;1237;1244;1250;1266;1278;1294;1317;1340;1355;1366;1377;1386;1392;1402;1415;1426;1430;1429;1427;1424;1418;1404;;;;;;;;;;;;;;;;;;;;;;;;;;;;;;;
15400000;1;01/01/2004;17:00;0;1;1430;1013;1295;26;1;0;0;0;;0;1024;1056;1098;1132;1155;1178;1198;1212;1226;1240;1247;1254;1270;1286;1306;1326;1347;1360;1371;1380;1389;1396;1408;1418;1428;1429;1428;1426;1421;1410;1396;;;;;;;;;;;;;;;;;;;;;;;;;;;;;;;
15400000;1;01/01/2004;;1;1;1430;1018;1295;26;1;1;1;1;0;0;1018;1046;1090;1125;1150;1172;1194;1210;1220;1238;1246;1252;1268;1282;1300;1322;1344;1358;1368;1378;1388;1394;1405;1416;1427;1430;1428;1426;1422;1414;1400;;;;;;;;;;;;;;;;;;;;;;;;;;;;;;;
15400000;2;01/12/2003;;1;1;1033;528;813;23;2;1;1;1;0;0;530;528;534;552;594;636;631;630;642;691;716;710;700;695;705;789;884;935;980;1006;1014;1024;1033;1032;1018;996;982;984;1002;1012;1012;1;1;1;1;1;1;1;1;1;1;1;1;1;1;1;1;1;1;1;1;1;1;1;1;1;1;1;1;1;1;1
15400000;1;01/12/2003;07:00;0;1;1036;528;813;24;2;0;0;0;;0;530;528;532;544;586;636;632;626;634;680;715;714;703;695;698;763;870;924;971;1004;1012;1022;1032;1036;1023;1002;983;980;996;1012;1012;;;;;;;;;;;;;;;;;;;;;;;;;;;;;;;
15400000;1;01/12/2003;17:00;0;1;1036;528;813;24;2;0;0;0;;0;529;529;537;560;602;636;630;633;651;702;718;706;698;695;712;815;898;946;989;1008;1017;1027;1034;1028;1012;991;980;987;1008;1012;1012;;;;;;;;;;;;;;;;;;;;;;;;;;;;;;;
15400000;1;01/12/2003;;1;1;1033;528;813;23;2;1;1;1;0;0;530;528;534;552;594;636;631;630;642;691;716;710;700;695;705;789;884;935;980;1006;1014;1024;1033;1032;1018;996;982;984;1002;1012;1012;;;;;;;;;;;;;;;;;;;;;;;;;;;;;;;
15400000;2;01/11/2003;;1;1;658;392;529;10;1;1;1;1;0;0;392;396;423;495;572;615;631;642;654;658;639;610;582;555;532;515;500;485;473;466;460;458;465;494;532;546;538;507;510;517;;1;1;1;1;1;1;1;1;1;1;1;1;1;1;1;1;1;1;1;1;1;1;1;1;1;1;1;1;1;1;
15400000;1;01/11/2003;17:00;0;1;660;391;529;10;1;0;0;0;;0;392;399;432;516;586;620;633;646;655;655;632;603;575;548;528;511;496;482;470;464;458;458;470;503;539;546;530;508;512;518;;1;1;1;1;1;1;1;1;1;1;1;1;1;1;1;1;1;1;1;1;1;1;1;1;1;1;1;1;1;1;0
15400000;1;01/11/2003;07:00;0;1;660;391;529;10;1;0;0;0;;0;391;393;414;474;558;610;629;639;653;660;646;617;589;562;536;519;503;488;476;468;461;458;460;486;525;547;545;506;508;516;;1;1;1;1;1;1;1;1;1;1;1;1;1;1;1;1;1;1;1;1;1;1;1;1;1;1;1;1;1;1;0
15400000;1;01/11/2003;;1;1;658;392;529;10;1;1;1;1;0;0;392;396;423;495;572;615;631;642;654;658;639;610;582;555;532;515;500;485;473;466;460;458;465;494;532;546;538;507;510;517;;1;1;1;1;1;1;1;1;1;1;1;1;1;1;1;1;1;1;1;1;1;1;1;1;1;1;1;1;1;1;
15400000;2;01/10/2003;;1;1;704;283;431;19;4;1;1;1;0;0;294;288;284;283;286;290;297;300;306;311;317;322;330;360;430;522;634;692;704;682;643;604;569;534;499;472;451;434;416;403;395;1;1;1;1;1;1;1;1;1;1;1;1;1;1;1;1;1;1;1;1;1;1;1;1;1;1;1;1;1;1;1
15400000;1;01/10/2003;17:00;0;1;709;282;431;19;3;0;0;0;;0;293;287;282;284;286;292;298;302;308;312;318;323;335;372;448;548;655;704;700;673;634;594;562;525;486;469;440;430;412;400;394;1;1;1;1;1;1;1;1;1;1;1;1;1;1;1;1;1;1;1;1;1;1;1;1;1;1;1;1;1;1;1
15400000;1;01/10/2003;07:00;0;1;709;282;431;19;3;0;0;0;;0;295;290;285;282;285;288;296;298;304;310;316;322;325;348;413;496;612;680;709;690;652;614;576;542;512;474;462;438;420;405;396;1;1;1;1;1;1;1;1;1;1;1;1;1;1;1;1;1;1;1;1;1;1;1;1;1;1;1;1;1;1;1
15400000;1;01/10/2003;;1;1;704;283;431;19;4;1;1;1;0;0;294;288;284;283;286;290;297;300;306;311;317;322;330;360;430;522;634;692;704;682;643;604;569;534;499;472;451;434;416;403;395;1;1;1;1;1;1;1;1;1;1;1;1;1;1;1;1;1;1;1;1;1;1;1;1;1;1;1;1;1;1;1
15400000;2;01/09/2003;;1;1;326;262;297;6;16;1;1;1;0;0;302;298;300;310;322;326;322;314;306;300;292;282;276;270;264;262;267;275;294;309;315;312;306;297;291;294;296;300;301;300;;1;1;1;1;1;1;1;1;1;1;1;1;1;1;1;1;1;1;1;1;1;1;1;1;1;1;1;1;1;1;
15400000;1;01/09/2003;07:00;0;1;327;261;297;6;16;0;0;0;;0;304;299;298;307;320;327;325;316;308;302;293;285;277;271;265;261;266;272;290;307;315;314;309;300;292;293;295;300;301;301;;1;1;1;1;1;1;1;1;1;1;1;1;1;1;1;1;1;1;1;1;1;1;1;1;1;1;1;1;1;1;0
15400000;1;01/09/2003;17:00;0;1;327;261;297;6;16;0;0;0;;0;301;297;303;312;324;326;320;312;303;298;290;280;274;268;262;263;268;278;298;311;315;310;304;294;290;295;297;300;301;298;;1;1;1;1;1;1;1;1;1;1;1;1;1;1;1;1;1;1;1;1;1;1;1;1;1;1;1;1;1;1;0
15400000;1;01/09/2003;;1;1;326;262;297;6;16;1;1;1;0;0;302;298;300;310;322;326;322;314;306;300;292;282;276;270;264;262;267;275;294;309;315;312;306;297;291;294;296;300;301;300;;1;1;1;1;1;1;1;1;1;1;1;1;1;1;1;1;1;1;1;1;1;1;1;1;1;1;1;1;1;1;
15400000;2;01/08/2003;;1;1;428;312;383;20;31;1;1;1;0;0;393;387;387;398;406;408;404;394;387;383;380;380;379;380;380;388;398;411;424;428;423;410;393;377;362;353;347;340;332;321;312;1;1;1;1;1;1;1;1;1;1;1;1;1;1;1;1;1;1;1;1;1;1;1;1;1;1;1;1;1;1;1
15400000;1;01/08/2003;17:00;0;1;430;310;383;20;31;0;0;0;;0;391;387;388;400;407;408;402;392;386;382;380;380;380;380;381;390;402;414;427;427;421;406;390;374;360;351;346;338;330;318;310;1;1;1;1;1;1;1;1;1;1;1;1;1;1;1;1;1;1;1;1;1;1;1;1;1;1;1;1;1;1;1
15400000;1;01/08/2003;07:00;0;1;430;310;383;20;31;0;0;0;;0;395;387;386;397;405;409;406;397;388;384;380;380;378;379;379;385;395;408;422;430;425;413;396;380;365;355;348;342;335;324;314;1;1;1;1;1;1;1;1;1;1;1;1;1;1;1;1;1;1;1;1;1;1;1;1;1;1;1;1;1;1;1
15400000;1;01/08/2003;;1;1;428;312;383;20;31;1;1;1;0;0;393;387;387;398;406;408;404;394;387;383;380;380;379;380;380;388;398;411;424;428;423;410;393;377;362;353;347;340;332;321;312;1;1;1;1;1;1;1;1;1;1;1;1;1;1;1;1;1;1;1;1;1;1;1;1;1;1;1;1;1;1;1
15400000;2;01/07/2003;;1;1;782;402;568;1;31;1;1;1;0;0;782;761;740;722;706;693;680;668;652;633;615;600;589;564;550;542;538;536;528;522;516;499;484;470;458;448;439;431;422;412;402;1;1;1;1;1;1;1;1;1;1;1;1;1;1;1;1;1;1;1;1;1;1;1;1;1;1;1;1;1;1;1
15400000;1;01/07/2003;07:00;0;1;786;400;568;1;31;0;0;0;;0;786;766;745;726;710;696;683;672;655;638;620;602;596;568;553;543;538;537;530;524;518;503;487;473;460;450;441;433;425;415;404;1;1;1;1;1;1;1;1;1;1;1;1;1;1;1;1;1;1;1;1;1;1;1;1;1;1;1;1;1;1;1
15400000;1;01/07/2003;17:00;0;1;786;400;568;1;31;0;0;0;;0;778;756;736;718;702;690;678;663;649;628;610;599;582;560;548;541;538;534;527;520;514;494;480;467;455;446;437;429;420;409;400;1;1;1;1;1;1;1;1;1;1;1;1;1;1;1;1;1;1;1;1;1;1;1;1;1;1;1;1;1;1;1
15400000;1;01/07/2003;;1;1;782;402;568;1;31;1;1;1;0;0;782;761;740;722;706;693;680;668;652;633;615;600;589;564;550;542;538;536;528;522;516;499;484;470;458;448;439;431;422;412;402;1;1;1;1;1;1;1;1;1;1;1;1;1;1;1;1;1;1;1;1;1;1;1;1;1;1;1;1;1;1;1
15400000;2;01/06/2003;;1;1;976;804;903;1;30;1;1;1;0;0;976;974;964;954;953;959;960;952;940;935;939;936;925;910;906;905;904;888;871;858;846;834;833;842;867;884;878;855;828;804;;1;1;1;1;1;1;1;1;1;1;1;1;1;1;1;1;1;1;1;1;1;1;1;1;1;1;1;1;1;1;
15400000;1;01/06/2003;07:00;0;1;976;800;903;1;30;0;0;0;;0;976;976;968;954;952;958;961;954;944;934;938;938;930;912;906;905;905;892;874;862;848;836;832;838;862;884;882;863;832;809;;1;1;1;1;1;1;1;1;1;1;1;1;1;1;1;1;1;1;1;1;1;1;1;1;1;1;1;1;1;1;0
15400000;1;01/06/2003;17:00;0;1;976;800;903;1;30;0;0;0;;0;976;972;960;953;954;960;958;950;937;935;940;934;920;908;905;905;902;885;868;854;843;832;834;846;872;884;873;847;823;800;;1;1;1;1;1;1;1;1;1;1;1;1;1;1;1;1;1;1;1;1;1;1;1;1;1;1;1;1;1;1;0
15400000;1;01/06/2003;;1;1;976;804;903;1;30;1;1;1;0;0;976;974;964;954;953;959;960;952;940;935;939;936;925;910;906;905;904;888;871;858;846;834;833;842;867;884;878;855;828;804;;1;1;1;1;1;1;1;1;1;1;1;1;1;1;1;1;1;1;1;1;1;1;1;1;1;1;1;1;1;1;
15400000;2;01/05/2003;;1;1;1315;974;1145;1;31;1;1;1;0;0;1315;1299;1284;1270;1260;1252;1242;1238;1230;1220;1214;1210;1208;1200;1186;1169;1152;1132;1116;1098;1081;1064;1050;1032;1022;1007;998;994;987;978;974;1;1;1;1;1;1;1;1;1;1;1;1;1;1;1;1;1;1;1;1;1;1;1;1;1;1;1;1;1;1;1
15400000;1;01/05/2003;17:00;0;1;1318;973;1145;1;31;0;0;0;;0;1312;1296;1280;1267;1258;1250;1238;1236;1227;1218;1213;1209;1207;1196;1183;1164;1148;1129;1112;1094;1078;1060;1045;1029;1017;1004;997;993;982;974;975;1;1;1;1;1;1;1;1;1;1;1;1;1;1;1;1;1;1;1;1;1;1;1;1;1;1;1;1;1;1;1
15400000;1;01/05/2003;07:00;0;1;1318;973;1145;1;31;0;0;0;;0;1318;1302;1288;1273;1263;1254;1246;1240;1232;1222;1216;1210;1208;1203;1190;1174;1155;1136;1119;1101;1084;1069;1056;1036;1026;1010;1000;994;992;982;973;1;1;1;1;1;1;1;1;1;1;1;1;1;1;1;1;1;1;1;1;1;1;1;1;1;1;1;1;1;1;1
15400000;1;01/05/2003;;1;1;1315;974;1145;1;31;1;1;1;0;0;1315;1299;1284;1270;1260;1252;1242;1238;1230;1220;1214;1210;1208;1200;1186;1169;1152;1132;1116;1098;1081;1064;1050;1032;1022;1007;998;994;987;978;974;1;1;1;1;1;1;1;1;1;1;1;1;1;1;1;1;1;1;1;1;1;1;1;1;1;1;1;1;1;1;1
15400000;2;01/04/2003;;1;1;1517;1335;1451;13;30;1;1;1;0;0;1442;1432;1426;1418;1420;1447;1472;1487;1491;1492;1500;1514;1517;1512;1506;1506;1504;1494;1479;1460;1440;1429;1422;1420;1416;1410;1400;1381;1360;1335;;1;1;1;1;1;1;1;1;1;1;1;1;1;1;1;1;1;1;1;1;1;1;1;1;1;1;1;1;1;1;
15400000;1;01/04/2003;17:00;0;1;1520;1331;1451;13;30;0;0;0;;0;1439;1431;1424;1416;1425;1454;1476;1490;1492;1493;1505;1516;1514;1512;1506;1505;1503;1491;1474;1454;1436;1427;1422;1419;1415;1408;1396;1378;1352;1331;;1;1;1;1;1;1;1;1;1;1;1;1;1;1;1;1;1;1;1;1;1;1;1;1;1;1;1;1;1;1;0
15400000;1;01/04/2003;07:00;0;1;1520;1331;1451;13;30;0;0;0;;0;1445;1433;1428;1419;1416;1440;1468;1484;1490;1490;1496;1513;1520;1513;1507;1506;1506;1498;1484;1465;1444;1431;1423;1421;1417;1413;1405;1384;1368;1339;;1;1;1;1;1;1;1;1;1;1;1;1;1;1;1;1;1;1;1;1;1;1;1;1;1;1;1;1;1;1;0
15400000;1;01/04/2003;;1;1;1517;1335;1451;13;30;1;1;1;0;0;1442;1432;1426;1418;1420;1447;1472;1487;1491;1492;1500;1514;1517;1512;1506;1506;1504;1494;1479;1460;1440;1429;1422;1420;1416;1410;1400;1381;1360;1335;;1;1;1;1;1;1;1;1;1;1;1;1;1;1;1;1;1;1;1;1;1;1;1;1;1;1;1;1;1;1;
15400000;2;01/03/2003;;1;1;1523;1339;1445;26;4;1;1;1;0;0;1369;1362;1344;1339;1342;1353;1373;1386;1399;1410;1426;1440;1449;1455;1458;1460;1462;1469;1477;1482;1492;1502;1507;1512;1520;1523;1518;1511;1500;1481;1460;1;1;1;1;1;1;1;1;1;1;1;1;1;1;1;1;1;1;1;1;1;1;1;1;1;1;1;1;1;1;1
15400000;1;01/03/2003;;1;1;1523;1339;1445;26;4;1;1;1;0;0;1369;1362;1344;1339;1342;1353;1373;1386;1399;1410;1426;1440;1449;1455;1458;1460;1462;1469;1477;1482;1492;1502;1507;1512;1520;1523;1518;1511;1500;1481;1460;1;1;1;1;1;1;1;1;1;1;1;1;1;1;1;1;1;1;1;1;1;1;1;1;1;1;1;1;1;1;1
15400000;2;01/02/2003;;1;1;1388;1312;1362;20;8;1;1;1;0;0;1378;1382;1387;1381;1368;1344;1322;1312;1313;1320;1331;1339;1347;1352;1360;1373;1377;1382;1387;1388;1387;1387;1382;1370;1364;1361;1368;1374;;;;1;1;1;1;1;1;1;1;1;1;1;1;1;1;1;1;1;1;1;1;1;1;1;1;1;1;1;1;;;
15400000;1;01/02/2003;;1;1;1388;1312;1362;20;8;1;1;1;0;0;1378;1382;1387;1381;1368;1344;1322;1312;1313;1320;1331;1339;1347;1352;1360;1373;1377;1382;1387;1388;1387;1387;1382;1370;1364;1361;1368;1374;;;;1;1;1;1;1;1;1;1;1;1;1;1;1;1;1;1;1;1;1;1;1;1;1;1;1;1;1;1;;;
15400000;2;01/01/2003;;1;1;1366;990;1140;31;4;1;1;1;0;0;1028;1015;999;990;998;1018;1034;1042;1053;1055;1046;1031;1034;1034;1035;1032;1055;1122;1186;1234;1256;1263;1261;1266;1280;1297;1303;1314;1334;1349;1366;1;1;1;1;1;1;1;1;1;1;1;1;1;1;1;1;1;1;1;1;1;1;1;1;1;1;1;1;1;1;1
15400000;1;01/01/2003;;1;1;1366;990;1140;31;4;1;1;1;0;0;1028;1015;999;990;998;1018;1034;1042;1053;1055;1046;1031;1034;1034;1035;1032;1055;1122;1186;1234;1256;1263;1261;1266;1280;1297;1303;1314;1334;1349;1366;1;1;1;1;1;1;1;1;1;1;1;1;1;1;1;1;1;1;1;1;1;1;1;1;1;1;1;1;1;1;1
15400000;2;01/12/2002;;1;1;1032;548;890;31;1;1;1;1;0;0;548;550;580;622;663;689;700;711;800;919;976;994;1004;1007;1001;981;967;964;970;977;990;1001;990;975;966;971;990;1006;1022;1026;1032;1;1;1;1;1;1;1;1;1;1;1;1;1;1;1;1;1;1;1;1;1;1;1;1;1;1;1;1;1;1;1
15400000;1;01/12/2002;;1;1;1032;548;890;31;1;1;1;1;0;0;548;550;580;622;663;689;700;711;800;919;976;994;1004;1007;1001;981;967;964;970;977;990;1001;990;975;966;971;990;1006;1022;1026;1032;1;1;1;1;1;1;1;1;1;1;1;1;1;1;1;1;1;1;1;1;1;1;1;1;1;1;1;1;1;1;1
15400000;2;01/11/2002;;1;1;732;424;593;13;5;1;1;1;0;0;486;466;450;434;424;428;500;584;624;642;686;726;732;707;678;657;656;674;682;678;653;631;608;589;580;577;571;562;555;552;;1;1;1;1;1;1;1;1;1;1;1;1;1;1;1;1;1;1;1;1;1;1;1;1;1;1;1;1;1;1;
15400000;1;01/11/2002;;1;1;732;424;593;13;5;1;1;1;0;0;486;466;450;434;424;428;500;584;624;642;686;726;732;707;678;657;656;674;682;678;653;631;608;589;580;577;571;562;555;552;;1;1;1;1;1;1;1;1;1;1;1;1;1;1;1;1;1;1;1;1;1;1;1;1;1;1;1;1;1;1;
15400000;2;01/10/2002;;1;1;603;324;430;26;17;1;1;1;0;0;381;419;453;462;454;441;424;413;398;384;378;370;360;350;338;329;324;330;348;370;386;392;410;475;562;603;602;586;560;533;509;1;1;1;1;1;1;1;1;1;1;1;1;1;1;1;1;1;1;1;1;1;1;1;1;1;1;1;1;1;1;1
15400000;1;01/10/2002;;1;1;603;324;430;26;17;1;1;1;0;0;381;419;453;462;454;441;424;413;398;384;378;370;360;350;338;329;324;330;348;370;386;392;410;475;562;603;602;586;560;533;509;1;1;1;1;1;1;1;1;1;1;1;1;1;1;1;1;1;1;1;1;1;1;1;1;1;1;1;1;1;1;1
15400000;2;01/09/2002;;1;1;407;331;356;9;22;1;1;1;0;0;344;346;345;343;344;364;385;402;407;404;398;389;378;367;356;348;344;344;342;336;332;331;335;340;341;340;340;340;346;356;;1;1;1;1;1;1;1;1;1;1;1;1;1;1;1;1;1;1;1;1;1;1;1;1;1;1;1;1;1;1;
15400000;1;01/09/2002;;1;1;407;331;356;9;22;1;1;1;0;0;344;346;345;343;344;364;385;402;407;404;398;389;378;367;356;348;344;344;342;336;332;331;335;340;341;340;340;340;346;356;;1;1;1;1;1;1;1;1;1;1;1;1;1;1;1;1;1;1;1;1;1;1;1;1;1;1;1;1;1;1;
15400000;2;01/08/2002;;1;1;509;329;422;1;29;1;1;1;0;0;509;495;492;493;496;502;504;497;490;482;474;466;454;443;432;422;413;404;396;387;380;374;365;357;350;345;340;333;329;329;336;1;1;1;1;1;1;1;1;1;1;1;1;1;1;1;1;1;1;1;1;1;1;1;1;1;1;1;1;1;1;1
15400000;1;01/08/2002;07:00;0;1;512;328;422;1;29;0;0;0;;0;512;498;492;493;495;502;504;500;492;484;476;468;457;446;435;425;415;406;398;389;381;376;367;359;352;346;342;334;330;328;334;1;1;1;1;1;1;1;1;1;1;1;1;1;1;1;1;1;1;1;1;1;1;1;1;1;1;1;1;1;1;1
15400000;1;01/08/2002;17:00;0;1;512;328;422;1;29;0;0;0;;0;506;492;493;494;498;502;504;495;488;480;472;463;451;440;430;420;411;402;394;385;378;372;363;355;349;344;338;332;328;330;338;1;1;1;1;1;1;1;1;1;1;1;1;1;1;1;1;1;1;1;1;1;1;1;1;1;1;1;1;1;1;1
15400000;1;01/08/2002;;1;1;509;329;422;1;29;1;1;1;0;0;509;495;492;493;496;502;504;497;490;482;474;466;454;443;432;422;413;404;396;387;380;374;365;357;350;345;340;333;329;329;336;1;1;1;1;1;1;1;1;1;1;1;1;1;1;1;1;1;1;1;1;1;1;1;1;1;1;1;1;1;1;1
15400000;2;01/07/2002;;1;1;762;522;623;1;31;1;1;1;0;0;762;740;720;699;680;664;646;632;618;608;620;654;679;680;666;650;636;624;614;603;594;584;572;560;550;546;549;554;548;537;522;1;1;1;1;1;1;1;1;1;1;1;1;1;1;1;1;1;1;1;1;1;1;1;1;1;1;1;1;1;1;1
15400000;1;01/07/2002;17:00;0;1;767;519;623;1;31;0;0;0;;0;756;734;715;694;676;659;643;630;614;606;629;661;682;680;662;647;633;621;611;600;592;581;569;557;549;546;550;553;547;534;519;;;;;;;;;;;;;;;;;;;;;;;;;;;;;;;
15400000;1;01/07/2002;07:00;0;1;767;519;623;1;31;0;0;0;;0;767;746;724;704;684;668;650;635;622;610;612;647;676;680;670;654;639;627;616;606;595;586;575;563;552;546;548;554;550;540;526;;;;;;;;;;;;;;;;;;;;;;;;;;;;;;;
15400000;1;01/07/2002;;1;1;762;522;623;1;31;1;1;1;0;0;762;740;720;699;680;664;646;632;618;608;620;654;679;680;666;650;636;624;614;603;594;584;572;560;550;546;549;554;548;537;522;;;;;;;;;;;;;;;;;;;;;;;;;;;;;;;
15400000;2;01/06/2002;;1;1;1040;784;968;20;30;1;1;1;0;0;994;977;963;964;985;1016;1027;1024;1026;1020;1004;990;992;1000;996;984;982;999;1028;1040;1030;1005;975;947;913;887;860;833;806;784;;1;1;1;1;1;1;1;1;1;1;1;1;1;1;1;1;1;1;1;1;1;1;1;1;1;1;1;1;1;1;
15400000;1;01/06/2002;07:00;0;1;1040;779;968;20;30;0;0;0;;0;998;981;966;960;978;1012;1028;1024;1026;1025;1009;990;988;1000;997;987;979;993;1023;1040;1034;1012;982;954;920;892;866;840;813;790;;1;1;1;1;1;1;1;1;1;1;1;1;1;1;1;1;1;1;1;1;1;1;1;1;1;1;1;1;1;1;0
15400000;1;01/06/2002;17:00;0;1;1040;779;968;20;30;0;0;0;;0;990;973;960;968;992;1020;1026;1024;1026;1016;1000;990;996;1000;995;980;985;1005;1032;1040;1025;998;968;940;906;882;854;826;800;779;;1;1;1;1;1;1;1;1;1;1;1;1;1;1;1;1;1;1;1;1;1;1;1;1;1;1;1;1;1;1;0
15400000;1;01/06/2002;;1;1;1040;784;968;20;30;1;1;1;0;0;994;977;963;964;985;1016;1027;1024;1026;1020;1004;990;992;1000;996;984;982;999;1028;1040;1030;1005;975;947;913;887;860;833;806;784;;1;1;1;1;1;1;1;1;1;1;1;1;1;1;1;1;1;1;1;1;1;1;1;1;1;1;1;1;1;1;
15400000;2;01/05/2002;;1;1;1382;1012;1177;4;31;1;1;1;0;0;1276;1312;1358;1382;1370;1345;1320;1300;1281;1266;1245;1228;1206;1185;1170;1159;1146;1130;1110;1094;1086;1084;1079;1068;1061;1056;1053;1050;1040;1030;1012;1;1;1;1;1;1;1;1;1;1;1;1;1;1;1;1;1;1;1;1;1;1;1;1;1;1;1;1;1;1;1
15400000;1;01/05/2002;07:00;0;1;1384;1008;1178;4;31;0;0;0;;0;1274;1301;1350;1380;1374;1350;1326;1301;1284;1272;1250;1230;1212;1188;1173;1162;1150;1134;1115;1096;1087;1085;1082;1071;1062;1058;1054;1052;1044;1033;1016;1;1;1;1;1;1;1;1;1;1;1;1;1;1;1;1;1;1;1;1;1;1;1;1;1;1;1;1;1;1;1
15400000;1;01/05/2002;17:00;0;1;1384;1008;1178;4;31;0;0;0;;0;1278;1324;1366;1384;1367;1340;1315;1298;1278;1260;1240;1225;1200;1182;1167;1156;1142;1126;1105;1092;1086;1083;1076;1064;1060;1054;1052;1048;1037;1026;1008;1;1;1;1;1;1;1;1;1;1;1;1;1;1;1;1;1;1;1;1;1;1;1;1;1;1;1;1;1;1;1
15400000;1;01/05/2002;;1;1;1382;1012;1177;4;31;1;1;1;0;0;1276;1312;1358;1382;1370;1345;1320;1300;1281;1266;1245;1228;1206;1185;1170;1159;1146;1130;1110;1094;1086;1084;1079;1068;1061;1056;1053;1050;1040;1030;1012;1;1;1;1;1;1;1;1;1;1;1;1;1;1;1;1;1;1;1;1;1;1;1;1;1;1;1;1;1;1;1
15400000;2;01/04/2002;;1;1;1481;1280;1379;3;30;1;1;1;0;0;1475;1477;1481;1477;1476;1476;1474;1464;1449;1428;1400;1380;1364;1357;1354;1342;1329;1333;1344;1352;1350;1338;1321;1315;1313;1308;1304;1300;1295;1280;;1;1;1;1;1;1;1;1;1;1;1;1;1;1;1;1;1;1;1;1;1;1;1;1;1;1;1;1;1;1;
15400000;1;01/04/2002;17:00;0;1;1482;1278;1378;3;30;0;0;0;;0;1474;1478;1480;1476;1476;1476;1473;1460;1448;1422;1395;1376;1362;1357;1352;1340;1326;1336;1346;1352;1349;1334;1319;1314;1312;1307;1303;1298;1292;1278;;1;1;1;1;1;1;1;1;1;1;1;1;1;1;1;1;1;1;1;1;1;1;1;1;1;1;1;1;1;1;0
15400000;1;01/04/2002;07:00;0;1;1482;1278;1378;3;30;0;0;0;;0;1476;1476;1482;1478;1476;1476;1475;1468;1450;1433;1405;1383;1366;1357;1356;1344;1332;1330;1341;1352;1352;1342;1323;1316;1314;1310;1304;1302;1298;1281;;1;1;1;1;1;1;1;1;1;1;1;1;1;1;1;1;1;1;1;1;1;1;1;1;1;1;1;1;1;1;0
15400000;1;01/04/2002;;1;1;1481;1280;1379;3;30;1;1;1;0;0;1475;1477;1481;1477;1476;1476;1474;1464;1449;1428;1400;1380;1364;1357;1354;1342;1329;1333;1344;1352;1350;1338;1321;1315;1313;1308;1304;1300;1295;1280;;1;1;1;1;1;1;1;1;1;1;1;1;1;1;1;1;1;1;1;1;1;1;1;1;1;1;1;1;1;1;
15400000;2;01/03/2002;;1;1;1543;1478;1512;14;31;1;1;1;0;0;1482;1490;1500;1507;1510;1514;1520;1520;1518;1517;1523;1532;1538;1543;1541;1536;1530;1522;1519;1514;1509;1504;1498;1497;1501;1508;1510;1508;1500;1488;1478;1;1;1;1;1;1;1;1;1;1;1;1;1;1;1;1;1;1;1;1;1;1;1;1;1;1;1;1;1;1;1
15400000;1;01/03/2002;07:00;0;1;1544;1478;1512;14;31;0;0;0;;0;1482;1489;1498;1510;1510;1513;1518;1520;1518;1516;1520;1530;1536;1544;1542;1538;1532;1524;1520;1516;1510;1506;1500;1496;1500;1506;1509;1510;1502;1490;1478;1;1;1;1;1;1;1;1;1;1;1;1;1;1;1;1;1;1;1;1;1;1;1;1;1;1;1;1;1;1;1
15400000;1;01/03/2002;17:00;0;1;1544;1478;1512;14;31;0;0;0;;0;1483;1490;1503;1504;1511;1514;1521;1521;1517;1518;1526;1534;1540;1542;1540;1535;1528;1520;1518;1513;1508;1503;1496;1498;1502;1509;1510;1506;1498;1486;1478;1;1;1;1;1;1;1;1;1;1;1;1;1;1;1;1;1;1;1;1;1;1;1;1;1;1;1;1;1;1;1
15400000;1;01/03/2002;;1;1;1543;1478;1512;14;31;1;1;1;0;0;1482;1490;1500;1507;1510;1514;1520;1520;1518;1517;1523;1532;1538;1543;1541;1536;1530;1522;1519;1514;1509;1504;1498;1497;1501;1508;1510;1508;1500;1488;1478;1;1;1;1;1;1;1;1;1;1;1;1;1;1;1;1;1;1;1;1;1;1;1;1;1;1;1;1;1;1;1
15400000;2;01/02/2002;;1;1;1477;1099;1320;28;2;1;1;1;0;0;1100;1099;1112;1150;1170;1171;1169;1200;1253;1294;1317;1336;1347;1354;1370;1374;1380;1388;1398;1404;1418;1423;1434;1442;1452;1461;1467;1477;;;;1;1;1;1;1;1;1;1;1;1;1;1;1;1;1;1;1;1;1;1;1;1;1;1;1;1;1;1;;;
15400000;1;01/02/2002;17:00;0;1;1478;1098;1320;28;2;0;0;0;;0;1102;1098;1118;1156;1173;1170;1170;1215;1264;1300;1322;1340;1348;1355;1372;1375;1379;1392;1400;1406;1418;1426;1436;1445;1455;1462;1468;1478;;;;1;1;1;1;1;1;1;1;1;1;1;1;1;1;1;1;1;1;1;1;1;1;1;1;1;1;1;1;0;0;0
15400000;1;01/02/2002;07:00;0;1;1478;1098;1320;28;2;0;0;0;;0;1098;1100;1106;1144;1167;1172;1168;1184;1242;1287;1312;1333;1346;1352;1367;1372;1382;1385;1396;1403;1417;1420;1432;1440;1450;1460;1466;1476;;;;1;1;1;1;1;1;1;1;1;1;1;1;1;1;1;1;1;1;1;1;1;1;1;1;1;1;1;1;0;0;0
15400000;1;01/02/2002;;1;1;1477;1099;1320;28;2;1;1;1;0;0;1100;1099;1112;1150;1170;1171;1169;1200;1253;1294;1317;1336;1347;1354;1370;1374;1380;1388;1398;1404;1418;1423;1434;1442;1452;1461;1467;1477;;;;1;1;1;1;1;1;1;1;1;1;1;1;1;1;1;1;1;1;1;1;1;1;1;1;1;1;1;1;;;
15400000;2;01/01/2002;;1;1;1274;1092;1185;9;29;1;1;1;0;0;1154;1146;1135;1142;1193;1240;1262;1269;1274;1270;1264;1266;1261;1250;1238;1234;1230;1204;1177;1160;1150;1146;1151;1154;1147;1131;1113;1099;1092;1092;1092;1;1;1;1;1;1;1;1;1;1;1;1;1;1;1;1;1;1;1;1;1;1;1;1;1;1;1;1;1;1;1
15400000;1;01/01/2002;07:00;0;1;1276;1092;1185;9;29;0;0;0;;0;1156;1148;1136;1136;1176;1234;1260;1266;1272;1270;1265;1268;1262;1251;1240;1235;1231;1212;1182;1162;1152;1146;1150;1154;1151;1134;1116;1101;1092;1092;1092;1;1;1;1;1;1;1;1;1;1;1;1;1;1;1;1;1;1;1;1;1;1;1;1;1;1;1;1;1;1;1
15400000;1;01/01/2002;17:00;0;1;1276;1092;1185;9;29;0;0;0;;0;1152;1144;1134;1148;1210;1246;1265;1272;1276;1270;1264;1264;1260;1248;1235;1234;1228;1195;1172;1157;1148;1146;1152;1154;1143;1128;1110;1097;1092;1092;1092;1;1;1;1;1;1;1;1;1;1;1;1;1;1;1;1;1;1;1;1;1;1;1;1;1;1;1;1;1;1;1
15400000;1;01/01/2002;;1;1;1274;1092;1185;9;29;1;1;1;0;0;1154;1146;1135;1142;1193;1240;1262;1269;1274;1270;1264;1266;1261;1250;1238;1234;1230;1204;1177;1160;1150;1146;1151;1154;1147;1131;1113;1099;1092;1092;1092;1;1;1;1;1;1;1;1;1;1;1;1;1;1;1;1;1;1;1;1;1;1;1;1;1;1;1;1;1;1;1
15400000;2;01/12/2001;;1;1;1180;820;966;30;4;1;1;1;0;0;824;834;831;820;824;855;888;910;921;940;977;1004;993;983;977;971;963;972;985;996;999;991;983;968;959;962;1000;1089;1172;1180;1173;1;1;1;1;1;1;1;1;1;1;1;1;1;1;1;1;1;1;1;1;1;1;1;1;1;1;1;1;1;1;1
15400000;1;01/12/2001;07:00;0;1;1182;819;966;31;4;0;0;0;;0;821;833;832;822;822;845;882;907;916;934;970;997;996;986;978;972;964;966;981;994;1001;993;986;970;960;958;980;1080;1168;1179;1182;1;1;1;1;1;1;1;1;1;1;1;1;1;1;1;1;1;1;1;1;1;1;1;1;1;1;1;1;1;1;1
15400000;1;01/12/2001;17:00;0;1;1182;819;966;31;4;0;0;0;;0;827;835;830;819;826;865;895;912;926;946;984;1010;990;980;976;970;962;977;988;997;998;989;980;965;957;965;1020;1098;1176;1180;1164;1;1;1;1;1;1;1;1;1;1;1;1;1;1;1;1;1;1;1;1;1;1;1;1;1;1;1;1;1;1;1
15400000;1;01/12/2001;;1;1;1180;820;966;30;4;1;1;1;0;0;824;834;831;820;824;855;888;910;921;940;977;1004;993;983;977;971;963;972;985;996;999;991;983;968;959;962;1000;1089;1172;1180;1173;1;1;1;1;1;1;1;1;1;1;1;1;1;1;1;1;1;1;1;1;1;1;1;1;1;1;1;1;1;1;1
15400000;2;01/11/2001;;1;1;842;500;731;10;5;1;1;1;0;0;560;547;520;506;500;533;626;724;802;842;841;836;832;820;800;782;772;767;758;757;759;758;760;777;787;788;782;792;802;813;;1;1;1;1;1;1;1;1;1;1;1;1;1;1;1;1;1;1;1;1;1;1;1;1;1;1;1;1;1;1;
15400000;1;01/11/2001;07:00;0;1;844;499;731;10;5;0;0;0;;0;557;554;525;508;499;516;601;707;797;840;843;837;833;823;804;787;770;769;760;757;758;758;757;774;786;789;782;788;800;810;;1;1;1;1;1;1;1;1;1;1;1;1;1;1;1;1;1;1;1;1;1;1;1;1;1;1;1;1;1;1;0
15400000;1;01/11/2001;17:00;0;1;844;499;731;10;5;0;0;0;;0;562;540;516;504;500;550;650;740;807;844;840;835;830;816;795;777;774;765;757;757;760;758;764;780;788;786;782;796;804;816;;1;1;1;1;1;1;1;1;1;1;1;1;1;1;1;1;1;1;1;1;1;1;1;1;1;1;1;1;1;1;0
15400000;1;01/11/2001;;1;1;842;500;731;10;5;1;1;1;0;0;560;547;520;506;500;533;626;724;802;842;841;836;832;820;800;782;772;767;758;757;759;758;760;777;787;788;782;792;802;813;;1;1;1;1;1;1;1;1;1;1;1;1;1;1;1;1;1;1;1;1;1;1;1;1;1;1;1;1;1;1;
15400000;2;01/10/2001;;1;1;556;332;409;31;5;1;1;1;0;0;366;356;347;338;332;332;340;345;342;336;333;341;354;366;371;376;390;407;420;430;442;456;464;470;481;500;512;512;520;540;556;1;1;1;1;1;1;1;1;1;1;1;1;1;1;1;1;1;1;1;1;1;1;1;1;1;1;1;1;1;1;1
15400000;1;01/10/2001;07:00;0;1;556;330;409;31;5;0;0;0;;0;368;358;349;341;334;330;339;345;344;337;333;339;352;364;370;375;385;403;418;427;439;453;463;469;478;496;510;514;515;534;556;1;1;1;1;1;1;1;1;1;1;1;1;1;1;1;1;1;1;1;1;1;1;1;1;1;1;1;1;1;1;1
15400000;1;01/10/2001;17:00;0;1;556;330;409;31;5;0;0;0;;0;364;354;345;336;330;333;342;345;340;334;333;343;357;367;372;378;396;410;423;434;444;458;466;472;484;503;514;511;525;546;556;1;1;1;1;1;1;1;1;1;1;1;1;1;1;1;1;1;1;1;1;1;1;1;1;1;1;1;1;1;1;1
15400000;1;01/10/2001;;1;1;556;332;409;31;5;1;1;1;0;0;366;356;347;338;332;332;340;345;342;336;333;341;354;366;371;376;390;407;420;430;442;456;464;470;481;500;512;512;520;540;556;1;1;1;1;1;1;1;1;1;1;1;1;1;1;1;1;1;1;1;1;1;1;1;1;1;1;1;1;1;1;1
15400000;2;01/09/2001;;1;1;421;298;338;27;12;1;1;1;0;0;362;356;350;344;338;334;328;322;314;307;301;298;300;308;318;322;322;322;320;316;314;311;310;330;376;412;421;412;392;379;;1;1;1;1;1;1;1;1;1;1;1;1;1;1;1;1;1;1;1;1;1;1;1;1;1;1;1;1;1;1;
15400000;1;01/09/2001;07:00;0;1;423;298;338;27;12;0;0;0;;0;364;358;351;346;340;335;330;324;316;309;302;298;299;305;316;322;322;322;320;317;314;312;310;321;365;407;423;416;398;383;;1;1;1;1;1;1;1;1;1;1;1;1;1;1;1;1;1;1;1;1;1;1;1;1;1;1;1;1;1;1;0
15400000;1;01/09/2001;17:00;0;1;423;298;338;27;12;0;0;0;;0;361;354;348;343;337;333;327;320;312;305;300;298;300;310;319;322;322;321;319;316;313;310;310;338;386;418;419;408;387;375;;1;1;1;1;1;1;1;1;1;1;1;1;1;1;1;1;1;1;1;1;1;1;1;1;1;1;1;1;1;1;0
15400000;1;01/09/2001;;1;1;421;298;338;27;12;1;1;1;0;0;362;356;350;344;338;334;328;322;314;307;301;298;300;308;318;322;322;322;320;316;314;311;310;330;376;412;421;412;392;379;;1;1;1;1;1;1;1;1;1;1;1;1;1;1;1;1;1;1;1;1;1;1;1;1;1;1;1;1;1;1;
15400000;2;01/08/2001;;1;1;601;367;477;5;31;1;1;1;0;0;586;575;576;592;601;596;582;562;543;522;504;487;473;462;464;477;485;479;464;447;430;416;402;394;390;386;384;380;375;372;367;1;1;1;1;1;1;1;1;1;1;1;1;1;1;1;1;1;1;1;1;1;1;1;1;1;1;1;1;1;1;1
15400000;1;01/08/2001;07:00;0;1;602;366;477;5;31;0;0;0;;0;588;576;573;588;602;599;586;567;548;527;508;490;476;464;462;475;485;482;468;451;434;418;405;395;390;387;385;381;376;373;368;1;1;1;1;1;1;1;1;1;1;1;1;1;1;1;1;1;1;1;1;1;1;1;1;1;1;1;1;1;1;1
15400000;1;01/08/2001;17:00;0;1;602;366;477;5;31;0;0;0;;0;584;574;578;596;600;594;578;558;538;517;500;484;470;460;466;479;485;476;461;444;426;414;399;393;389;386;383;380;374;370;366;1;1;1;1;1;1;1;1;1;1;1;1;1;1;1;1;1;1;1;1;1;1;1;1;1;1;1;1;1;1;1
15400000;1;01/08/2001;;1;1;601;367;477;5;31;1;1;1;0;0;586;575;576;592;601;596;582;562;543;522;504;487;473;462;464;477;485;479;464;447;430;416;402;394;390;386;384;380;375;372;367;1;1;1;1;1;1;1;1;1;1;1;1;1;1;1;1;1;1;1;1;1;1;1;1;1;1;1;1;1;1;1
15400000;2;01/07/2001;;1;1;831;596;693;1;31;1;1;1;0;0;831;812;794;778;766;752;741;726;710;687;677;672;666;662;654;650;642;640;652;668;670;664;652;680;714;714;696;666;638;614;596;1;1;1;1;1;1;1;1;1;1;1;1;1;1;1;1;1;1;1;1;1;1;1;1;1;1;1;1;1;1;1
15400000;1;01/07/2001;07:00;0;1;836;593;693;1;31;0;0;0;;0;836;816;798;782;769;756;744;730;714;690;677;674;668;664;655;651;643;639;648;666;671;665;651;671;710;717;700;672;644;619;600;1;1;1;1;1;1;1;1;1;1;1;1;1;1;1;1;1;1;1;1;1;1;1;1;1;1;1;1;1;1;1
15400000;1;01/07/2001;17:00;0;1;836;593;693;1;31;0;0;0;;0;826;808;790;775;764;749;738;722;706;684;677;671;665;660;652;648;640;640;656;670;668;662;652;689;718;711;692;660;633;608;593;1;1;1;1;1;1;1;1;1;1;1;1;1;1;1;1;1;1;1;1;1;1;1;1;1;1;1;1;1;1;1
15400000;1;01/07/2001;;1;1;831;596;693;1;31;1;1;1;0;0;831;812;794;778;766;752;741;726;710;687;677;672;666;662;654;650;642;640;652;668;670;664;652;680;714;714;696;666;638;614;596;1;1;1;1;1;1;1;1;1;1;1;1;1;1;1;1;1;1;1;1;1;1;1;1;1;1;1;1;1;1;1
15400000;2;01/06/2001;;1;1;1150;853;1011;1;30;1;1;1;0;0;1150;1150;1146;1142;1134;1123;1107;1087;1067;1050;1033;1015;1017;1023;1020;1007;990;980;967;951;938;929;940;949;944;930;914;895;872;853;;1;1;1;1;1;1;1;1;1;1;1;1;1;1;1;1;1;1;1;1;1;1;1;1;1;1;1;1;1;1;
15400000;1;01/06/2001;17:00;0;1;1150;848;1011;1;30;0;0;0;;0;1150;1150;1142;1140;1132;1120;1102;1082;1062;1046;1028;1012;1018;1023;1018;1002;986;979;964;948;934;928;941;949;943;924;912;890;865;848;;;;;;1;1;1;1;1;1;1;1;1;1;1;1;1;1;1;1;1;1;1;1;1;1;1;1;1;1;0
15400000;1;01/06/2001;07:00;0;1;1150;848;1011;1;30;0;0;0;;0;1150;1150;1149;1145;1136;1126;1112;1092;1072;1054;1038;1018;1016;1023;1022;1012;993;980;970;954;942;930;938;949;946;936;917;900;880;858;;;;;;1;1;1;1;1;1;1;1;1;1;1;1;1;1;1;1;1;1;1;1;1;1;1;1;1;1;0
15400000;1;01/06/2001;;1;1;1150;853;1011;1;30;1;1;1;0;0;1150;1150;1146;1142;1134;1123;1107;1087;1067;1050;1033;1015;1017;1023;1020;1007;990;980;967;951;938;929;940;949;944;930;914;895;872;853;;;;;;1;1;1;1;1;1;1;1;1;1;1;1;1;1;1;1;1;1;1;1;1;1;1;1;1;1;
15400000;2;01/05/2001;;1;1;1380;1110;1262;1;29;1;1;1;0;0;1380;1370;1354;1336;1328;1338;1347;1354;1354;1340;1331;1320;1308;1292;1272;1260;1260;1266;1269;1264;1250;1230;1204;1180;1160;1143;1126;1112;1110;1116;1142;1;1;1;1;1;1;1;1;1;1;1;1;1;1;1;1;1;1;1;1;1;1;1;1;1;1;1;1;1;1;1
15400000;1;01/05/2001;17:00;0;1;1383;1110;1262;1;28;0;0;0;;0;1378;1367;1351;1332;1330;1340;1348;1355;1352;1337;1328;1316;1305;1287;1267;1258;1262;1268;1270;1262;1246;1226;1197;1174;1155;1138;1123;1110;1110;1113;1145;1;1;1;1;1;1;1;1;1;1;1;1;1;1;1;1;1;1;1;1;1;1;1;1;1;1;1;1;1;1;1
15400000;1;01/05/2001;07:00;0;1;1383;1110;1262;1;28;0;0;0;;0;1383;1374;1357;1340;1325;1336;1346;1352;1357;1344;1334;1324;1311;1298;1276;1261;1258;1265;1268;1266;1254;1234;1212;1185;1164;1148;1129;1113;1110;1120;1140;1;1;1;1;1;1;1;1;1;1;1;1;1;1;1;1;1;1;1;1;1;1;1;1;1;1;1;1;1;1;1
15400000;1;01/05/2001;;1;1;1380;1110;1262;1;29;1;1;1;0;0;1380;1370;1354;1336;1328;1338;1347;1354;1354;1340;1331;1320;1308;1292;1272;1260;1260;1266;1269;1264;1250;1230;1204;1180;1160;1143;1126;1112;1110;1116;1142;1;1;1;1;1;1;1;1;1;1;1;1;1;1;1;1;1;1;1;1;1;1;1;1;1;1;1;1;1;1;1
15400000;2;01/04/2001;;1;1;1610;1372;1502;5;28;1;1;1;0;0;1593;1599;1604;1606;1610;1607;1606;1602;1592;1578;1563;1554;1554;1554;1550;1532;1512;1488;1464;1440;1420;1403;1388;1378;1378;1379;1378;1372;1380;1386;;1;1;1;1;1;1;1;1;1;1;1;1;1;1;1;1;1;1;1;1;1;1;1;1;1;1;1;1;1;1;
15400000;1;01/04/2001;17:00;0;1;1610;1372;1502;5;28;0;0;0;;0;1594;1600;1604;1606;1610;1607;1605;1600;1588;1575;1560;1554;1554;1554;1548;1527;1508;1484;1458;1436;1415;1398;1385;1378;1378;1378;1377;1372;1380;1386;;1;1;1;1;1;1;1;1;1;1;1;1;1;1;1;1;1;1;1;1;1;1;1;1;1;1;1;1;1;1;0
15400000;1;01/04/2001;07:00;0;1;1610;1372;1502;5;28;0;0;0;;0;1592;1598;1604;1605;1609;1607;1607;1604;1595;1581;1566;1554;1554;1554;1551;1537;1517;1492;1470;1445;1424;1408;1391;1378;1379;1380;1378;1372;1379;1385;;1;1;1;1;1;1;1;1;1;1;1;1;1;1;1;1;1;1;1;1;1;1;1;1;1;1;1;1;1;1;0
15400000;1;01/04/2001;;1;1;1610;1372;1502;5;28;1;1;1;0;0;1593;1599;1604;1606;1610;1607;1606;1602;1592;1578;1563;1554;1554;1554;1550;1532;1512;1488;1464;1440;1420;1403;1388;1378;1378;1379;1378;1372;1380;1386;;1;1;1;1;1;1;1;1;1;1;1;1;1;1;1;1;1;1;1;1;1;1;1;1;1;1;1;1;1;1;
15400000;2;01/03/2001;;1;1;1654;1537;1613;16;1;1;1;1;0;0;1537;1552;1565;1576;1585;1594;1604;1610;1622;1633;1639;1643;1646;1650;1653;1654;1652;1652;1650;1643;1637;1627;1621;1614;1604;1596;1592;1590;1586;1586;1587;1;1;1;1;1;1;1;1;1;1;1;1;1;1;1;1;1;1;1;1;1;1;1;1;1;1;1;1;1;1;1
15400000;1;01/03/2001;07:00;0;1;1654;1534;1613;16;1;0;0;0;;0;1534;1548;1562;1574;1584;1593;1603;1609;1620;1632;1638;1642;1646;1649;1653;1654;1653;1652;1651;1646;1640;1630;1622;1614;1606;1599;1593;1592;1587;1586;1586;1;1;1;1;1;1;1;1;1;1;1;1;1;1;1;1;1;1;1;1;1;1;1;1;1;1;1;1;1;1;1
15400000;1;01/03/2001;17:00;0;1;1654;1534;1613;16;1;0;0;0;;0;1540;1556;1568;1578;1586;1594;1605;1611;1623;1634;1640;1645;1646;1651;1653;1653;1651;1652;1648;1641;1634;1625;1620;1613;1602;1594;1592;1589;1584;1586;1588;1;1;1;1;1;1;1;1;1;1;1;1;1;1;1;1;1;1;1;1;1;1;1;1;1;1;1;1;1;1;1
15400000;1;01/03/2001;;1;1;1654;1537;1613;16;1;1;1;1;0;0;1537;1552;1565;1576;1585;1594;1604;1610;1622;1633;1639;1643;1646;1650;1653;1654;1652;1652;1650;1643;1637;1627;1621;1614;1604;1596;1592;1590;1586;1586;1587;1;1;1;1;1;1;1;1;1;1;1;1;1;1;1;1;1;1;1;1;1;1;1;1;1;1;1;1;1;1;1
15400000;2;01/02/2001;;1;1;1524;1381;1449;28;18;1;1;1;0;0;1448;1452;1460;1467;1470;1469;1468;1466;1464;1463;1457;1443;1434;1420;1408;1392;1382;1381;1388;1403;1422;1445;1462;1480;1494;1506;1514;1524;;;;1;1;1;1;1;1;1;1;1;1;1;1;1;1;1;1;1;1;1;1;1;1;1;1;1;1;1;1;;;
15400000;1;01/02/2001;07:00;0;1;1527;1378;1449;28;18;0;0;0;;0;1448;1448;1458;1467;1471;1469;1469;1466;1465;1464;1460;1446;1436;1424;1411;1394;1384;1378;1386;1400;1417;1440;1458;1475;1490;1504;1512;1522;;;;1;1;1;1;1;1;1;1;1;1;1;1;1;1;1;1;1;1;1;1;1;1;1;1;1;1;1;1;0;0;0
15400000;1;01/02/2001;17:00;0;1;1527;1378;1449;28;18;0;0;0;;0;1448;1455;1461;1467;1469;1469;1466;1466;1464;1462;1454;1440;1432;1416;1404;1390;1380;1384;1391;1406;1427;1450;1466;1484;1497;1508;1517;1527;;;;1;1;1;1;1;1;1;1;1;1;1;1;1;1;1;1;1;1;1;1;1;1;1;1;1;1;1;1;0;0;0
15400000;1;01/02/2001;;1;1;1524;1381;1449;28;18;1;1;1;0;0;1448;1452;1460;1467;1470;1469;1468;1466;1464;1463;1457;1443;1434;1420;1408;1392;1382;1381;1388;1403;1422;1445;1462;1480;1494;1506;1514;1524;;;;1;1;1;1;1;1;1;1;1;1;1;1;1;1;1;1;1;1;1;1;1;1;1;1;1;1;1;1;;;
15400000;2;01/01/2001;;1;1;1442;907;1202;31;1;1;1;1;0;0;907;929;962;1002;1031;1048;1055;1047;1027;1028;1058;1088;1128;1168;1208;1242;1267;1290;1306;1316;1320;1330;1338;1349;1362;1377;1391;1404;1416;1430;1442;1;1;1;1;1;1;1;1;1;1;1;1;1;1;1;1;1;1;1;1;1;1;1;1;1;1;1;1;1;1;1
15400000;1;01/01/2001;07:00;0;1;1444;904;1202;31;1;0;0;0;;0;904;920;955;995;1027;1042;1056;1052;1030;1020;1050;1080;1120;1155;1200;1236;1260;1286;1303;1314;1321;1328;1334;1346;1358;1373;1389;1402;1413;1428;1440;1;1;1;1;1;1;1;1;1;1;1;1;1;1;1;1;1;1;1;1;1;1;1;1;1;1;1;1;1;1;1
15400000;1;01/01/2001;17:00;0;1;1444;904;1202;31;1;0;0;0;;0;910;938;970;1008;1035;1053;1054;1042;1024;1035;1065;1095;1135;1180;1216;1247;1274;1295;1310;1317;1320;1332;1341;1352;1366;1381;1393;1406;1419;1432;1444;1;1;1;1;1;1;1;1;1;1;1;1;1;1;1;1;1;1;1;1;1;1;1;1;1;1;1;1;1;1;1
15400000;1;01/01/2001;;1;1;1442;907;1202;31;1;1;1;1;0;0;907;929;962;1002;1031;1048;1055;1047;1027;1028;1058;1088;1128;1168;1208;1242;1267;1290;1306;1316;1320;1330;1338;1349;1362;1377;1391;1404;1416;1430;1442;1;1;1;1;1;1;1;1;1;1;1;1;1;1;1;1;1;1;1;1;1;1;1;1;1;1;1;1;1;1;1
15400000;2;01/12/2000;;1;1;1106;696;919;19;1;1;1;1;0;0;696;706;731;746;758;828;884;894;882;870;886;914;926;915;911;954;1045;1098;1106;1090;1070;1056;1035;1008;980;954;932;914;905;901;902;1;1;1;1;1;1;1;1;1;1;1;1;1;1;1;1;1;1;1;1;1;1;1;1;1;1;1;1;1;1;1
15400000;1;01/12/2000;07:00;0;1;1108;695;919;19;1;0;0;0;;0;695;702;726;745;752;810;878;894;887;870;880;908;928;920;906;932;1028;1092;1108;1096;1075;1061;1040;1014;987;962;937;918;907;902;902;1;1;1;1;1;1;1;1;1;1;1;1;1;1;1;1;1;1;1;1;1;1;1;1;1;1;1;1;1;1;1
15400000;1;01/12/2000;17:00;0;1;1108;695;919;19;1;0;0;0;;0;697;710;736;747;765;845;890;894;878;869;892;921;925;910;916;975;1062;1105;1104;1085;1065;1052;1030;1002;972;946;928;910;903;900;902;1;1;1;1;1;1;1;1;1;1;1;1;1;1;1;1;1;1;1;1;1;1;1;1;1;1;1;1;1;1;1
15400000;1;01/12/2000;;1;1;1106;696;919;19;1;1;1;1;0;0;696;706;731;746;758;828;884;894;882;870;886;914;926;915;911;954;1045;1098;1106;1090;1070;1056;1035;1008;980;954;932;914;905;901;902;1;1;1;1;1;1;1;1;1;1;1;1;1;1;1;1;1;1;1;1;1;1;1;1;1;1;1;1;1;1;1
15400000;2;01/11/2000;;1;1;810;433;649;22;1;1;1;1;0;0;433;504;546;569;574;576;572;562;550;544;554;571;584;596;630;675;702;746;780;798;809;810;800;776;742;713;692;686;692;696;;1;1;1;1;1;1;1;1;1;1;1;1;1;1;1;1;1;1;1;1;1;1;1;1;1;1;1;1;1;1;
15400000;1;01/11/2000;07:00;0;1;811;414;649;22;1;0;0;0;;0;414;492;538;568;573;576;573;566;552;544;550;568;582;592;616;668;695;734;777;794;808;811;804;784;750;720;696;686;690;697;;1;1;1;1;1;1;1;1;1;1;1;1;1;1;1;1;1;1;1;1;1;1;1;1;1;1;1;1;1;1;0
15400000;1;01/11/2000;17:00;0;1;811;414;649;22;1;0;0;0;;0;452;516;553;570;574;575;570;558;547;544;558;574;585;600;645;682;709;758;784;802;810;808;796;767;735;706;688;686;694;696;;1;1;1;1;1;1;1;1;1;1;1;1;1;1;1;1;1;1;1;1;1;1;1;1;1;1;1;1;1;1;0
15400000;1;01/11/2000;;1;1;810;433;649;22;1;1;1;1;0;0;433;504;546;569;574;576;572;562;550;544;554;571;584;596;630;675;702;746;780;798;809;810;800;776;742;713;692;686;692;696;;1;1;1;1;1;1;1;1;1;1;1;1;1;1;1;1;1;1;1;1;1;1;1;1;1;1;1;1;1;1;
15400000;2;01/10/2000;;1;1;394;311;345;6;23;1;1;1;0;0;360;362;366;375;386;394;386;373;358;345;333;324;319;321;332;341;343;336;326;317;315;314;311;312;315;324;334;348;365;377;384;1;1;1;1;1;1;1;1;1;1;1;1;1;1;1;1;1;1;1;1;1;1;1;1;1;1;1;1;1;1;1
15400000;1;01/10/2000;07:00;0;1;396;310;345;6;23;0;0;0;;0;360;361;364;372;385;396;389;376;362;348;336;326;320;320;329;340;344;338;328;318;315;314;312;311;314;321;331;345;362;376;381;1;1;1;1;1;1;1;1;1;1;1;1;1;1;1;1;1;1;1;1;1;1;1;1;1;1;1;1;1;1;1
15400000;1;01/10/2000;17:00;0;1;396;310;345;6;23;0;0;0;;0;360;362;368;378;388;393;382;370;355;342;330;322;318;322;335;342;342;333;324;316;315;313;310;312;316;326;336;352;368;378;388;1;1;1;1;1;1;1;1;1;1;1;1;1;1;1;1;1;1;1;1;1;1;1;1;1;1;1;1;1;1;1
15400000;1;01/10/2000;;1;1;394;311;345;6;23;1;1;1;0;0;360;362;366;375;386;394;386;373;358;345;333;324;319;321;332;341;343;336;326;317;315;314;311;312;315;324;334;348;365;377;384;1;1;1;1;1;1;1;1;1;1;1;1;1;1;1;1;1;1;1;1;1;1;1;1;1;1;1;1;1;1;1
15400000;2;01/09/2000;;1;1;578;348;461;10;3;1;1;1;0;0;354;350;348;352;374;447;502;529;559;578;575;552;526;500;490;508;523;518;498;475;460;455;458;459;450;432;414;395;379;367;;1;1;1;1;1;1;1;1;1;1;1;1;1;1;1;1;1;1;1;1;1;1;1;1;1;1;1;1;1;1;
15400000;1;01/09/2000;07:00;0;1;579;348;461;11;3;0;0;0;;0;354;351;348;350;363;430;495;524;552;578;579;559;532;503;489;503;524;522;503;479;463;454;458;460;455;437;418;399;382;369;;1;1;1;1;1;1;1;1;1;1;1;1;1;1;1;1;1;1;1;1;1;1;1;1;1;1;1;1;1;1;0
15400000;1;01/09/2000;17:00;0;1;579;348;461;11;3;0;0;0;;0;353;349;348;354;384;463;508;534;565;578;571;545;519;496;491;512;522;514;493;471;457;456;458;457;445;427;409;391;375;365;;1;1;1;1;1;1;1;1;1;1;1;1;1;1;1;1;1;1;1;1;1;1;1;1;1;1;1;1;1;1;0
15400000;1;01/09/2000;;1;1;578;348;461;10;3;1;1;1;0;0;354;350;348;352;374;447;502;529;559;578;575;552;526;500;490;508;523;518;498;475;460;455;458;459;450;432;414;395;379;367;;1;1;1;1;1;1;1;1;1;1;1;1;1;1;1;1;1;1;1;1;1;1;1;1;1;1;1;1;1;1;
15400000;2;01/08/2000;;1;1;531;356;418;1;31;1;1;1;0;0;531;527;514;495;477;458;442;430;421;417;408;401;397;396;395;392;389;393;403;416;422;421;413;403;392;384;377;371;364;360;356;1;1;1;1;1;1;1;1;1;1;1;1;1;1;1;1;1;1;1;1;1;1;1;1;1;1;1;1;1;1;1
15400000;1;01/08/2000;07:00;0;1;532;355;418;1;31;0;0;0;;0;529;529;517;500;481;462;446;432;422;417;410;402;397;396;395;392;389;392;400;413;421;422;414;406;394;386;379;372;365;361;356;1;1;1;1;1;1;1;1;1;1;1;1;1;1;1;1;1;1;1;1;1;1;1;1;1;1;1;1;1;1;1
15400000;1;01/08/2000;17:00;0;1;532;355;418;1;31;0;0;0;;0;532;524;510;490;472;454;438;427;420;416;406;399;396;395;394;391;389;394;405;418;422;420;412;399;390;382;375;369;363;358;355;1;1;1;1;1;1;1;1;1;1;1;1;1;1;1;1;1;1;1;1;1;1;1;1;1;1;1;1;1;1;1
15400000;1;01/08/2000;;1;1;531;356;418;1;31;1;1;1;0;0;531;527;514;495;477;458;442;430;421;417;408;401;397;396;395;392;389;393;403;416;422;421;413;403;392;384;377;371;364;360;356;1;1;1;1;1;1;1;1;1;1;1;1;1;1;1;1;1;1;1;1;1;1;1;1;1;1;1;1;1;1;1
15400000;2;01/07/2000;;1;1;721;498;604;1;29;1;1;1;0;0;721;700;685;675;672;667;663;663;672;673;655;636;617;599;581;582;602;616;614;601;583;568;553;542;532;524;515;506;498;499;518;1;1;1;1;1;1;1;1;1;1;1;1;1;1;1;1;1;1;1;1;1;1;1;1;1;1;1;1;1;1;1
15400000;1;01/07/2000;07:00;0;1;726;496;604;1;29;0;0;0;;0;726;704;688;676;672;668;663;661;671;670;659;640;620;603;582;578;598;615;617;604;587;571;556;544;534;526;517;508;499;496;512;1;1;1;1;1;1;1;1;1;1;1;1;1;1;1;1;1;1;1;1;1;1;1;1;1;1;1;1;1;1;1
15400000;1;01/07/2000;17:00;0;1;726;496;604;1;29;0;0;0;;0;715;696;682;674;671;666;662;665;673;675;650;631;613;594;580;586;606;616;610;597;579;565;550;540;530;522;513;504;496;502;524;1;1;1;1;1;1;1;1;1;1;1;1;1;1;1;1;1;1;1;1;1;1;1;1;1;1;1;1;1;1;1
15400000;1;01/07/2000;;1;1;721;498;604;1;29;1;1;1;0;0;721;700;685;675;672;667;663;663;672;673;655;636;617;599;581;582;602;616;614;601;583;568;553;542;532;524;515;506;498;499;518;1;1;1;1;1;1;1;1;1;1;1;1;1;1;1;1;1;1;1;1;1;1;1;1;1;1;1;1;1;1;1
15400000;2;01/06/2000;;1;1;982;735;842;15;6;1;1;1;0;0;801;781;768;754;742;735;749;792;823;834;828;831;857;933;982;978;942;904;878;883;909;926;919;898;870;842;814;786;762;741;;1;1;1;1;1;1;1;1;1;1;1;1;1;1;1;1;1;1;1;1;1;1;1;1;1;1;1;1;1;1;
15400000;1;01/06/2000;07:00;0;1;987;734;842;15;6;1;1;1;;0;805;787;772;757;744;736;742;783;821;830;832;826;844;916;977;986;950;911;882;878;904;925;923;904;877;848;820;793;768;746;;1;1;1;1;1;1;1;1;1;1;1;1;1;1;1;1;1;1;1;1;1;1;1;1;1;1;1;1;1;1;0
15400000;1;01/06/2000;17:00;0;1;987;734;842;15;6;1;1;1;;0;796;775;765;750;739;734;756;801;825;838;824;836;870;950;987;970;934;896;875;888;914;926;915;891;863;836;807;780;756;736;;1;1;1;1;1;1;1;1;1;1;1;1;1;1;1;1;1;1;1;1;1;1;1;1;1;1;1;1;1;1;0
15400000;1;01/06/2000;;1;1;982;735;842;15;6;1;1;1;0;0;801;781;768;754;742;735;749;792;823;834;828;831;857;933;982;978;942;904;878;883;909;926;919;898;870;842;814;786;762;741;;1;1;1;1;1;1;1;1;1;1;1;1;1;1;1;1;1;1;1;1;1;1;1;1;1;1;1;1;1;1;
15400000;2;01/05/2000;;1;1;1199;818;1045;1;31;1;1;1;0;0;1199;1180;1163;1158;1157;1156;1168;1178;1176;1164;1148;1132;1120;1108;1090;1066;1043;1022;1002;978;956;948;948;946;940;928;907;884;862;840;818;1;1;1;1;1;1;1;1;1;1;1;1;1;1;1;1;1;1;1;1;1;1;1;1;1;1;1;1;1;1;1
15400000;1;01/05/2000;07:00;0;1;1204;813;1045;1;31;1;1;1;;0;1204;1186;1166;1158;1157;1156;1167;1177;1178;1166;1153;1136;1123;1110;1096;1073;1049;1026;1006;984;960;949;948;947;943;933;913;890;866;845;824;1;1;1;1;1;1;1;1;1;1;1;1;1;1;1;1;1;1;1;1;1;1;1;1;1;1;1;1;1;1;1
15400000;1;01/05/2000;17:00;0;1;1204;813;1045;1;31;1;1;1;;0;1194;1175;1160;1158;1157;1156;1169;1178;1174;1162;1144;1129;1116;1105;1083;1059;1037;1018;998;973;952;948;947;946;938;924;902;878;857;834;813;1;1;1;1;1;1;1;1;1;1;1;1;1;1;1;1;1;1;1;1;1;1;1;1;1;1;1;1;1;1;1
15400000;1;01/05/2000;;1;1;1199;818;1045;1;31;1;1;1;0;0;1199;1180;1163;1158;1157;1156;1168;1178;1176;1164;1148;1132;1120;1108;1090;1066;1043;1022;1002;978;956;948;948;946;940;928;907;884;862;840;818;1;1;1;1;1;1;1;1;1;1;1;1;1;1;1;1;1;1;1;1;1;1;1;1;1;1;1;1;1;1;1
15400000;2;01/04/2000;;1;1;1455;1220;1317;1;23;1;1;1;0;0;1455;1446;1443;1438;1424;1406;1387;1376;1374;1361;1348;1337;1319;1305;1294;1286;1274;1264;1250;1238;1234;1228;1220;1236;1271;1288;1280;1262;1240;1220;;1;1;1;1;1;1;1;1;1;1;1;1;1;1;1;1;1;1;1;1;1;1;1;1;1;1;1;1;1;1;
15400000;1;01/04/2000;07:00;0;1;1458;1216;1317;1;30;1;1;1;;0;1458;1446;1444;1440;1427;1410;1391;1378;1378;1364;1352;1340;1322;1306;1296;1288;1279;1267;1253;1240;1235;1231;1220;1228;1266;1287;1285;1266;1246;1225;;1;1;1;1;1;1;1;1;1;1;1;1;1;1;1;1;1;1;1;1;1;1;1;1;1;1;1;1;1;1;0
15400000;1;01/04/2000;17:00;0;1;1458;1216;1317;1;30;1;1;1;;0;1452;1447;1442;1436;1422;1402;1383;1374;1370;1358;1345;1334;1316;1304;1292;1284;1270;1260;1247;1236;1233;1225;1219;1244;1276;1290;1276;1258;1234;1216;;1;1;1;1;1;1;1;1;1;1;1;1;1;1;1;1;1;1;1;1;1;1;1;1;1;1;1;1;1;1;0
15400000;1;01/04/2000;;1;1;1455;1220;1317;1;23;1;1;1;0;0;1455;1446;1443;1438;1424;1406;1387;1376;1374;1361;1348;1337;1319;1305;1294;1286;1274;1264;1250;1238;1234;1228;1220;1236;1271;1288;1280;1262;1240;1220;;1;1;1;1;1;1;1;1;1;1;1;1;1;1;1;1;1;1;1;1;1;1;1;1;1;1;1;1;1;1;
15400000;2;01/03/2000;;1;1;1485;1244;1403;24;1;1;1;1;0;0;1244;1260;1270;1276;1287;1294;1306;1316;1328;1346;1367;1387;1405;1422;1435;1451;1454;1460;1459;1470;1475;1482;1484;1485;1484;1483;1481;1479;1478;1474;1466;1;1;1;1;1;1;1;1;1;1;1;1;1;1;1;1;1;1;1;1;1;1;1;1;1;1;1;1;1;1;1
15400000;1;01/03/2000;07:00;0;1;1486;1242;1404;23;1;1;1;1;;0;1242;1256;1269;1272;1285;1293;1304;1314;1328;1340;1362;1382;1401;1420;1426;1450;1454;1460;1459;1469;1475;1482;1482;1486;1485;1484;1482;1480;1479;1476;1468;1;1;1;1;1;1;1;1;1;1;1;1;1;1;1;1;1;1;1;1;1;1;1;1;1;1;1;1;1;1;1
15400000;1;01/03/2000;17:00;0;1;1486;1242;1404;23;1;1;1;1;;0;1246;1264;1272;1280;1290;1296;1309;1318;1328;1352;1373;1392;1410;1425;1444;1452;1455;1460;1460;1472;1476;1482;1486;1485;1484;1483;1480;1479;1478;1472;1464;1;1;1;1;1;1;1;1;1;1;1;1;1;1;1;1;1;1;1;1;1;1;1;1;1;1;1;1;1;1;1
15400000;1;01/03/2000;;1;1;1485;1244;1403;24;1;1;1;1;0;0;1244;1260;1270;1276;1287;1294;1306;1316;1328;1346;1367;1387;1405;1422;1435;1451;1454;1460;1459;1470;1475;1482;1484;1485;1484;1483;1481;1479;1478;1474;1466;1;1;1;1;1;1;1;1;1;1;1;1;1;1;1;1;1;1;1;1;1;1;1;1;1;1;1;1;1;1;1
15400000;2;01/02/2000;;1;1;1322;1216;1267;12;20;1;1;1;0;0;1242;1259;1282;1301;1310;1311;1302;1290;1286;1296;1320;1322;1310;1291;1282;1273;1263;1245;1227;1216;1222;1228;1236;1240;1237;1242;1237;1232;1235;;;1;1;1;1;1;1;1;1;1;1;1;1;1;1;1;1;1;1;1;1;1;1;1;1;1;1;1;1;1;;
15400000;1;01/02/2000;07:00;0;1;1325;1216;1267;11;20;1;1;1;;0;1238;1256;1277;1298;1309;1313;1306;1294;1286;1294;1315;1325;1315;1295;1283;1274;1271;1249;1230;1217;1221;1227;1234;1241;1238;1240;1238;1232;1233;;;1;1;1;1;1;1;1;1;1;1;1;1;1;1;1;1;1;1;1;1;1;1;1;1;1;1;1;1;1;0;0
15400000;1;01/02/2000;17:00;0;1;1325;1216;1267;11;20;1;1;1;;0;1246;1262;1288;1305;1312;1310;1299;1287;1286;1299;1325;1320;1306;1287;1282;1272;1256;1242;1224;1216;1223;1230;1238;1240;1237;1244;1236;1233;1238;;;1;1;1;1;1;1;1;1;1;1;1;1;1;1;1;1;1;1;1;1;1;1;1;1;1;1;1;1;1;0;0
15400000;1;01/02/2000;;1;1;1322;1216;1267;12;20;1;1;1;0;0;1242;1259;1282;1301;1310;1311;1302;1290;1286;1296;1320;1322;1310;1291;1282;1273;1263;1245;1227;1216;1222;1228;1236;1240;1237;1242;1237;1232;1235;;;1;1;1;1;1;1;1;1;1;1;1;1;1;1;1;1;1;1;1;1;1;1;1;1;1;1;1;1;1;;
15400000;2;01/01/2000;;1;1;1231;986;1060;31;6;1;1;1;0;0;993;995;1000;998;989;986;1016;1051;1060;1048;1030;1027;1033;1027;1013;1004;1013;1029;1043;1036;1030;1044;1067;1093;1117;1139;1150;1171;1201;1223;1231;1;1;1;1;1;1;1;1;1;1;1;1;1;1;1;1;1;1;1;1;1;1;1;1;1;1;1;1;1;1;1
15400000;1;01/01/2000;07:00;0;1;1233;985;1060;31;6;1;1;1;;0;993;995;1000;1001;991;985;1007;1046;1063;1053;1033;1027;1033;1030;1017;1004;1010;1025;1043;1038;1029;1040;1063;1085;1114;1139;1146;1164;1194;1220;1230;1;1;1;1;1;1;1;1;1;1;1;1;1;1;1;1;1;1;1;1;1;1;1;1;1;1;1;1;1;1;1
15400000;1;01/01/2000;17:00;0;1;1233;985;1060;31;6;1;1;1;;0;994;996;1000;996;987;988;1026;1057;1057;1043;1028;1027;1033;1024;1010;1004;1017;1034;1043;1034;1031;1048;1072;1102;1120;1140;1154;1178;1208;1226;1233;1;1;1;1;1;1;1;1;1;1;1;1;1;1;1;1;1;1;1;1;1;1;1;1;1;1;1;1;1;1;1
15400000;1;01/01/2000;;1;1;1231;986;1060;31;6;1;1;1;0;0;993;995;1000;998;989;986;1016;1051;1060;1048;1030;1027;1033;1027;1013;1004;1013;1029;1043;1036;1030;1044;1067;1093;1117;1139;1150;1171;1201;1223;1231;1;1;1;1;1;1;1;1;1;1;1;1;1;1;1;1;1;1;1;1;1;1;1;1;1;1;1;1;1;1;1
15400000;2;01/12/1999;;1;1;1038;588;822;23;3;1;1;1;0;0;598;590;588;611;633;660;656;648;631;621;622;652;694;748;807;853;903;931;933;936;980;1019;1038;1037;1033;1027;1025;1011;1007;1005;998;1;1;1;1;1;1;1;1;1;1;1;1;1;1;1;1;1;1;1;1;1;1;1;1;1;1;1;1;1;1;1
15400000;1;01/12/1999;07:00;0;1;1040;585;823;23;3;1;1;1;888;1;599;593;585;606;626;657;658;651;635;622;619;645;685;736;796;841;894;929;934;933;970;1012;1037;1038;1035;1027;1030;1012;1008;1006;1001;1;1;1;1;1;1;1;1;1;1;1;1;1;1;1;1;1;1;1;1;1;1;1;1;1;1;1;1;1;1;1
15400000;1;01/12/1999;17:00;0;1;1040;585;823;23;3;1;1;1;888;1;598;588;592;616;641;664;655;646;628;620;626;660;704;760;818;865;912;933;933;940;990;1027;1040;1036;1032;1027;1020;1010;1006;1004;995;1;1;1;1;1;1;1;1;1;1;1;1;1;1;1;1;1;1;1;1;1;1;1;1;1;1;1;1;1;1;1
15400000;1;01/12/1999;;1;1;1038;588;822;23;3;1;1;1;0;0;598;590;588;611;633;660;656;648;631;621;622;652;694;748;807;853;903;931;933;936;980;1019;1038;1037;1033;1027;1025;1011;1007;1005;998;1;1;1;1;1;1;1;1;1;1;1;1;1;1;1;1;1;1;1;1;1;1;1;1;1;1;1;1;1;1;1
15400000;2;01/11/1999;;1;1;598;247;429;30;1;1;1;1;0;0;247;247;249;255;276;308;341;358;358;355;359;392;437;469;483;486;496;511;526;526;517;505;495;486;480;479;500;550;584;598;;1;1;1;1;1;1;1;1;1;1;1;1;1;1;1;1;1;1;1;1;1;1;1;1;1;1;1;1;1;1;
15400000;1;01/11/1999;07:00;0;1;598;247;429;30;1;1;1;1;888;1;247;247;248;251;271;301;335;357;360;356;356;382;428;464;482;486;494;508;524;528;520;509;498;487;482;479;490;535;578;598;;1;1;1;1;1;1;1;1;1;1;1;1;1;1;1;1;1;1;1;1;1;1;1;1;1;1;1;1;1;1;0
15400000;1;01/11/1999;17:00;0;1;598;247;429;30;1;1;1;1;888;1;247;247;250;260;281;316;348;360;357;354;363;402;446;474;485;487;499;514;528;525;515;502;492;485;478;480;510;566;590;598;;1;1;1;1;1;1;1;1;1;1;1;1;1;1;1;1;1;1;1;1;1;1;1;1;1;1;1;1;1;1;0
15400000;1;01/11/1999;;1;1;598;247;429;30;1;1;1;1;0;0;247;247;249;255;276;308;341;358;358;355;359;392;437;469;483;486;496;511;526;526;517;505;495;486;480;479;500;550;584;598;;1;1;1;1;1;1;1;1;1;1;1;1;1;1;1;1;1;1;1;1;1;1;1;1;1;1;1;1;1;1;
15400000;2;01/10/1999;;1;1;440;241;322;1;29;1;1;1;0;0;440;423;404;389;373;367;363;356;346;337;330;327;333;343;349;346;336;326;314;303;294;284;276;267;261;258;250;246;241;243;247;1;1;1;1;1;1;1;1;1;1;1;1;1;1;1;1;1;1;1;1;1;1;1;1;1;1;1;1;1;1;1
15400000;1;01/10/1999;07:00;0;1;442;240;322;1;29;1;1;1;888;1;442;429;409;390;375;368;364;358;348;339;331;327;331;341;348;348;338;329;317;306;297;288;277;270;263;260;252;247;242;241;248;1;1;1;1;1;1;1;1;1;1;1;1;1;1;1;1;1;1;1;1;1;1;1;1;1;1;1;1;1;1;1
15400000;1;01/10/1999;17:00;0;1;442;240;322;1;29;1;1;1;888;1;438;418;400;388;372;366;362;354;344;335;329;328;335;345;350;345;335;323;312;301;292;280;275;265;260;256;249;245;240;245;247;1;1;1;1;1;1;1;1;1;1;1;1;1;1;1;1;1;1;1;1;1;1;1;1;1;1;1;1;1;1;1
15400000;1;01/10/1999;;1;1;440;241;322;1;29;1;1;1;0;0;440;423;404;389;373;367;363;356;346;337;330;327;333;343;349;346;336;326;314;303;294;284;276;267;261;258;250;246;241;243;247;1;1;1;1;1;1;1;1;1;1;1;1;1;1;1;1;1;1;1;1;1;1;1;1;1;1;1;1;1;1;1
15400000;2;01/09/1999;;1;1;440;231;278;30;18;1;1;1;0;0;271;266;261;256;252;249;245;244;243;242;240;240;238;237;235;234;232;231;231;231;234;242;265;322;369;383;386;391;417;440;;1;1;1;1;1;1;1;1;1;1;1;1;1;1;1;1;1;1;1;1;1;1;1;1;1;1;1;1;1;1;
15400000;1;01/09/1999;07:00;0;1;442;231;278;30;17;1;1;1;888;1;272;267;262;258;253;250;246;244;244;242;241;240;239;238;236;235;233;231;231;231;231;240;257;308;362;382;386;387;410;438;;1;1;1;1;1;1;1;1;1;1;1;1;1;1;1;1;1;1;1;1;1;1;1;1;1;1;1;1;1;1;0
15400000;1;01/09/1999;17:00;0;1;442;231;278;30;17;1;1;1;888;1;270;265;260;255;252;249;245;244;242;242;240;240;238;236;235;234;231;231;231;231;238;245;274;336;376;384;386;396;424;442;;1;1;1;1;1;1;1;1;1;1;1;1;1;1;1;1;1;1;1;1;1;1;1;1;1;1;1;1;1;1;0
15400000;1;01/09/1999;;1;1;440;231;278;30;18;1;1;1;0;0;271;266;261;256;252;249;245;244;243;242;240;240;238;237;235;234;232;231;231;231;234;242;265;322;369;383;386;391;417;440;;1;1;1;1;1;1;1;1;1;1;1;1;1;1;1;1;1;1;1;1;1;1;1;1;1;1;1;1;1;1;
15400000;2;01/08/1999;;1;1;569;276;394;1;31;1;1;1;0;0;569;558;541;523;504;486;470;456;446;437;428;418;406;391;379;371;364;359;358;353;346;336;327;319;313;307;302;296;290;283;276;1;1;1;1;1;1;1;1;1;1;1;1;1;1;1;1;1;1;1;1;1;1;1;1;1;1;1;1;1;1;1
15400000;1;01/08/1999;07:00;0;1;572;274;394;1;31;1;1;1;888;1;572;563;545;527;509;490;473;459;448;439;430;421;409;396;381;373;366;361;359;355;348;339;329;322;315;309;304;298;291;285;278;1;1;1;1;1;1;1;1;1;1;1;1;1;1;1;1;1;1;1;1;1;1;1;1;1;1;1;1;1;1;1
15400000;1;01/08/1999;17:00;0;1;572;274;394;1;31;1;1;1;888;1;567;554;537;519;500;482;467;454;444;436;426;416;403;387;377;369;363;358;357;352;344;334;326;316;312;306;301;294;289;282;274;1;1;1;1;1;1;1;1;1;1;1;1;1;1;1;1;1;1;1;1;1;1;1;1;1;1;1;1;1;1;1
15400000;1;01/08/1999;;1;1;569;276;394;1;31;1;1;1;0;0;569;558;541;523;504;486;470;456;446;437;428;418;406;391;379;371;364;359;358;353;346;336;327;319;313;307;302;296;290;283;276;1;1;1;1;1;1;1;1;1;1;1;1;1;1;1;1;1;1;1;1;1;1;1;1;1;1;1;1;1;1;1
15400000;2;01/07/1999;;1;1;842;566;679;10;23;1;1;1;0;0;724;720;724;729;730;722;716;744;815;842;833;808;779;749;720;693;666;641;623;604;587;575;566;573;595;611;612;599;585;578;575;1;1;1;1;1;1;1;1;1;1;1;1;1;1;1;1;1;1;1;1;1;1;1;1;1;1;1;1;1;1;1
15400000;1;01/07/1999;07:00;0;1;843;566;679;10;23;1;1;1;888;1;726;720;724;729;731;725;716;731;797;841;839;815;786;757;727;700;671;646;627;608;590;576;566;570;591;610;613;603;588;579;576;1;1;1;1;1;1;1;1;1;1;1;1;1;1;1;1;1;1;1;1;1;1;1;1;1;1;1;1;1;1;1
15400000;1;01/07/1999;17:00;0;1;843;566;679;10;23;1;1;1;888;1;722;720;725;730;730;720;717;757;834;843;827;801;772;742;713;687;661;637;619;601;585;575;566;576;600;613;611;596;582;577;574;1;1;1;1;1;1;1;1;1;1;1;1;1;1;1;1;1;1;1;1;1;1;1;1;1;1;1;1;1;1;1
15400000;1;01/07/1999;;1;1;842;566;679;10;23;1;1;1;0;0;724;720;724;729;730;722;716;744;815;842;833;808;779;749;720;693;666;641;623;604;587;575;566;573;595;611;612;599;585;578;575;1;1;1;1;1;1;1;1;1;1;1;1;1;1;1;1;1;1;1;1;1;1;1;1;1;1;1;1;1;1;1
15400000;2;01/06/1999;;1;1;1020;739;866;4;30;1;1;1;0;0;1016;1012;1018;1020;1009;988;973;957;941;923;904;886;870;855;841;828;816;812;814;814;804;789;773;764;768;773;770;762;751;739;;1;1;1;1;1;1;1;1;1;1;1;1;1;1;1;1;1;1;1;1;1;1;1;1;1;1;1;1;1;1;
15400000;1;01/06/1999;07:00;0;1;1022;737;867;4;30;1;1;1;888;1;1018;1012;1017;1022;1012;992;977;961;945;928;909;889;873;859;845;832;818;812;814;816;808;793;777;765;767;773;771;765;754;741;;1;1;1;1;1;1;1;1;1;1;1;1;1;1;1;1;1;1;1;1;1;1;1;1;1;1;1;1;1;1;0
15400000;1;01/06/1999;17:00;0;1;1022;737;867;4;30;1;1;1;888;1;1015;1012;1019;1018;1006;985;969;954;937;918;900;883;867;852;837;825;815;813;815;812;801;786;770;764;770;773;769;760;748;737;;1;1;1;1;1;1;1;1;1;1;1;1;1;1;1;1;1;1;1;1;1;1;1;1;1;1;1;1;1;1;0
15400000;1;01/06/1999;;1;1;1020;739;866;4;30;1;1;1;0;0;1016;1012;1018;1020;1009;988;973;957;941;923;904;886;870;855;841;828;816;812;814;814;804;789;773;764;768;773;770;762;751;739;;1;1;1;1;1;1;1;1;1;1;1;1;1;1;1;1;1;1;1;1;1;1;1;1;1;1;1;1;1;1;
15400000;2;01/05/1999;;1;1;1271;1028;1172;1;31;1;1;1;0;0;1271;1256;1242;1238;1235;1234;1231;1229;1224;1213;1205;1196;1191;1191;1207;1209;1196;1181;1170;1159;1146;1135;1125;1118;1109;1104;1095;1081;1061;1045;1028;1;1;1;1;1;1;1;1;1;1;1;1;1;1;1;1;1;1;1;1;1;1;1;1;1;1;1;1;1;1;1
15400000;1;01/05/1999;07:00;0;1;1275;1024;1172;1;31;1;1;1;888;1;1275;1260;1245;1239;1235;1235;1232;1230;1226;1214;1207;1198;1193;1190;1205;1212;1199;1184;1173;1162;1149;1138;1127;1120;1111;1105;1098;1085;1066;1049;1032;1;1;1;1;1;1;1;1;1;1;1;1;1;1;1;1;1;1;1;1;1;1;1;1;1;1;1;1;1;1;1
15400000;1;01/05/1999;17:00;0;1;1275;1024;1172;1;31;1;1;1;888;1;1268;1252;1240;1237;1235;1233;1230;1228;1222;1212;1203;1195;1190;1193;1209;1206;1193;1179;1168;1156;1144;1133;1124;1116;1107;1103;1093;1077;1056;1042;1024;1;1;1;1;1;1;1;1;1;1;1;1;1;1;1;1;1;1;1;1;1;1;1;1;1;1;1;1;1;1;1
15400000;1;01/05/1999;;1;1;1271;1028;1172;1;31;1;1;1;0;0;1271;1256;1242;1238;1235;1234;1231;1229;1224;1213;1205;1196;1191;1191;1207;1209;1196;1181;1170;1159;1146;1135;1125;1118;1109;1104;1095;1081;1061;1045;1028;1;1;1;1;1;1;1;1;1;1;1;1;1;1;1;1;1;1;1;1;1;1;1;1;1;1;1;1;1;1;1
15400000;2;01/04/1999;;1;1;1545;1283;1454;1;30;1;1;1;0;0;1545;1544;1541;1537;1534;1536;1536;1537;1532;1522;1511;1501;1487;1474;1462;1452;1443;1432;1420;1411;1406;1411;1420;1417;1396;1370;1344;1317;1298;1283;;1;1;1;1;1;1;1;1;1;1;1;1;1;1;1;1;1;1;1;1;1;1;1;1;1;1;1;1;1;1;
15400000;1;01/04/1999;07:00;0;1;1546;1282;1454;1;30;1;1;1;888;1;1544;1545;1542;1539;1535;1534;1537;1538;1534;1526;1514;1505;1491;1477;1465;1456;1444;1434;1423;1414;1407;1408;1420;1420;1404;1376;1350;1324;1302;1285;;1;1;1;1;1;1;1;1;1;1;1;1;1;1;1;1;1;1;1;1;1;1;1;1;1;1;1;1;1;1;0
15400000;1;01/04/1999;17:00;0;1;1546;1282;1454;1;30;1;1;1;888;1;1546;1544;1540;1535;1534;1538;1536;1536;1530;1519;1509;1498;1484;1471;1459;1449;1443;1430;1418;1409;1406;1415;1421;1414;1388;1365;1339;1311;1294;1282;;1;1;1;1;1;1;1;1;1;1;1;1;1;1;1;1;1;1;1;1;1;1;1;1;1;1;1;1;1;1;0
15400000;1;01/04/1999;;1;1;1545;1283;1454;1;30;1;1;1;0;0;1545;1544;1541;1537;1534;1536;1536;1537;1532;1522;1511;1501;1487;1474;1462;1452;1443;1432;1420;1411;1406;1411;1420;1417;1396;1370;1344;1317;1298;1283;;1;1;1;1;1;1;1;1;1;1;1;1;1;1;1;1;1;1;1;1;1;1;1;1;1;1;1;1;1;1;
15400000;2;01/03/1999;;1;1;1539;1442;1482;31;14;1;1;1;0;0;1514;1500;1490;1481;1473;1466;1459;1460;1459;1458;1455;1453;1445;1442;1443;1449;1463;1470;1470;1471;1477;1485;1494;1502;1508;1515;1519;1525;1526;1528;1539;1;1;1;1;1;1;1;1;1;1;1;1;1;1;1;1;1;1;1;1;1;1;1;1;1;1;1;1;1;1;1
15400000;1;01/03/1999;07:00;0;1;1540;1441;1482;31;14;1;1;1;888;1;1517;1503;1492;1483;1475;1469;1460;1460;1460;1456;1455;1455;1446;1444;1443;1448;1462;1469;1470;1470;1475;1484;1492;1500;1507;1515;1517;1523;1527;1528;1538;1;1;1;1;1;1;1;1;1;1;1;1;1;1;1;1;1;1;1;1;1;1;1;1;1;1;1;1;1;1;1
15400000;1;01/03/1999;17:00;0;1;1540;1441;1482;31;14;1;1;1;888;1;1511;1498;1489;1480;1472;1464;1459;1460;1459;1460;1456;1452;1445;1441;1444;1451;1464;1471;1470;1472;1479;1486;1496;1504;1510;1516;1522;1527;1525;1529;1540;1;1;1;1;1;1;1;1;1;1;1;1;1;1;1;1;1;1;1;1;1;1;1;1;1;1;1;1;1;1;1
15400000;1;01/03/1999;;1;1;1539;1442;1482;31;14;1;1;1;0;0;1514;1500;1490;1481;1473;1466;1459;1460;1459;1458;1455;1453;1445;1442;1443;1449;1463;1470;1470;1471;1477;1485;1494;1502;1508;1515;1519;1525;1526;1528;1539;1;1;1;1;1;1;1;1;1;1;1;1;1;1;1;1;1;1;1;1;1;1;1;1;1;1;1;1;1;1;1
15400000;2;01/02/1999;;1;1;1539;1327;1472;24;1;1;1;1;0;0;1327;1338;1356;1392;1408;1420;1428;1438;1445;1453;1461;1469;1477;1482;1491;1500;1503;1513;1520;1528;1533;1537;1538;1539;1534;1532;1529;1525;;;;1;1;1;1;1;1;1;1;1;1;1;1;1;1;1;1;1;1;1;1;1;1;1;1;1;1;1;1;;;
15400000;1;01/02/1999;17:00;0;1;1540;1327;1472;23;1;1;1;1;888;1;1328;1342;1361;1397;1411;1422;1429;1440;1447;1454;1462;1472;1478;1484;1495;1500;1505;1514;1522;1529;1535;1537;1537;1539;1533;1532;1528;1524;;;;1;1;1;1;1;1;1;1;1;1;1;1;1;1;1;1;1;1;1;1;1;1;1;1;1;1;1;1;0;0;0
15400000;1;01/02/1999;07:00;0;1;1540;1327;1472;23;1;1;1;1;888;1;1327;1334;1352;1387;1405;1418;1428;1437;1444;1452;1461;1467;1476;1481;1488;1500;1502;1512;1519;1527;1532;1537;1540;1539;1535;1533;1530;1526;;;;1;1;1;1;1;1;1;1;1;1;1;1;1;1;1;1;1;1;1;1;1;1;1;1;1;1;1;1;0;0;0
15400000;1;01/02/1999;;1;1;1539;1327;1472;24;1;1;1;1;0;0;1327;1338;1356;1392;1408;1420;1428;1438;1445;1453;1461;1469;1477;1482;1491;1500;1503;1513;1520;1528;1533;1537;1538;1539;1534;1532;1529;1525;;;;1;1;1;1;1;1;1;1;1;1;1;1;1;1;1;1;1;1;1;1;1;1;1;1;1;1;1;1;;;
15400000;2;01/01/1999;;1;1;1366;1070;1288;20;3;1;1;1;0;0;1114;1090;1070;1072;1108;1155;1186;1216;1244;1281;1314;1336;1348;1354;1357;1364;1364;1363;1364;1366;1366;1363;1353;1348;1352;1357;1358;1356;1347;1339;1330;1;1;1;1;1;1;1;1;1;1;1;1;1;1;1;1;1;1;1;1;1;1;1;1;1;1;1;1;1;1;1
15400000;1;01/01/1999;07:00;0;1;1367;1066;1288;20;4;1;1;1;888;1;1120;1096;1074;1066;1096;1146;1180;1210;1238;1275;1307;1332;1346;1354;1358;1364;1365;1363;1364;1365;1367;1364;1355;1347;1351;1357;1358;1357;1349;1342;1333;1;1;1;1;1;1;1;1;1;1;1;1;1;1;1;1;1;1;1;1;1;1;1;1;1;1;1;1;1;1;1
15400000;1;01/01/1999;17:00;0;1;1367;1066;1288;20;4;1;1;1;888;1;1108;1085;1067;1079;1120;1164;1192;1222;1250;1288;1321;1340;1350;1355;1356;1364;1363;1363;1365;1367;1365;1363;1351;1350;1354;1358;1358;1356;1346;1337;1327;1;1;1;1;1;1;1;1;1;1;1;1;1;1;1;1;1;1;1;1;1;1;1;1;1;1;1;1;1;1;1
15400000;1;01/01/1999;;1;1;1366;1070;1288;20;3;1;1;1;0;0;1114;1090;1070;1072;1108;1155;1186;1216;1244;1281;1314;1336;1348;1354;1357;1364;1364;1363;1364;1366;1366;1363;1353;1348;1352;1357;1358;1356;1347;1339;1330;1;1;1;1;1;1;1;1;1;1;1;1;1;1;1;1;1;1;1;1;1;1;1;1;1;1;1;1;1;1;1
15400000;2;01/12/1998;;1;1;1180;932;1123;17;1;1;1;1;0;0;932;988;1021;1038;1058;1091;1115;1128;1140;1150;1160;1161;1165;1168;1173;1178;1180;1179;1173;1170;1162;1154;1145;1133;1116;1106;1103;1119;1140;1146;1136;1;1;1;1;1;1;1;1;1;1;1;1;1;1;1;1;1;1;1;1;1;1;1;1;1;1;1;1;1;1;1
15400000;1;01/12/1998;07:00;0;1;1182;922;1124;18;1;1;1;1;901;1;922;976;1015;1034;1051;1085;1112;1125;1137;1147;1160;1160;1165;1167;1172;1178;1180;1182;1174;1172;1165;1154;1147;1137;1120;1108;1103;1114;1136;1147;1142;1;1;1;1;1;1;1;1;1;1;1;1;1;1;1;1;1;1;1;1;1;1;1;1;1;1;1;1;1;1;1
15400000;1;01/12/1998;17:00;0;1;1182;922;1124;18;1;1;1;1;901;1;943;1001;1027;1042;1065;1098;1118;1131;1143;1154;1160;1163;1166;1169;1175;1179;1180;1177;1173;1169;1159;1155;1143;1130;1113;1105;1104;1124;1145;1146;1130;1;1;1;1;1;1;1;1;1;1;1;1;1;1;1;1;1;1;1;1;1;1;1;1;1;1;1;1;1;1;1
15400000;1;01/12/1998;;1;1;1180;932;1123;17;1;1;1;1;0;0;932;988;1021;1038;1058;1091;1115;1128;1140;1150;1160;1161;1165;1168;1173;1178;1180;1179;1173;1170;1162;1154;1145;1133;1116;1106;1103;1119;1140;1146;1136;1;1;1;1;1;1;1;1;1;1;1;1;1;1;1;1;1;1;1;1;1;1;1;1;1;1;1;1;1;1;1
15400000;2;01/11/1998;;1;1;932;544;842;25;1;1;1;1;0;0;544;580;693;798;862;898;902;894;885;884;870;840;803;774;776;804;854;872;874;871;867;863;872;907;932;929;917;905;899;904;;1;1;1;1;1;1;1;1;1;1;1;1;1;1;1;1;1;1;1;1;1;1;1;1;1;1;1;1;1;1;
15400000;1;01/11/1998;07:00;0;1;934;544;843;25;1;1;1;1;901;1;544;561;666;778;848;894;905;896;886;885;877;850;812;774;776;791;847;868;876;873;868;864;864;900;930;933;920;907;900;900;;1;1;1;1;1;1;1;1;1;1;1;1;1;1;1;1;1;1;1;1;1;1;1;1;1;1;1;1;1;1;0
15400000;1;01/11/1998;17:00;0;1;934;544;843;25;1;1;1;1;901;1;545;600;721;819;876;902;900;893;885;883;863;831;794;775;777;818;862;877;872;870;867;863;880;915;934;925;915;903;898;908;;1;1;1;1;1;1;1;1;1;1;1;1;1;1;1;1;1;1;1;1;1;1;1;1;1;1;1;1;1;1;0
15400000;1;01/11/1998;;1;1;932;544;842;25;1;1;1;1;0;0;544;580;693;798;862;898;902;894;885;884;870;840;803;774;776;804;854;872;874;871;867;863;872;907;932;929;917;905;899;904;;1;1;1;1;1;1;1;1;1;1;1;1;1;1;1;1;1;1;1;1;1;1;1;1;1;1;1;1;1;1;
15400000;2;01/10/1998;;1;1;633;253;437;25;7;1;1;1;0;0;278;275;271;265;259;255;253;263;282;305;328;343;356;369;395;437;490;514;519;540;576;596;608;621;633;629;614;594;576;561;548;1;1;1;1;1;1;1;1;1;1;1;1;1;1;1;1;1;1;1;1;1;1;1;1;1;1;1;1;1;1;1
15400000;1;01/10/1998;07:00;0;1;636;253;437;25;7;1;1;1;901;1;280;276;273;267;261;256;253;258;278;298;324;340;353;367;385;426;483;512;518;530;570;590;607;618;630;632;618;598;580;564;551;1;1;1;1;1;1;1;1;1;1;1;1;1;1;1;1;1;1;1;1;1;1;1;1;1;1;1;1;1;1;1
15400000;1;01/10/1998;17:00;0;1;636;253;437;25;7;1;1;1;901;1;277;275;270;264;258;254;253;268;286;312;332;347;360;372;405;448;497;516;520;550;583;603;609;624;636;627;610;590;572;558;545;1;1;1;1;1;1;1;1;1;1;1;1;1;1;1;1;1;1;1;1;1;1;1;1;1;1;1;1;1;1;1
15400000;1;01/10/1998;;1;1;633;253;437;25;7;1;1;1;0;0;278;275;271;265;259;255;253;263;282;305;328;343;356;369;395;437;490;514;519;540;576;596;608;621;633;629;614;594;576;561;548;1;1;1;1;1;1;1;1;1;1;1;1;1;1;1;1;1;1;1;1;1;1;1;1;1;1;1;1;1;1;1
15400000;2;01/09/1998;;1;1;423;281;332;19;13;1;1;1;0;0;356;339;327;322;322;326;326;319;310;300;296;288;281;281;292;324;371;409;423;421;407;385;365;346;335;320;309;298;288;281;;1;1;1;1;1;1;1;1;1;1;1;1;1;1;1;1;1;1;1;1;1;1;1;1;1;1;1;1;1;1;
15400000;1;01/09/1998;07:00;0;1;425;279;332;19;14;1;1;1;901;1;361;343;329;322;322;325;328;321;313;302;297;290;282;279;286;314;364;403;421;424;410;390;370;351;339;323;311;302;290;283;;1;1;1;1;1;1;1;1;1;1;1;1;1;1;1;1;1;1;1;1;1;1;1;1;1;1;1;1;1;1;0
15400000;1;01/09/1998;17:00;0;1;425;279;332;19;14;1;1;1;901;1;352;336;326;322;322;327;325;317;307;299;295;286;280;283;298;334;378;415;425;418;405;381;360;342;332;318;307;295;286;280;;1;1;1;1;1;1;1;1;1;1;1;1;1;1;1;1;1;1;1;1;1;1;1;1;1;1;1;1;1;1;0
15400000;1;01/09/1998;;1;1;423;281;332;19;13;1;1;1;0;0;356;339;327;322;322;326;326;319;310;300;296;288;281;281;292;324;371;409;423;421;407;385;365;346;335;320;309;298;288;281;;1;1;1;1;1;1;1;1;1;1;1;1;1;1;1;1;1;1;1;1;1;1;1;1;1;1;1;1;1;1;
15400000;2;01/08/1998;;1;1;426;311;355;28;14;1;1;1;0;0;395;386;375;363;353;345;337;331;325;321;317;314;312;311;318;333;346;352;351;349;344;341;340;349;364;387;412;426;419;400;376;1;1;1;1;1;1;1;1;1;1;1;1;1;1;1;1;1;1;1;1;1;1;1;1;1;1;1;1;1;1;1
15400000;1;01/08/1998;07:00;0;1;427;311;355;28;13;1;1;1;901;1;396;388;378;366;356;347;339;334;326;322;318;315;313;311;316;330;345;352;352;350;345;342;341;345;360;380;408;427;423;405;383;1;1;1;1;1;1;1;1;1;1;1;1;1;1;1;1;1;1;1;1;1;1;1;1;1;1;1;1;1;1;1
15400000;1;01/08/1998;17:00;0;1;427;311;355;28;13;1;1;1;901;1;394;384;372;361;351;343;336;329;324;320;317;314;311;311;321;336;348;352;351;348;344;341;340;353;369;395;417;425;416;396;370;1;1;1;1;1;1;1;1;1;1;1;1;1;1;1;1;1;1;1;1;1;1;1;1;1;1;1;1;1;1;1
15400000;1;01/08/1998;;1;1;426;311;355;28;14;1;1;1;0;0;395;386;375;363;353;345;337;331;325;321;317;314;312;311;318;333;346;352;351;349;344;341;340;349;364;387;412;426;419;400;376;1;1;1;1;1;1;1;1;1;1;1;1;1;1;1;1;1;1;1;1;1;1;1;1;1;1;1;1;1;1;1
15400000;2;01/07/1998;;1;1;661;398;517;3;29;1;1;1;0;0;638;649;661;657;644;624;601;579;559;540;524;511;499;489;483;497;528;545;541;523;502;481;461;446;433;420;411;402;398;398;398;1;1;1;1;1;1;1;1;1;1;1;1;1;1;1;1;1;1;1;1;1;1;1;1;1;1;1;1;1;1;1
15400000;1;01/07/1998;07:00;0;1;662;398;518;3;29;1;1;1;901;1;637;646;660;662;649;629;607;584;564;544;528;514;502;491;484;491;523;544;543;528;507;486;465;450;436;423;414;404;399;398;399;1;1;1;1;1;1;1;1;1;1;1;1;1;1;1;1;1;1;1;1;1;1;1;1;1;1;1;1;1;1;1
15400000;1;01/07/1998;17:00;0;1;662;398;518;3;29;1;1;1;901;1;639;652;662;652;640;620;595;574;554;537;520;508;496;488;483;503;534;546;539;519;498;476;457;442;430;418;408;401;398;399;398;1;1;1;1;1;1;1;1;1;1;1;1;1;1;1;1;1;1;1;1;1;1;1;1;1;1;1;1;1;1;1
15400000;1;01/07/1998;;1;1;661;398;517;3;29;1;1;1;0;0;638;649;661;657;644;624;601;579;559;540;524;511;499;489;483;497;528;545;541;523;502;481;461;446;433;420;411;402;398;398;398;1;1;1;1;1;1;1;1;1;1;1;1;1;1;1;1;1;1;1;1;1;1;1;1;1;1;1;1;1;1;1
15400000;2;01/06/1998;;1;1;935;631;766;6;28;1;1;1;0;0;882;869;872;900;926;935;921;898;871;846;821;796;773;751;730;711;695;687;699;721;729;720;702;682;663;648;639;631;634;637;;1;1;1;1;1;1;1;1;1;1;1;1;1;1;1;1;1;1;1;1;1;1;1;1;1;1;1;1;1;1;
15400000;1;01/06/1998;07:00;0;1;936;631;766;6;28;1;1;1;901;1;886;869;868;893;922;936;925;905;878;852;827;802;778;756;735;716;698;687;695;718;730;723;706;687;667;650;645;631;634;637;;1;1;1;1;1;1;1;1;1;1;1;1;1;1;1;1;1;1;1;1;1;1;1;1;1;1;1;1;1;1;0
15400000;1;01/06/1998;17:00;0;1;936;631;766;6;28;1;1;1;901;1;878;869;877;907;930;934;917;892;865;840;815;790;768;747;725;707;692;687;704;724;729;718;698;678;659;647;633;631;635;637;;1;1;1;1;1;1;1;1;1;1;1;1;1;1;1;1;1;1;1;1;1;1;1;1;1;1;1;1;1;1;0
15400000;1;01/06/1998;;1;1;935;631;766;6;28;1;1;1;0;0;882;869;872;900;926;935;921;898;871;846;821;796;773;751;730;711;695;687;699;721;729;720;702;682;663;648;639;631;634;637;;1;1;1;1;1;1;1;1;1;1;1;1;1;1;1;1;1;1;1;1;1;1;1;1;1;1;1;1;1;1;
15400000;2;01/05/1998;;1;1;1339;901;1132;1;31;1;1;1;0;0;1339;1326;1318;1315;1311;1295;1273;1245;1223;1202;1190;1174;1167;1149;1135;1117;1102;1084;1068;1060;1062;1067;1065;1050;1032;1008;984;963;941;921;901;1;1;1;1;1;1;1;1;1;1;1;1;1;1;1;1;1;1;1;1;1;1;1;1;1;1;1;1;1;1;1
15400000;1;01/05/1998;07:00;0;1;1343;897;1132;1;31;1;1;1;901;1;1343;1327;1319;1315;1314;1300;1280;1250;1227;1206;1192;1178;1170;1153;1139;1121;1107;1088;1072;1060;1061;1067;1067;1057;1038;1013;989;969;947;926;905;1;1;1;1;1;1;1;1;1;1;1;1;1;1;1;1;1;1;1;1;1;1;1;1;1;1;1;1;1;1;1
15400000;1;01/05/1998;17:00;0;1;1343;897;1132;1;31;1;1;1;901;1;1335;1325;1318;1315;1309;1290;1266;1240;1219;1198;1188;1171;1164;1146;1132;1114;1098;1080;1065;1060;1064;1067;1064;1044;1026;1003;980;957;935;917;897;1;1;1;1;1;1;1;1;1;1;1;1;1;1;1;1;1;1;1;1;1;1;1;1;1;1;1;1;1;1;1
15400000;1;01/05/1998;;1;1;1339;901;1132;1;31;1;1;1;0;0;1339;1326;1318;1315;1311;1295;1273;1245;1223;1202;1190;1174;1167;1149;1135;1117;1102;1084;1068;1060;1062;1067;1065;1050;1032;1008;984;963;941;921;901;1;1;1;1;1;1;1;1;1;1;1;1;1;1;1;1;1;1;1;1;1;1;1;1;1;1;1;1;1;1;1
15400000;2;01/04/1998;;1;1;1564;1359;1477;1;30;1;1;1;0;0;1564;1560;1560;1558;1554;1548;1544;1541;1540;1539;1534;1526;1516;1501;1489;1476;1460;1442;1424;1411;1412;1422;1433;1435;1425;1408;1389;1376;1369;1359;;1;1;1;1;1;1;1;1;1;1;1;1;1;1;1;1;1;1;1;1;1;1;1;1;1;1;1;1;1;1;
15400000;1;01/04/1998;17:00;0;1;1565;1356;1477;1;30;1;1;1;901;1;1563;1559;1560;1558;1551;1547;1543;1540;1540;1538;1532;1524;1512;1498;1488;1474;1455;1437;1420;1410;1413;1425;1435;1435;1421;1403;1385;1375;1367;1356;;1;1;1;1;1;1;1;1;1;1;1;1;1;1;1;1;1;1;1;1;1;1;1;1;1;1;1;1;1;1;0
15400000;1;01/04/1998;07:00;0;1;1565;1356;1477;1;30;1;1;1;901;1;1565;1561;1561;1559;1557;1549;1545;1542;1540;1540;1536;1529;1520;1505;1491;1479;1465;1447;1429;1413;1412;1420;1432;1436;1430;1413;1393;1377;1371;1363;;1;1;1;1;1;1;1;1;1;1;1;1;1;1;1;1;1;1;1;1;1;1;1;1;1;1;1;1;1;1;0
15400000;1;01/04/1998;;1;1;1564;1359;1477;1;30;1;1;1;0;0;1564;1560;1560;1558;1554;1548;1544;1541;1540;1539;1534;1526;1516;1501;1489;1476;1460;1442;1424;1411;1412;1422;1433;1435;1425;1408;1389;1376;1369;1359;;1;1;1;1;1;1;1;1;1;1;1;1;1;1;1;1;1;1;1;1;1;1;1;1;1;1;1;1;1;1;
15400000;2;01/03/1998;;1;1;1562;1362;1462;31;1;1;1;1;0;0;1362;1376;1388;1397;1403;1406;1412;1416;1421;1424;1426;1428;1432;1433;1442;1446;1455;1464;1477;1484;1491;1495;1504;1513;1523;1532;1539;1548;1554;1557;1562;1;1;1;1;1;1;1;1;1;1;1;1;1;1;1;1;1;1;1;1;1;1;1;1;1;1;1;1;1;1;1
15400000;1;01/03/1998;07:00;0;1;1563;1359;1462;31;1;1;1;1;901;1;1359;1373;1386;1395;1402;1406;1412;1415;1421;1423;1426;1427;1431;1433;1443;1444;1453;1462;1475;1483;1490;1494;1503;1512;1521;1530;1537;1546;1553;1556;1561;1;1;1;1;1;1;1;1;1;1;1;1;1;1;1;1;1;1;1;1;1;1;1;1;1;1;1;1;1;1;1
15400000;1;01/03/1998;17:00;0;1;1563;1359;1462;31;1;1;1;1;901;1;1366;1380;1390;1399;1404;1406;1412;1418;1422;1425;1427;1430;1433;1434;1442;1448;1457;1467;1479;1486;1492;1497;1506;1515;1525;1534;1542;1550;1555;1558;1563;1;1;1;1;1;1;1;1;1;1;1;1;1;1;1;1;1;1;1;1;1;1;1;1;1;1;1;1;1;1;1
15400000;1;01/03/1998;;1;1;1562;1362;1462;31;1;1;1;1;0;0;1362;1376;1388;1397;1403;1406;1412;1416;1421;1424;1426;1428;1432;1433;1442;1446;1455;1464;1477;1484;1491;1495;1504;1513;1523;1532;1539;1548;1554;1557;1562;1;1;1;1;1;1;1;1;1;1;1;1;1;1;1;1;1;1;1;1;1;1;1;1;1;1;1;1;1;1;1
15400000;2;01/02/1998;;1;1;1340;1139;1223;28;5;1;1;1;0;0;1152;1156;1149;1140;1139;1156;1187;1214;1222;1215;1207;1195;1190;1200;1232;1271;1293;1301;1290;1263;1230;1207;1196;1216;1259;1292;1319;1340;;;;1;1;1;1;1;1;1;1;1;1;1;1;1;1;1;1;1;1;1;1;1;1;1;1;1;1;1;1;;;
15400000;1;01/02/1998;07:00;0;1;1344;1137;1223;28;5;1;1;1;901;1;1150;1158;1152;1142;1137;1153;1178;1210;1224;1218;1210;1197;1191;1196;1224;1266;1290;1300;1296;1269;1237;1210;1198;1207;1249;1285;1314;1336;;;;1;1;1;1;1;1;1;1;1;1;1;1;1;1;1;1;1;1;1;1;1;1;1;1;1;1;1;1;0;0;0
15400000;1;01/02/1998;17:00;0;1;1344;1137;1223;28;5;1;1;1;901;1;1154;1154;1147;1138;1142;1160;1196;1219;1220;1212;1204;1194;1190;1205;1240;1276;1296;1302;1284;1257;1224;1204;1194;1226;1269;1299;1325;1344;;;;1;1;1;1;1;1;1;1;1;1;1;1;1;1;1;1;1;1;1;1;1;1;1;1;1;1;1;1;0;0;0
15400000;1;01/02/1998;;1;1;1340;1139;1223;28;5;1;1;1;0;0;1152;1156;1149;1140;1139;1156;1187;1214;1222;1215;1207;1195;1190;1200;1232;1271;1293;1301;1290;1263;1230;1207;1196;1216;1259;1292;1319;1340;;;;1;1;1;1;1;1;1;1;1;1;1;1;1;1;1;1;1;1;1;1;1;1;1;1;1;1;1;1;;;
15400000;2;01/01/1998;;1;1;1188;1082;1142;19;5;1;1;1;0;0;1129;1113;1093;1084;1082;1087;1114;1135;1156;1163;1159;1158;1165;1177;1180;1177;1175;1181;1188;1188;1184;1169;1153;1148;1143;1133;1118;1109;1101;1105;1135;1;1;1;1;1;1;1;1;1;1;1;1;1;1;1;1;1;1;1;1;1;1;1;1;1;1;1;1;1;1;1
15400000;1;01/01/1998;07:00;0;1;1189;1081;1142;19;5;1;1;1;901;1;1134;1115;1096;1085;1083;1085;1105;1131;1152;1164;1162;1157;1163;1176;1180;1177;1175;1178;1187;1188;1188;1174;1156;1150;1144;1137;1122;1112;1101;1102;1130;1;1;1;1;1;1;1;1;1;1;1;1;1;1;1;1;1;1;1;1;1;1;1;1;1;1;1;1;1;1;1
15400000;1;01/01/1998;17:00;0;1;1189;1081;1142;19;5;1;1;1;901;1;1124;1112;1090;1083;1081;1090;1124;1140;1160;1163;1157;1160;1167;1178;1180;1178;1176;1184;1189;1188;1181;1164;1150;1146;1143;1130;1115;1106;1101;1109;1140;1;1;1;1;1;1;1;1;1;1;1;1;1;1;1;1;1;1;1;1;1;1;1;1;1;1;1;1;1;1;1
15400000;1;01/01/1998;;1;1;1188;1082;1142;19;5;1;1;1;0;0;1129;1113;1093;1084;1082;1087;1114;1135;1156;1163;1159;1158;1165;1177;1180;1177;1175;1181;1188;1188;1184;1169;1153;1148;1143;1133;1118;1109;1101;1105;1135;1;1;1;1;1;1;1;1;1;1;1;1;1;1;1;1;1;1;1;1;1;1;1;1;1;1;1;1;1;1;1
15400000;2;01/12/1997;;1;1;1146;652;969;25;1;1;1;1;0;0;652;662;700;743;757;774;834;899;933;951;954;947;946;949;962;971;974;987;1013;1040;1064;1098;1125;1142;1146;1143;1133;1130;1128;1134;1140;1;1;1;1;1;1;1;1;1;1;1;1;1;1;1;1;1;1;1;1;1;1;1;1;1;1;1;1;1;1;1
15400000;1;01/12/1997;07:00;0;1;1146;106;954;25;19;0;0;0;;0;652;658;691;738;757;761;816;890;928;950;956;950;946;946;960;970;974;980;106;1034;1058;1090;1120;1140;1146;1146;1136;1137;1127;1133;1140;1;1;1;1;1;1;1;1;1;1;1;1;1;1;1;1;1;1;1;1;1;1;1;1;1;1;1;1;1;1;1
15400000;1;01/12/1997;17:00;0;1;1146;106;954;25;19;0;0;0;;0;652;666;710;748;757;788;852;908;938;952;952;944;945;953;965;972;973;994;1020;1047;1070;1106;1130;1144;1146;1140;1130;1124;1130;1134;1140;1;1;1;1;1;1;1;1;1;1;1;1;1;1;1;1;1;1;1;1;1;1;1;1;1;1;1;1;1;1;1
15400000;1;01/12/1997;;1;1;1146;652;969;25;1;1;1;1;0;0;652;662;700;743;757;774;834;899;933;951;954;947;946;949;962;971;974;987;1013;1040;1064;1098;1125;1142;1146;1143;1133;1130;1128;1134;1140;1;1;1;1;1;1;1;1;1;1;1;1;1;1;1;1;1;1;1;1;1;1;1;1;1;1;1;1;1;1;1
15400000;2;01/11/1997;;1;1;732;566;651;22;8;1;1;1;0;0;644;637;631;617;605;592;574;566;573;596;625;652;666;638;667;662;652;641;638;680;726;732;722;714;706;699;686;671;660;653;;1;1;1;1;1;1;1;1;1;1;1;1;1;1;1;1;1;1;1;1;1;1;1;1;1;1;1;1;1;1;
15400000;1;01/11/1997;07:00;0;1;982;565;656;27;8;0;0;0;;0;645;638;634;620;608;595;578;565;569;590;620;647;665;668;668;664;656;644;635;669;722;735;725;715;708;702;689;674;661;654;;1;1;1;1;1;1;1;1;1;1;1;1;1;1;1;1;1;1;1;1;1;1;1;1;1;1;1;1;1;1;0
15400000;1;01/11/1997;17:00;0;1;982;565;656;27;8;0;0;0;;0;642;636;628;614;602;588;570;567;577;602;630;656;666;608;666;660;648;638;642;690;730;730;720;713;704;696;982;668;658;652;;1;1;1;1;1;1;1;1;1;1;1;1;1;1;1;1;1;1;1;1;1;1;1;1;1;1;1;1;1;1;0
15400000;1;01/11/1997;;1;1;732;566;651;22;8;1;1;1;0;0;644;637;631;617;605;592;574;566;573;596;625;652;666;638;667;662;652;641;638;680;726;732;722;714;706;699;686;671;660;653;;1;1;1;1;1;1;1;1;1;1;1;1;1;1;1;1;1;1;1;1;1;1;1;1;1;1;1;1;1;1;
15400000;2;01/10/1997;;1;1;709;346;487;28;1;1;1;1;0;0;346;364;378;382;400;446;484;492;482;473;464;454;443;441;443;449;448;442;432;422;418;417;430;486;582;649;694;709;695;668;649;1;1;1;1;1;1;1;1;1;1;1;1;1;1;1;1;1;1;1;1;1;1;1;1;1;1;1;1;1;1;1
15400000;1;01/10/1997;07:00;0;1;710;342;487;28;1;0;0;0;;0;342;359;376;382;396;433;476;494;485;476;467;456;445;441;442;447;450;445;435;425;419;416;427;466;564;640;687;710;700;674;652;1;1;1;1;1;1;1;1;1;1;1;1;1;1;1;1;1;1;1;1;1;1;1;1;1;1;1;1;1;1;1
15400000;1;01/10/1997;17:00;0;1;710;342;487;28;1;0;0;0;;0;349;368;380;383;404;458;491;490;480;470;460;452;442;441;444;450;446;440;430;420;418;418;434;506;601;658;702;708;690;662;646;1;1;1;1;1;1;1;1;1;1;1;1;1;1;1;1;1;1;1;1;1;1;1;1;1;1;1;1;1;1;1
15400000;1;01/10/1997;;1;1;709;346;487;28;1;1;1;1;0;0;346;364;378;382;400;446;484;492;482;473;464;454;443;441;443;449;448;442;432;422;418;417;430;486;582;649;694;709;695;668;649;1;1;1;1;1;1;1;1;1;1;1;1;1;1;1;1;1;1;1;1;1;1;1;1;1;1;1;1;1;1;1
15400000;2;01/09/1997;;1;1;484;318;375;1;21;1;1;1;0;0;484;477;466;453;441;429;418;407;398;390;382;376;368;360;354;346;339;332;326;320;318;323;328;338;352;359;354;347;339;336;;1;1;1;1;1;1;1;1;1;1;1;1;1;1;1;1;1;1;1;1;1;1;1;1;1;1;1;1;1;1;
15400000;1;01/09/1997;07:00;0;1;484;317;375;1;21;0;0;0;;0;484;480;468;456;444;432;421;410;400;391;385;377;370;362;355;347;340;333;327;321;317;322;327;336;350;359;356;349;340;336;;1;1;1;1;1;1;1;1;1;1;1;1;1;1;1;1;1;1;1;1;1;1;1;1;1;1;1;1;1;1;0
15400000;1;01/09/1997;17:00;0;1;484;317;375;1;21;0;0;0;;0;484;474;464;450;438;426;414;404;395;389;380;374;367;358;352;344;338;330;324;319;319;324;329;341;355;359;353;345;338;336;;1;1;1;1;1;1;1;1;1;1;1;1;1;1;1;1;1;1;1;1;1;1;1;1;1;1;1;1;1;1;0
15400000;1;01/09/1997;;1;1;484;318;375;1;21;1;1;1;0;0;484;477;466;453;441;429;418;407;398;390;382;376;368;360;354;346;339;332;326;320;318;323;328;338;352;359;354;347;339;336;;1;1;1;1;1;1;1;1;1;1;1;1;1;1;1;1;1;1;1;1;1;1;1;1;1;1;1;1;1;1;
15400000;2;01/08/1997;;1;1;676;468;563;1;28;1;1;1;0;0;676;662;647;634;622;610;602;604;614;618;610;604;601;598;590;578;566;558;549;540;531;520;507;493;482;474;469;468;472;482;484;1;1;1;1;1;1;1;1;1;1;1;1;1;1;1;1;1;1;1;1;1;1;1;1;1;1;1;1;1;1;1
15400000;1;01/08/1997;17:00;0;1;680;468;563;1;27;0;0;0;;0;673;658;644;631;619;608;601;607;616;618;608;602;600;596;586;574;564;555;546;538;528;516;504;491;480;472;468;469;473;489;484;1;1;1;1;1;1;1;1;1;1;1;1;1;1;1;1;1;1;1;1;1;1;1;1;1;1;1;1;1;1;1
15400000;1;01/08/1997;07:00;0;1;680;468;563;1;27;0;0;0;;0;680;666;650;638;624;613;604;602;613;619;612;605;602;599;593;581;568;560;552;542;534;524;510;496;484;475;470;468;470;476;484;1;1;1;1;1;1;1;1;1;1;1;1;1;1;1;1;1;1;1;1;1;1;1;1;1;1;1;1;1;1;1
15400000;1;01/08/1997;;1;1;676;468;563;1;28;1;1;1;0;0;676;662;647;634;622;610;602;604;614;618;610;604;601;598;590;578;566;558;549;540;531;520;507;493;482;474;469;468;472;482;484;1;1;1;1;1;1;1;1;1;1;1;1;1;1;1;1;1;1;1;1;1;1;1;1;1;1;1;1;1;1;1
15400000;2;01/07/1997;;1;1;1016;694;851;6;31;1;1;1;0;0;1012;991;977;986;1006;1016;1012;996;976;952;930;908;886;866;848;832;820;810;796;782;769;756;742;730;720;714;714;712;712;706;694;1;1;1;1;1;1;1;1;1;1;1;1;1;1;1;1;1;1;1;1;1;1;1;1;1;1;1;1;1;1;1
15400000;1;01/07/1997;07:00;0;1;1017;690;851;6;31;0;0;0;;0;1017;995;979;982;1002;1016;1014;1000;981;958;935;913;890;871;851;835;823;813;799;784;772;760;745;733;721;714;714;712;713;709;697;1;1;1;1;1;1;1;1;1;1;1;1;1;1;1;1;1;1;1;1;1;1;1;1;1;1;1;1;1;1;1
15400000;1;01/07/1997;17:00;0;1;1017;690;851;6;31;0;0;0;;0;1008;987;975;989;1009;1017;1009;992;970;947;924;903;882;862;844;828;817;806;792;779;766;752;738;726;718;713;713;713;712;704;690;1;1;1;1;1;1;1;1;1;1;1;1;1;1;1;1;1;1;1;1;1;1;1;1;1;1;1;1;1;1;1
15400000;1;01/07/1997;;1;1;1016;694;851;6;31;1;1;1;0;0;1012;991;977;986;1006;1016;1012;996;976;952;930;908;886;866;848;832;820;810;796;782;769;756;742;730;720;714;714;712;712;706;694;1;1;1;1;1;1;1;1;1;1;1;1;1;1;1;1;1;1;1;1;1;1;1;1;1;1;1;1;1;1;1
15400000;2;01/06/1997;;1;1;1318;1036;1192;1;30;1;1;1;0;0;1318;1296;1276;1257;1238;1220;1208;1212;1226;1258;1301;1312;1296;1268;1234;1208;1182;1160;1142;1130;1116;1104;1102;1119;1134;1133;1112;1090;1062;1036;;1;1;1;1;1;1;1;1;1;1;1;1;1;1;1;1;1;1;1;1;1;1;1;1;1;1;1;1;1;1;
15400000;1;01/06/1997;07:00;0;1;1322;1030;1192;1;30;0;0;0;;0;1322;1301;1281;1262;1243;1224;1210;1210;1222;1247;1293;1313;1301;1274;1240;1214;1188;1165;1146;1133;1120;1105;1099;1114;1134;1136;1117;1095;1067;1043;;1;1;1;1;1;1;1;1;1;1;1;1;1;1;1;1;1;1;1;1;1;1;1;1;1;1;1;1;1;1;0
15400000;1;01/06/1997;17:00;0;1;1322;1030;1192;1;30;0;0;0;;0;1313;1291;1272;1252;1234;1215;1207;1213;1229;1269;1309;1312;1290;1261;1227;1202;1175;1156;1138;1127;1112;1102;1104;1124;1135;1130;1107;1084;1057;1030;;1;1;1;1;1;1;1;1;1;1;1;1;1;1;1;1;1;1;1;1;1;1;1;1;1;1;1;1;1;1;0
15400000;1;01/06/1997;;1;1;1318;1036;1192;1;30;1;1;1;0;0;1318;1296;1276;1257;1238;1220;1208;1212;1226;1258;1301;1312;1296;1268;1234;1208;1182;1160;1142;1130;1116;1104;1102;1119;1134;1133;1112;1090;1062;1036;;1;1;1;1;1;1;1;1;1;1;1;1;1;1;1;1;1;1;1;1;1;1;1;1;1;1;1;1;1;1;
15400000;2;01/05/1997;;1;1;1618;1334;1468;1;31;1;1;1;0;0;1618;1614;1610;1602;1596;1588;1573;1558;1540;1524;1509;1496;1481;1468;1456;1445;1435;1424;1414;1406;1406;1410;1410;1405;1396;1382;1370;1355;1348;1345;1334;1;1;1;1;1;1;1;1;1;1;1;1;1;1;1;1;1;1;1;1;1;1;1;1;1;1;1;1;1;1;1
15400000;1;01/05/1997;07:00;0;1;1618;1330;1468;1;31;0;0;0;;0;1618;1615;1611;1603;1598;1591;1577;1561;1544;1528;1513;1499;1485;1471;1457;1447;1437;1427;1417;1408;1405;1408;1410;1407;1398;1381;1375;1357;1349;1346;1339;1;1;1;1;1;1;1;1;1;1;1;1;1;1;1;1;1;1;1;1;1;1;1;1;1;1;1;1;1;1;1
15400000;1;01/05/1997;17:00;0;1;1618;1330;1468;1;31;0;0;0;;0;1617;1613;1608;1602;1595;1586;1569;1554;1535;1520;1505;1492;1477;1465;1454;1443;1433;1421;1412;1405;1407;1411;1409;1403;1394;1383;1365;1353;1347;1344;1330;1;1;1;1;1;1;1;1;1;1;1;1;1;1;1;1;1;1;1;1;1;1;1;1;1;1;1;1;1;1;1
15400000;1;01/05/1997;;1;1;1618;1334;1468;1;31;1;1;1;0;0;1618;1614;1610;1602;1596;1588;1573;1558;1540;1524;1509;1496;1481;1468;1456;1445;1435;1424;1414;1406;1406;1410;1410;1405;1396;1382;1370;1355;1348;1345;1334;;;;;;;;;;;;;;;;;;;;;;;;;;;;;;;
15400000;2;01/04/1997;;1;1;1750;1604;1681;8;26;1;1;1;0;0;1716;1722;1726;1732;1733;1741;1748;1750;1750;1745;1736;1732;1718;1707;1696;1685;1672;1660;1650;1640;1634;1628;1626;1616;1606;1604;1610;1615;1618;1620;;1;1;1;1;1;1;1;1;1;1;1;1;1;1;1;1;1;1;1;1;1;1;1;1;1;1;1;1;1;1;
15400000;1;01/04/1997;07:00;0;1;1750;1603;1681;8;26;0;0;0;;0;1714;1721;1725;1730;1736;1740;1746;1750;1750;1747;1737;1734;1720;1709;1699;1688;1674;1663;1652;1642;1634;1629;1627;1618;1608;1604;1608;1615;1617;1619;;1;1;1;1;1;1;1;1;1;1;1;1;1;1;1;1;1;1;1;1;1;1;1;1;1;1;1;1;1;1;0
15400000;1;01/04/1997;17:00;0;1;1750;1603;1681;8;26;0;0;0;;0;1717;1723;1727;1733;1730;1742;1749;1750;1749;1744;1734;1729;1716;1705;1694;1682;1670;1658;1647;1639;1635;1628;1624;1613;1604;1603;1611;1615;1618;1620;;1;1;1;1;1;1;1;1;1;1;1;1;1;1;1;1;1;1;1;1;1;1;1;1;1;1;1;1;1;1;0
15400000;1;01/04/1997;;1;1;1750;1604;1681;8;26;1;1;1;0;0;1716;1722;1726;1732;1733;1741;1748;1750;1750;1745;1736;1732;1718;1707;1696;1685;1672;1660;1650;1640;1634;1628;1626;1616;1606;1604;1610;1615;1618;1620;;1;1;1;1;1;1;1;1;1;1;1;1;1;1;1;1;1;1;1;1;1;1;1;1;1;1;1;1;1;1;
15400000;2;01/03/1997;;1;1;1702;1584;1656;31;1;1;1;1;0;0;1584;1595;1615;1626;1632;1642;1651;1656;1662;1666;1667;1667;1667;1665;1666;1664;1660;1658;1657;1654;1656;1659;1661;1661;1662;1671;1674;1678;1682;1689;1702;1;1;1;1;1;1;1;1;1;1;1;1;1;1;1;1;1;1;1;1;1;1;1;1;1;1;1;1;1;1;1
15400000;1;01/03/1997;07:00;0;1;1704;1582;1656;31;1;0;0;0;;0;1582;1593;1608;1624;1630;1639;1648;1655;1660;1665;1667;1667;1667;1665;1665;1665;1660;1657;1658;1654;1655;1657;1661;1660;1662;1670;1673;1677;1681;1686;1699;;;;;;;;;;;;;;;;;;;;;;;;;;;;;;;
15400000;1;01/03/1997;17:00;0;1;1704;1582;1656;31;1;0;0;0;;0;1585;1596;1621;1627;1634;1645;1654;1657;1664;1667;1667;1667;1666;1664;1667;1663;1659;1659;1656;1654;1656;1660;1660;1661;1661;1671;1674;1679;1682;1691;1704;;;;;;;;;;;;;;;;;;;;;;;;;;;;;;;
15400000;1;01/03/1997;;1;1;1702;1584;1656;31;1;1;1;1;0;0;1584;1595;1615;1626;1632;1642;1651;1656;1662;1666;1667;1667;1667;1665;1666;1664;1660;1658;1657;1654;1656;1659;1661;1661;1662;1671;1674;1678;1682;1689;1702;1;1;1;1;1;1;1;1;1;1;1;1;1;1;1;1;1;1;1;1;1;1;1;1;1;1;1;1;1;1;1
15400000;2;01/02/1997;;1;1;1576;1257;1438;28;3;1;1;1;0;0;1272;1262;1257;1276;1297;1329;1363;1383;1402;1412;1418;1425;1435;1445;1454;1468;1480;1492;1504;1512;1520;1532;1540;1546;1552;1558;1567;1576;;;;1;1;1;1;1;1;1;1;1;1;1;1;1;1;1;1;1;1;1;1;1;1;1;1;1;1;1;1;;;
15400000;1;01/02/1997;07:00;0;1;1578;1254;1438;28;3;0;0;0;;0;1274;1264;1254;1270;1290;1320;1356;1378;1398;1410;1416;1423;1432;1442;1452;1464;1477;1490;1502;1510;1517;1529;1538;1545;1551;1557;1565;1574;;;;1;1;1;1;1;1;1;1;1;1;1;1;1;1;1;1;1;1;1;1;1;1;1;1;1;1;1;1;0;0;0
15400000;1;01/02/1997;17:00;0;1;1578;1254;1438;28;3;0;0;0;;0;1270;1259;1260;1281;1304;1338;1370;1388;1405;1413;1420;1427;1438;1448;1457;1472;1484;1495;1506;1513;1524;1534;1541;1548;1554;1560;1569;1578;;;;1;1;1;1;1;1;1;1;1;1;1;1;1;1;1;1;1;1;1;1;1;1;1;1;1;1;1;1;0;0;0
15400000;1;01/02/1997;;1;1;1576;1257;1438;28;3;1;1;1;0;0;1272;1262;1257;1276;1297;1329;1363;1383;1402;1412;1418;1425;1435;1445;1454;1468;1480;1492;1504;1512;1520;1532;1540;1546;1552;1558;1567;1576;;;;1;1;1;1;1;1;1;1;1;1;1;1;1;1;1;1;1;1;1;1;1;1;1;1;1;1;1;1;;;
15400000;2;01/01/1997;;1;1;1332;946;1236;27;1;1;1;1;0;0;946;1043;1123;1165;1192;1212;1226;1236;1245;1238;1234;1223;1210;1197;1192;1201;1240;1256;1270;1275;1284;1290;1295;1308;1318;1326;1332;1328;1318;1303;1288;1;1;1;1;1;1;1;1;1;1;1;1;1;1;1;1;1;1;1;1;1;1;1;1;1;1;1;1;1;1;1
15400000;1;01/01/1997;07:00;0;1;1332;364;1226;27;1;0;0;0;;0;929;1026;1114;1158;1188;1207;1224;1234;1248;1239;1235;1226;1214;1199;1193;1190;1236;1253;1268;1272;1282;1288;1293;1304;1317;1324;1332;1330;1322;1307;1292;1;1;1;1;1;1;1;1;1;1;1;1;1;1;1;1;1;1;1;1;1;1;1;1;1;1;1;1;1;1;1
15400000;1;01/01/1997;17:00;0;1;1332;364;1226;27;1;0;0;0;;0;364;1060;1132;1172;1197;1216;1228;1238;1242;1236;1234;1220;1206;1195;1191;1212;1244;1260;1271;1278;1285;1291;1297;1311;1319;1329;1332;1327;1313;1299;1284;1;1;1;1;1;1;1;1;1;1;1;1;1;1;1;1;1;1;1;1;1;1;1;1;1;1;1;1;1;1;1
15400000;1;01/01/1997;;1;1;1332;946;1236;27;1;1;1;1;0;0;946;1043;1123;1165;1192;1212;1226;1236;1245;1238;1234;1223;1210;1197;1192;1201;1240;1256;1270;1275;1284;1290;1295;1308;1318;1326;1332;1328;1318;1303;1288;1;1;1;1;1;1;1;1;1;1;1;1;1;1;1;1;1;1;1;1;1;1;1;1;1;1;1;1;1;1;1
15400000;2;01/12/1996;;1;1;1113;744;913;20;8;1;1;1;0;0;843;831;816;796;777;762;748;744;753;773;799;833;880;948;983;1003;1037;1082;1107;1113;1101;1076;1040;1004;971;946;920;906;897;901;906;1;1;1;1;1;1;1;1;1;1;1;1;1;1;1;1;1;1;1;1;1;1;1;1;1;1;1;1;1;1;1
15400000;1;01/12/1996;07:00;0;1;1113;743;913;20;8;1;1;1;878;1;846;835;821;801;781;766;750;745;750;769;792;826;864;936;978;998;1028;1073;1104;1113;1106;1084;1048;1013;976;952;925;908;898;900;904;1;1;1;1;1;1;1;1;1;1;1;1;1;1;1;1;1;1;1;1;1;1;1;1;1;1;1;1;1;1;1
15400000;1;01/12/1996;17:00;0;1;1113;743;913;20;8;1;1;1;878;1;840;828;812;791;774;758;747;743;757;777;807;840;896;960;988;1008;1046;1091;1110;1113;1096;1068;1033;996;966;940;916;904;896;902;908;1;1;1;1;1;1;1;1;1;1;1;1;1;1;1;1;1;1;1;1;1;1;1;1;1;1;1;1;1;1;1
15400000;1;01/12/1996;;1;1;1113;744;913;20;8;1;1;1;0;0;843;831;816;796;777;762;748;744;753;773;799;833;880;948;983;1003;1037;1082;1107;1113;1101;1076;1040;1004;971;946;920;906;897;901;906;1;1;1;1;1;1;1;1;1;1;1;1;1;1;1;1;1;1;1;1;1;1;1;1;1;1;1;1;1;1;1
15400000;2;01/11/1996;;1;1;894;488;742;28;1;1;1;1;0;0;488;557;607;647;650;640;624;613;648;703;748;775;769;764;765;775;797;814;808;789;769;762;770;788;814;856;881;894;878;857;;1;1;1;1;1;1;1;1;1;1;1;1;1;1;1;1;1;1;1;1;1;1;1;1;1;1;1;1;1;1;
15400000;1;01/11/1996;07:00;0;1;895;474;742;28;1;1;1;1;878;1;474;544;595;645;652;644;628;612;630;694;728;776;772;764;764;771;792;814;811;792;772;762;768;784;807;849;876;895;884;863;;1;1;1;1;1;1;1;1;1;1;1;1;1;1;1;1;1;1;1;1;1;1;1;1;1;1;1;1;1;1;0
15400000;1;01/11/1996;17:00;0;1;895;474;742;28;1;1;1;1;878;1;502;570;620;649;648;637;620;615;667;712;768;774;767;764;766;780;802;814;806;786;767;762;772;792;822;864;886;894;873;852;;1;1;1;1;1;1;1;1;1;1;1;1;1;1;1;1;1;1;1;1;1;1;1;1;1;1;1;1;1;1;0
15400000;1;01/11/1996;;1;1;894;488;742;28;1;1;1;1;0;0;488;557;607;647;650;640;624;613;648;703;748;775;769;764;765;775;797;814;808;789;769;762;770;788;814;856;881;894;878;857;;1;1;1;1;1;1;1;1;1;1;1;1;1;1;1;1;1;1;1;1;1;1;1;1;1;1;1;1;1;1;
15400000;2;01/10/1996;;1;1;517;301;429;23;1;1;1;1;0;0;301;338;407;453;464;458;443;430;423;413;404;394;384;377;377;381;387;401;422;437;452;486;517;517;500;481;468;451;441;435;445;1;1;1;1;1;1;1;1;1;1;1;1;1;1;1;1;1;1;1;1;1;1;1;1;1;1;1;1;1;1;1
15400000;1;01/10/1996;07:00;0;1;520;298;429;23;1;1;1;1;878;1;298;325;392;446;465;461;447;433;424;416;406;396;386;377;377;380;385;395;418;434;447;475;514;519;505;486;471;454;444;436;440;1;1;1;1;1;1;1;1;1;1;1;1;1;1;1;1;1;1;1;1;1;1;1;1;1;1;1;1;1;1;1
15400000;1;01/10/1996;17:00;0;1;520;298;429;23;1;1;1;1;878;1;305;351;422;461;464;456;440;428;422;410;402;392;382;377;378;382;390;407;426;440;457;497;520;516;495;476;466;448;439;434;450;1;1;1;1;1;1;1;1;1;1;1;1;1;1;1;1;1;1;1;1;1;1;1;1;1;1;1;1;1;1;1
15400000;1;01/10/1996;;1;1;517;301;429;23;1;1;1;1;0;0;301;338;407;453;464;458;443;430;423;413;404;394;384;377;377;381;387;401;422;437;452;486;517;517;500;481;468;451;441;435;445;1;1;1;1;1;1;1;1;1;1;1;1;1;1;1;1;1;1;1;1;1;1;1;1;1;1;1;1;1;1;1
15400000;2;01/09/1996;;1;1;456;291;355;19;1;1;1;1;0;0;291;291;299;313;323;323;319;319;330;341;349;365;386;394;390;383;394;433;456;450;431;405;385;366;348;335;322;312;306;301;;1;1;1;1;1;1;1;1;1;1;1;1;1;1;1;1;1;1;1;1;1;1;1;1;1;1;1;1;1;1;
15400000;1;01/09/1996;07:00;0;1;458;291;356;19;1;1;1;1;878;1;291;291;296;311;322;324;320;320;328;340;346;360;382;395;392;382;388;425;455;454;438;410;390;370;352;339;325;315;307;302;;1;1;1;1;1;1;1;1;1;1;1;1;1;1;1;1;1;1;1;1;1;1;1;1;1;1;1;1;1;1;0
15400000;1;01/09/1996;17:00;0;1;458;291;356;19;1;1;1;1;878;1;291;292;303;316;324;322;319;319;332;342;352;370;391;394;388;384;400;442;458;446;425;400;381;362;344;332;320;310;305;300;;1;1;1;1;1;1;1;1;1;1;1;1;1;1;1;1;1;1;1;1;1;1;1;1;1;1;1;1;1;1;0
15400000;1;01/09/1996;;1;1;456;291;355;19;1;1;1;1;0;0;291;291;299;313;323;323;319;319;330;341;349;365;386;394;390;383;394;433;456;450;431;405;385;366;348;335;322;312;306;301;;1;1;1;1;1;1;1;1;1;1;1;1;1;1;1;1;1;1;1;1;1;1;1;1;1;1;1;1;1;1;
15400000;2;01/08/1996;;1;1;436;291;353;1;31;1;1;1;0;0;436;427;416;406;403;404;405;399;389;378;367;356;345;336;331;337;351;357;355;342;331;322;320;319;317;311;306;302;298;294;291;1;1;1;1;1;1;1;1;1;1;1;1;1;1;1;1;1;1;1;1;1;1;1;1;1;1;1;1;1;1;1
15400000;1;01/08/1996;07:00;0;1;438;291;353;1;31;1;1;1;878;1;438;428;418;408;403;404;406;401;392;381;370;358;348;338;331;334;349;356;357;345;334;323;320;320;318;313;307;303;299;295;291;1;1;1;1;1;1;1;1;1;1;1;1;1;1;1;1;1;1;1;1;1;1;1;1;1;1;1;1;1;1;1
15400000;1;01/08/1996;17:00;0;1;438;291;353;1;31;1;1;1;878;1;434;426;414;405;403;405;404;398;386;376;364;354;343;334;332;340;353;358;354;340;328;322;320;319;316;310;305;301;297;293;291;1;1;1;1;1;1;1;1;1;1;1;1;1;1;1;1;1;1;1;1;1;1;1;1;1;1;1;1;1;1;1
15400000;1;01/08/1996;;1;1;436;291;353;1;31;1;1;1;0;0;436;427;416;406;403;404;405;399;389;378;367;356;345;336;331;337;351;357;355;342;331;322;320;319;317;311;306;302;298;294;291;1;1;1;1;1;1;1;1;1;1;1;1;1;1;1;1;1;1;1;1;1;1;1;1;1;1;1;1;1;1;1
15400000;2;01/07/1996;;1;1;706;446;593;1;31;1;1;1;0;0;706;692;678;666;659;655;650;644;633;622;612;600;587;574;564;567;602;641;653;641;620;599;576;553;532;514;498;482;468;456;446;1;1;1;1;1;1;1;1;1;1;1;1;1;1;1;1;1;1;1;1;1;1;1;1;1;1;1;1;1;1;1
15400000;1;01/07/1996;07:00;0;1;708;444;593;1;31;1;1;1;878;1;708;696;682;668;660;656;652;647;636;625;616;604;589;577;566;562;592;636;653;645;627;604;581;558;537;518;500;486;471;459;448;1;1;1;1;1;1;1;1;1;1;1;1;1;1;1;1;1;1;1;1;1;1;1;1;1;1;1;1;1;1;1
15400000;1;01/07/1996;17:00;0;1;708;444;593;1;31;1;1;1;878;1;705;688;674;664;658;654;649;642;630;620;609;596;585;571;562;572;612;646;653;638;614;594;572;549;528;510;496;478;466;453;444;1;1;1;1;1;1;1;1;1;1;1;1;1;1;1;1;1;1;1;1;1;1;1;1;1;1;1;1;1;1;1
15400000;1;01/07/1996;;1;1;706;446;593;1;31;1;1;1;0;0;706;692;678;666;659;655;650;644;633;622;612;600;587;574;564;567;602;641;653;641;620;599;576;553;532;514;498;482;468;456;446;1;1;1;1;1;1;1;1;1;1;1;1;1;1;1;1;1;1;1;1;1;1;1;1;1;1;1;1;1;1;1
15400000;2;01/06/1996;;1;1;1035;727;855;3;30;1;1;1;0;0;1008;1032;1035;1015;995;972;957;943;932;915;897;889;875;856;842;827;810;800;789;778;765;747;736;736;748;758;758;753;741;727;;1;1;1;1;1;1;1;1;1;1;1;1;1;1;1;1;1;1;1;1;1;1;1;1;1;1;1;1;1;1;
15400000;1;01/06/1996;07:00;0;1;1040;725;855;3;30;1;1;1;878;1;1002;1030;1040;1020;1000;978;960;947;935;920;900;890;880;860;846;830;814;804;792;782;770;750;738;736;746;756;760;754;745;730;;1;1;1;1;1;1;1;1;1;1;1;1;1;1;1;1;1;1;1;1;1;1;1;1;1;1;1;1;1;1;0
15400000;1;01/06/1996;17:00;0;1;1040;725;855;3;30;1;1;1;878;1;1015;1035;1030;1010;990;966;954;940;930;910;895;888;870;853;838;824;807;797;787;775;760;745;734;737;751;760;756;752;738;725;;1;1;1;1;1;1;1;1;1;1;1;1;1;1;1;1;1;1;1;1;1;1;1;1;1;1;1;1;1;1;0
15400000;1;01/06/1996;;1;1;1035;727;855;3;30;1;1;1;0;0;1008;1032;1035;1015;995;972;957;943;932;915;897;889;875;856;842;827;810;800;789;778;765;747;736;736;748;758;758;753;741;727;;1;1;1;1;1;1;1;1;1;1;1;1;1;1;1;1;1;1;1;1;1;1;1;1;1;1;1;1;1;1;
15400000;2;01/05/1996;;1;1;1290;986;1107;1;26;1;1;1;0;0;1290;1275;1266;1262;1251;1233;1217;1206;1190;1178;1161;1143;1123;1105;1091;1075;1066;1063;1059;1046;1028;1011;1000;998;996;986;993;1006;1007;1005;1001;1;1;1;1;1;1;1;1;1;1;1;1;1;1;1;1;1;1;1;1;1;1;1;1;1;1;1;1;1;1;1
15400000;1;01/05/1996;17:00;0;1;1294;984;1108;1;26;1;1;1;878;1;1287;1273;1265;1261;1247;1230;1214;1203;1186;1176;1158;1138;1120;1102;1087;1072;1064;1062;1058;1042;1024;1008;998;998;994;984;996;1010;1007;1004;1000;1;1;1;1;1;1;1;1;1;1;1;1;1;1;1;1;1;1;1;1;1;1;1;1;1;1;1;1;1;1;1
15400000;1;01/05/1996;07:00;0;1;1294;984;1108;1;26;1;1;1;878;1;1294;1278;1268;1263;1256;1236;1220;1209;1195;1181;1164;1148;1126;1109;1095;1078;1068;1064;1060;1050;1033;1014;1002;998;999;988;990;1003;1008;1006;1002;1;1;1;1;1;1;1;1;1;1;1;1;1;1;1;1;1;1;1;1;1;1;1;1;1;1;1;1;1;1;1
15400000;1;01/05/1996;;1;1;1290;986;1107;1;26;1;1;1;0;0;1290;1275;1266;1262;1251;1233;1217;1206;1190;1178;1161;1143;1123;1105;1091;1075;1066;1063;1059;1046;1028;1011;1000;998;996;986;993;1006;1007;1005;1001;1;1;1;1;1;1;1;1;1;1;1;1;1;1;1;1;1;1;1;1;1;1;1;1;1;1;1;1;1;1;1
15400000;2;01/04/1996;;1;1;1467;1311;1421;5;30;1;1;1;0;0;1447;1450;1453;1462;1467;1465;1463;1458;1453;1445;1436;1421;1406;1391;1390;1395;1413;1429;1433;1430;1427;1421;1422;1430;1425;1407;1381;1355;1334;1311;;1;1;1;1;1;1;1;1;1;1;1;1;1;1;1;1;1;1;1;1;1;1;1;1;1;1;1;1;1;1;
15400000;1;01/04/1996;07:00;0;1;1467;1307;1420;5;30;1;1;1;878;1;1444;1450;1451;1459;1467;1465;1463;1459;1455;1447;1438;1425;1409;1393;1389;1393;1405;1429;1434;1430;1428;1422;1421;1430;1427;1411;1386;1360;1338;1315;;1;1;1;1;1;1;1;1;1;1;1;1;1;1;1;1;1;1;1;1;1;1;1;1;1;1;1;1;1;1;0
15400000;1;01/04/1996;17:00;0;1;1467;1307;1420;5;30;1;1;1;878;1;1450;1450;1454;1464;1466;1464;1462;1456;1450;1443;1434;1416;1403;1389;1390;1396;1421;1429;1432;1429;1425;1420;1422;1429;1422;1402;1375;1350;1330;1307;;1;1;1;1;1;1;1;1;1;1;1;1;1;1;1;1;1;1;1;1;1;1;1;1;1;1;1;1;1;1;0
15400000;1;01/04/1996;;1;1;1467;1311;1421;5;30;1;1;1;0;0;1447;1450;1453;1462;1467;1465;1463;1458;1453;1445;1436;1421;1406;1391;1390;1395;1413;1429;1433;1430;1427;1421;1422;1430;1425;1407;1381;1355;1334;1311;;1;1;1;1;1;1;1;1;1;1;1;1;1;1;1;1;1;1;1;1;1;1;1;1;1;1;1;1;1;1;
15400000;2;01/03/1996;;1;1;1437;1348;1378;31;5;1;1;1;0;0;1368;1372;1369;1358;1348;1354;1361;1368;1378;1393;1410;1419;1417;1407;1394;1383;1367;1358;1357;1368;1367;1367;1366;1367;1367;1367;1363;1362;1383;1415;1437;1;1;1;1;1;1;1;1;1;1;1;1;1;1;1;1;1;1;1;1;1;1;1;1;1;1;1;1;1;1;1
15400000;1;01/03/1996;07:00;0;1;1439;1347;1378;31;5;1;1;1;878;1;1367;1372;1371;1359;1347;1352;1359;1366;1375;1389;1407;1418;1418;1409;1398;1385;1371;1359;1355;1368;1367;1367;1365;1367;1366;1368;1364;1360;1377;1410;1434;1;1;1;1;1;1;1;1;1;1;1;1;1;1;1;1;1;1;1;1;1;1;1;1;1;1;1;1;1;1;1
15400000;1;01/03/1996;17:00;0;1;1439;1347;1378;31;5;1;1;1;878;1;1369;1372;1367;1356;1348;1356;1362;1369;1380;1397;1412;1420;1415;1405;1390;1380;1363;1357;1359;1367;1366;1367;1367;1367;1367;1366;1362;1363;1388;1419;1439;1;1;1;1;1;1;1;1;1;1;1;1;1;1;1;1;1;1;1;1;1;1;1;1;1;1;1;1;1;1;1
15400000;1;01/03/1996;;1;1;1437;1348;1378;31;5;1;1;1;0;0;1368;1372;1369;1358;1348;1354;1361;1368;1378;1393;1410;1419;1417;1407;1394;1383;1367;1358;1357;1368;1367;1367;1366;1367;1367;1367;1363;1362;1383;1415;1437;1;1;1;1;1;1;1;1;1;1;1;1;1;1;1;1;1;1;1;1;1;1;1;1;1;1;1;1;1;1;1
15400000;2;01/02/1996;;1;1;1365;1261;1344;9;1;1;1;1;0;0;1261;1280;1304;1328;1339;1349;1357;1362;1365;1364;1359;1354;1354;1355;1355;1357;1360;1361;1358;1347;1338;1333;1338;1338;1347;1350;1350;1353;1359;;;1;1;1;1;1;1;1;1;1;1;1;1;1;1;1;1;1;1;1;1;1;1;1;1;1;1;1;1;1;;
15400000;1;01/02/1996;07:00;0;1;1365;1257;1344;9;1;1;1;1;878;1;1257;1273;1297;1325;1335;1347;1355;1361;1365;1365;1360;1353;1354;1355;1355;1355;1360;1361;1361;1347;1340;1330;1338;1338;1345;1349;1350;1352;1357;;;1;1;1;1;1;1;1;1;1;1;1;1;1;1;1;1;1;1;1;1;1;1;1;1;1;1;1;1;1;0;0
15400000;1;01/02/1996;17:00;0;1;1365;1257;1344;9;1;1;1;1;878;1;1265;1286;1310;1330;1342;1350;1358;1363;1365;1363;1357;1354;1354;1355;1354;1358;1360;1361;1355;1346;1335;1335;1338;1338;1348;1350;1350;1353;1360;;;1;1;1;1;1;1;1;1;1;1;1;1;1;1;1;1;1;1;1;1;1;1;1;1;1;1;1;1;1;0;0
15400000;1;01/02/1996;;1;1;1365;1261;1344;9;1;1;1;1;0;0;1261;1280;1304;1328;1339;1349;1357;1362;1365;1364;1359;1354;1354;1355;1355;1357;1360;1361;1358;1347;1338;1333;1338;1338;1347;1350;1350;1353;1359;;;1;1;1;1;1;1;1;1;1;1;1;1;1;1;1;1;1;1;1;1;1;1;1;1;1;1;1;1;1;;
15400000;2;01/01/1996;;1;1;1247;825;1042;31;3;1;1;1;0;0;855;841;825;827;886;945;962;959;945;932;946;980;1004;1015;1022;1025;1015;1012;1022;1036;1085;1141;1170;1189;1216;1238;1241;1241;1240;1242;1247;1;1;1;1;1;1;1;1;1;1;1;1;1;1;1;1;1;1;1;1;1;1;1;1;1;1;1;1;1;1;1
15400000;1;01/01/1996;07:00;0;1;1250;820;1042;31;4;1;1;1;878;1;858;844;828;820;869;937;963;961;949;934;940;973;1002;1012;1020;1026;1018;1012;1021;1032;1073;1131;1165;1185;1210;1236;1241;1241;1240;1240;1244;1;1;1;1;1;1;1;1;1;1;1;1;1;1;1;1;1;1;1;1;1;1;1;1;1;1;1;1;1;1;1
15400000;1;01/01/1996;17:00;0;1;1250;820;1042;31;4;1;1;1;878;1;852;838;822;833;903;952;960;956;941;930;951;986;1006;1017;1024;1024;1012;1011;1023;1040;1097;1150;1174;1192;1222;1239;1241;1240;1240;1243;1250;1;1;1;1;1;1;1;1;1;1;1;1;1;1;1;1;1;1;1;1;1;1;1;1;1;1;1;1;1;1;1
15400000;1;01/01/1996;;1;1;1247;825;1042;31;3;1;1;1;0;0;855;841;825;827;886;945;962;959;945;932;946;980;1004;1015;1022;1025;1015;1012;1022;1036;1085;1141;1170;1189;1216;1238;1241;1241;1240;1242;1247;1;1;1;1;1;1;1;1;1;1;1;1;1;1;1;1;1;1;1;1;1;1;1;1;1;1;1;1;1;1;1
15400000;2;01/12/1995;;1;1;955;614;837;18;1;1;1;1;0;0;614;679;772;806;811;803;791;782;784;789;796;810;822;840;875;916;950;955;934;908;891;875;857;849;855;862;870;868;864;865;865;1;1;1;1;1;1;1;1;1;1;1;1;1;1;1;1;1;1;1;1;1;1;1;1;1;1;1;1;1;1;1
15400000;1;01/12/1995;07:00;0;1;958;610;837;18;1;1;1;1;890;1;610;655;757;804;812;805;794;783;783;788;794;808;817;834;865;906;947;958;939;913;895;880;860;847;853;860;870;868;863;864;867;1;1;1;1;1;1;1;1;1;1;1;1;1;1;1;1;1;1;1;1;1;1;1;1;1;1;1;1;1;1;1
15400000;1;01/12/1995;17:00;0;1;958;610;837;18;1;1;1;1;890;1;618;702;786;807;809;800;788;780;785;790;798;812;826;845;885;925;953;952;928;903;887;869;853;850;856;864;869;867;865;866;863;1;1;1;1;1;1;1;1;1;1;1;1;1;1;1;1;1;1;1;1;1;1;1;1;1;1;1;1;1;1;1
15400000;1;01/12/1995;;1;1;955;614;837;18;1;1;1;1;0;0;614;679;772;806;811;803;791;782;784;789;796;810;822;840;875;916;950;955;934;908;891;875;857;849;855;862;870;868;864;865;865;1;1;1;1;1;1;1;1;1;1;1;1;1;1;1;1;1;1;1;1;1;1;1;1;1;1;1;1;1;1;1
15400000;2;01/11/1995;;1;1;609;311;402;28;1;1;1;1;0;0;311;317;320;324;325;328;336;350;370;383;387;378;375;367;355;349;345;340;340;343;355;379;421;463;514;567;599;609;605;603;;1;1;1;1;1;1;1;1;1;1;1;1;1;1;1;1;1;1;1;1;1;1;1;1;1;1;1;1;1;1;
15400000;1;01/11/1995;07:00;0;1;609;309;402;28;1;1;1;1;890;1;309;316;319;324;325;325;334;344;367;381;388;380;376;369;356;350;346;340;339;340;352;370;411;452;504;557;595;609;606;603;;1;1;1;1;1;1;1;1;1;1;1;1;1;1;1;1;1;1;1;1;1;1;1;1;1;1;1;1;1;1;0
15400000;1;01/11/1995;17:00;0;1;609;309;402;28;1;1;1;1;890;1;312;318;321;324;325;330;338;356;372;385;385;376;373;365;353;348;344;340;340;345;358;387;430;473;523;577;602;609;604;602;;1;1;1;1;1;1;1;1;1;1;1;1;1;1;1;1;1;1;1;1;1;1;1;1;1;1;1;1;1;1;0
15400000;1;01/11/1995;;1;1;609;311;402;28;1;1;1;1;0;0;311;317;320;324;325;328;336;350;370;383;387;378;375;367;355;349;345;340;340;343;355;379;421;463;514;567;599;609;605;603;;1;1;1;1;1;1;1;1;1;1;1;1;1;1;1;1;1;1;1;1;1;1;1;1;1;1;1;1;1;1;
15400000;2;01/10/1995;;1;1;312;250;285;1;19;1;1;1;0;0;312;308;299;288;279;272;268;273;285;302;309;306;295;283;275;267;259;253;250;251;258;266;272;279;290;298;305;308;305;304;305;1;1;1;1;1;1;1;1;1;1;1;1;1;1;1;1;1;1;1;1;1;1;1;1;1;1;1;1;1;1;1
15400000;1;01/10/1995;07:00;0;1;312;250;284;1;19;1;1;1;890;1;312;310;301;290;280;274;267;269;282;298;308;307;298;286;276;269;260;254;250;250;256;264;270;278;288;294;304;308;305;304;304;1;1;1;1;1;1;1;1;1;1;1;1;1;1;1;1;1;1;1;1;1;1;1;1;1;1;1;1;1;1;1
15400000;1;01/10/1995;17:00;0;1;312;250;284;1;19;1;1;1;890;1;312;306;296;286;278;270;268;276;288;306;309;304;292;280;273;265;257;252;250;252;260;268;274;280;292;301;306;307;304;304;306;1;1;1;1;1;1;1;1;1;1;1;1;1;1;1;1;1;1;1;1;1;1;1;1;1;1;1;1;1;1;1
15400000;1;01/10/1995;;1;1;312;250;285;1;19;1;1;1;0;0;312;308;299;288;279;272;268;273;285;302;309;306;295;283;275;267;259;253;250;251;258;266;272;279;290;298;305;308;305;304;305;1;1;1;1;1;1;1;1;1;1;1;1;1;1;1;1;1;1;1;1;1;1;1;1;1;1;1;1;1;1;1
15400000;2;01/09/1995;;1;1;367;230;282;1;21;1;1;1;0;0;367;356;343;335;322;314;306;298;290;281;275;268;262;258;257;254;248;242;237;232;230;235;246;257;273;288;294;294;300;308;;1;1;1;1;1;1;1;1;1;1;1;1;1;1;1;1;1;1;1;1;1;1;1;1;1;1;1;1;1;1;
15400000;1;01/09/1995;07:00;0;1;369;230;282;1;20;1;1;1;890;1;369;357;345;336;324;316;308;300;292;283;276;270;263;258;257;255;249;243;238;233;230;233;243;254;269;286;294;294;298;306;;1;1;1;1;1;1;1;1;1;1;1;1;1;1;1;1;1;1;1;1;1;1;1;1;1;1;1;1;1;1;0
15400000;1;01/09/1995;17:00;0;1;369;230;282;1;20;1;1;1;890;1;364;354;340;333;320;312;303;296;287;279;273;266;260;258;256;253;247;240;235;230;230;236;249;260;276;289;293;294;302;309;;1;1;1;1;1;1;1;1;1;1;1;1;1;1;1;1;1;1;1;1;1;1;1;1;1;1;1;1;1;1;0
15400000;1;01/09/1995;;1;1;367;230;282;1;21;1;1;1;0;0;367;356;343;335;322;314;306;298;290;281;275;268;262;258;257;254;248;242;237;232;230;235;246;257;273;288;294;294;300;308;;1;1;1;1;1;1;1;1;1;1;1;1;1;1;1;1;1;1;1;1;1;1;1;1;1;1;1;1;1;1;
15400000;2;01/08/1995;;1;1;621;379;505;12;31;1;1;1;0;0;609;590;572;556;555;578;598;596;580;583;610;621;610;583;556;528;503;479;459;441;425;412;402;396;401;411;417;414;405;392;379;1;1;1;1;1;1;1;1;1;1;1;1;1;1;1;1;1;1;1;1;1;1;1;1;1;1;1;1;1;1;1
15400000;1;01/08/1995;07:00;0;1;624;375;505;12;31;1;1;1;890;1;612;595;576;558;551;571;597;598;583;578;605;624;614;590;561;532;509;484;464;443;428;414;403;396;399;409;416;415;407;395;382;1;1;1;1;1;1;1;1;1;1;1;1;1;1;1;1;1;1;1;1;1;1;1;1;1;1;1;1;1;1;1
15400000;1;01/08/1995;17:00;0;1;624;375;505;12;31;1;1;1;890;1;605;585;568;553;558;584;599;593;577;588;615;618;605;575;550;523;497;474;454;438;422;410;400;396;403;412;417;412;402;389;375;1;1;1;1;1;1;1;1;1;1;1;1;1;1;1;1;1;1;1;1;1;1;1;1;1;1;1;1;1;1;1
15400000;1;01/08/1995;;1;1;621;379;505;12;31;1;1;1;0;0;609;590;572;556;555;578;598;596;580;583;610;621;610;583;556;528;503;479;459;441;425;412;402;396;401;411;417;414;405;392;379;1;1;1;1;1;1;1;1;1;1;1;1;1;1;1;1;1;1;1;1;1;1;1;1;1;1;1;1;1;1;1
15400000;2;01/07/1995;;1;1;704;545;608;1;15;1;1;1;0;0;704;682;664;648;639;632;620;611;605;597;587;574;564;553;545;545;549;558;562;564;565;566;572;602;631;642;652;661;664;651;631;1;1;1;1;1;1;1;1;1;1;1;1;1;1;1;1;1;1;1;1;1;1;1;1;1;1;1;1;1;1;1
15400000;1;01/07/1995;07:00;0;1;709;544;608;1;15;1;1;1;890;1;709;688;667;650;641;633;622;612;606;599;590;577;566;554;546;544;547;556;561;563;565;564;569;594;627;640;649;657;667;656;637;1;1;1;1;1;1;1;1;1;1;1;1;1;1;1;1;1;1;1;1;1;1;1;1;1;1;1;1;1;1;1
15400000;1;01/07/1995;17:00;0;1;709;544;608;1;15;1;1;1;890;1;699;676;661;646;636;630;618;609;603;595;584;571;562;551;544;546;550;559;562;564;565;568;574;609;634;644;654;665;661;646;625;1;1;1;1;1;1;1;1;1;1;1;1;1;1;1;1;1;1;1;1;1;1;1;1;1;1;1;1;1;1;1
15400000;1;01/07/1995;;1;1;704;545;608;1;15;1;1;1;0;0;704;682;664;648;639;632;620;611;605;597;587;574;564;553;545;545;549;558;562;564;565;566;572;602;631;642;652;661;664;651;631;1;1;1;1;1;1;1;1;1;1;1;1;1;1;1;1;1;1;1;1;1;1;1;1;1;1;1;1;1;1;1
15400000;2;01/06/1995;;1;1;1096;725;886;1;30;1;1;1;0;0;1096;1081;1064;1047;1031;1015;997;979;960;943;925;908;891;875;858;844;835;833;828;818;805;797;793;785;780;784;781;766;745;725;;1;1;1;1;1;1;1;1;1;1;1;1;1;1;1;1;1;1;1;1;1;1;1;1;1;1;1;1;1;1;
15400000;1;01/06/1995;07:00;0;1;1098;720;886;1;30;1;1;1;890;1;1098;1083;1067;1050;1034;1019;1000;983;966;947;929;912;895;879;861;847;836;833;830;820;807;798;794;787;779;784;782;770;749;729;;1;1;1;1;1;1;1;1;1;1;1;1;1;1;1;1;1;1;1;1;1;1;1;1;1;1;1;1;1;1;0
15400000;1;01/06/1995;17:00;0;1;1098;720;886;1;30;1;1;1;890;1;1094;1078;1060;1044;1027;1010;993;974;954;939;921;904;886;870;854;840;834;832;826;815;802;796;792;783;780;783;780;761;741;720;;1;1;1;1;1;1;1;1;1;1;1;1;1;1;1;1;1;1;1;1;1;1;1;1;1;1;1;1;1;1;0
15400000;1;01/06/1995;;1;1;1096;725;886;1;30;1;1;1;0;0;1096;1081;1064;1047;1031;1015;997;979;960;943;925;908;891;875;858;844;835;833;828;818;805;797;793;785;780;784;781;766;745;725;;1;1;1;1;1;1;1;1;1;1;1;1;1;1;1;1;1;1;1;1;1;1;1;1;1;1;1;1;1;1;
15400000;2;01/05/1995;;1;1;1347;1109;1232;1;31;1;1;1;0;0;1347;1324;1305;1291;1276;1263;1252;1254;1261;1268;1269;1268;1275;1281;1278;1267;1249;1235;1222;1206;1193;1181;1172;1173;1181;1183;1175;1157;1139;1123;1109;1;1;1;1;1;1;1;1;1;1;1;1;1;1;1;1;1;1;1;1;1;1;1;1;1;1;1;1;1;1;1
15400000;1;01/05/1995;07:00;0;1;1350;1106;1231;1;31;1;1;1;890;1;1350;1330;1310;1294;1279;1265;1254;1253;1259;1267;1269;1267;1274;1280;1281;1269;1251;1238;1226;1209;1194;1183;1173;1171;1179;1184;1178;1160;1142;1126;1112;1;1;1;1;1;1;1;1;1;1;1;1;1;1;1;1;1;1;1;1;1;1;1;1;1;1;1;1;1;1;1
15400000;1;01/05/1995;17:00;0;1;1350;1106;1231;1;31;1;1;1;890;1;1344;1318;1299;1287;1273;1260;1250;1255;1263;1268;1268;1269;1275;1282;1275;1264;1246;1232;1218;1202;1192;1178;1171;1174;1182;1182;1171;1154;1135;1120;1106;1;1;1;1;1;1;1;1;1;1;1;1;1;1;1;1;1;1;1;1;1;1;1;1;1;1;1;1;1;1;1
15400000;1;01/05/1995;;1;1;1347;1109;1232;1;31;1;1;1;0;0;1347;1324;1305;1291;1276;1263;1252;1254;1261;1268;1269;1268;1275;1281;1278;1267;1249;1235;1222;1206;1193;1181;1172;1173;1181;1183;1175;1157;1139;1123;1109;1;1;1;1;1;1;1;1;1;1;1;1;1;1;1;1;1;1;1;1;1;1;1;1;1;1;1;1;1;1;1
15400000;2;01/04/1995;;1;1;1563;1369;1492;7;30;1;1;1;0;0;1551;1553;1556;1557;1558;1562;1563;1560;1552;1543;1527;1521;1519;1518;1520;1521;1521;1512;1496;1473;1448;1423;1403;1395;1400;1413;1417;1407;1390;1369;;1;1;1;1;1;1;1;1;1;1;1;1;1;1;1;1;1;1;1;1;1;1;1;1;1;1;1;1;1;1;
15400000;1;01/04/1995;07:00;0;1;1563;1364;1491;7;30;1;1;1;890;1;1550;1551;1556;1557;1557;1561;1563;1563;1554;1545;1529;1521;1520;1517;1519;1520;1523;1515;1499;1477;1454;1426;1405;1394;1398;1410;1417;1409;1393;1373;;1;1;1;1;1;1;1;1;1;1;1;1;1;1;1;1;1;1;1;1;1;1;1;1;1;1;1;1;1;1;0
15400000;1;01/04/1995;17:00;0;1;1563;1364;1491;7;30;1;1;1;890;1;1551;1554;1556;1557;1559;1562;1563;1557;1550;1540;1525;1520;1518;1518;1520;1522;1519;1508;1492;1469;1441;1419;1400;1395;1402;1415;1416;1405;1387;1364;;1;1;1;1;1;1;1;1;1;1;1;1;1;1;1;1;1;1;1;1;1;1;1;1;1;1;1;1;1;1;0
15400000;1;01/04/1995;;1;1;1563;1369;1492;7;30;1;1;1;0;0;1551;1553;1556;1557;1558;1562;1563;1560;1552;1543;1527;1521;1519;1518;1520;1521;1521;1512;1496;1473;1448;1423;1403;1395;1400;1413;1417;1407;1390;1369;;1;1;1;1;1;1;1;1;1;1;1;1;1;1;1;1;1;1;1;1;1;1;1;1;1;1;1;1;1;1;
15400000;2;01/03/1995;;1;1;1551;1477;1526;22;1;1;1;1;0;0;1477;1485;1495;1507;1518;1521;1525;1524;1523;1519;1515;1511;1509;1509;1513;1519;1524;1531;1537;1543;1547;1551;1548;1545;1542;1541;1543;1546;1547;1549;1549;1;1;1;1;1;1;1;1;1;1;1;1;1;1;1;1;1;1;1;1;1;1;1;1;1;1;1;1;1;1;1
15400000;1;01/03/1995;07:00;0;1;1551;1476;1526;22;1;1;1;1;890;1;1476;1482;1492;1505;1516;1521;1526;1524;1523;1520;1516;1512;1509;1507;1512;1516;1522;1529;1536;1542;1546;1551;1550;1546;1542;1541;1541;1546;1546;1549;1548;1;1;1;1;1;1;1;1;1;1;1;1;1;1;1;1;1;1;1;1;1;1;1;1;1;1;1;1;1;1;1
15400000;1;01/03/1995;17:00;0;1;1551;1476;1526;22;1;1;1;1;890;1;1478;1488;1498;1509;1520;1521;1524;1524;1522;1518;1514;1510;1508;1510;1514;1521;1525;1532;1538;1544;1548;1550;1546;1544;1541;1541;1544;1546;1547;1548;1549;1;1;1;1;1;1;1;1;1;1;1;1;1;1;1;1;1;1;1;1;1;1;1;1;1;1;1;1;1;1;1
15400000;1;01/03/1995;;1;1;1551;1477;1526;22;1;1;1;1;0;0;1477;1485;1495;1507;1518;1521;1525;1524;1523;1519;1515;1511;1509;1509;1513;1519;1524;1531;1537;1543;1547;1551;1548;1545;1542;1541;1543;1546;1547;1549;1549;1;1;1;1;1;1;1;1;1;1;1;1;1;1;1;1;1;1;1;1;1;1;1;1;1;1;1;1;1;1;1
15400000;2;01/02/1995;;1;1;1476;1285;1354;28;3;1;1;1;0;0;1297;1286;1285;1295;1310;1309;1302;1295;1296;1298;1302;1303;1305;1310;1311;1320;1343;1365;1381;1392;1408;1422;1441;1456;1468;1473;1474;1476;;;;1;1;1;1;1;1;1;1;1;1;1;1;1;1;1;1;1;1;1;1;1;1;1;1;1;1;1;1;;;
15400000;1;01/02/1995;07:00;0;1;1476;1283;1354;28;3;1;1;1;890;1;1300;1287;1283;1292;1306;1310;1304;1295;1296;1297;1300;1303;1303;1309;1311;1317;1338;1360;1377;1390;1405;1418;1439;1452;1466;1471;1473;1476;;;;1;1;1;1;1;1;1;1;1;1;1;1;1;1;1;1;1;1;1;1;1;1;1;1;1;1;1;1;0;0;0
15400000;1;01/02/1995;17:00;0;1;1476;1283;1354;28;3;1;1;1;890;1;1294;1284;1287;1298;1313;1307;1300;1295;1296;1298;1303;1303;1307;1310;1311;1323;1348;1369;1384;1394;1411;1426;1442;1460;1469;1474;1475;1476;;;;1;1;1;1;1;1;1;1;1;1;1;1;1;1;1;1;1;1;1;1;1;1;1;1;1;1;1;1;0;0;0
15400000;1;01/02/1995;;1;1;1476;1285;1354;28;3;1;1;1;0;0;1297;1286;1285;1295;1310;1309;1302;1295;1296;1298;1302;1303;1305;1310;1311;1320;1343;1365;1381;1392;1408;1422;1441;1456;1468;1473;1474;1476;;;;1;1;1;1;1;1;1;1;1;1;1;1;1;1;1;1;1;1;1;1;1;1;1;1;1;1;1;1;;;
15400000;2;01/01/1995;;1;1;1368;1183;1272;25;3;1;1;1;0;0;1188;1184;1183;1191;1198;1202;1201;1202;1206;1214;1220;1226;1225;1228;1237;1255;1276;1303;1321;1330;1350;1363;1366;1367;1368;1367;1357;1347;1330;1318;1309;1;1;1;1;1;1;1;1;1;1;1;1;1;1;1;1;1;1;1;1;1;1;1;1;1;1;1;1;1;1;1
15400000;1;01/01/1995;07:00;0;1;1369;1183;1272;26;3;1;1;1;890;1;1190;1185;1183;1190;1197;1202;1201;1201;1206;1213;1219;1225;1226;1226;1233;1252;1272;1297;1318;1332;1347;1363;1366;1367;1368;1369;1359;1351;1334;1320;1312;1;1;1;1;1;1;1;1;1;1;1;1;1;1;1;1;1;1;1;1;1;1;1;1;1;1;1;1;1;1;1
15400000;1;01/01/1995;17:00;0;1;1369;1183;1272;26;3;1;1;1;890;1;1187;1184;1184;1193;1200;1202;1201;1203;1207;1216;1222;1228;1225;1230;1241;1259;1280;1310;1325;1328;1353;1364;1366;1367;1368;1366;1355;1343;1326;1317;1307;1;1;1;1;1;1;1;1;1;1;1;1;1;1;1;1;1;1;1;1;1;1;1;1;1;1;1;1;1;1;1
15400000;1;01/01/1995;;1;1;1368;1183;1272;25;3;1;1;1;0;0;1188;1184;1183;1191;1198;1202;1201;1202;1206;1214;1220;1226;1225;1228;1237;1255;1276;1303;1321;1330;1350;1363;1366;1367;1368;1367;1357;1347;1330;1318;1309;1;1;1;1;1;1;1;1;1;1;1;1;1;1;1;1;1;1;1;1;1;1;1;1;1;1;1;1;1;1;1
15400000;2;01/12/1994;;1;1;1191;755;927;31;14;1;1;1;0;0;891;853;820;788;768;762;778;783;777;774;774;771;762;755;758;765;775;858;986;1067;1100;1113;1117;1124;1117;1111;1117;1141;1165;1182;1191;1;1;1;1;1;1;1;1;1;1;1;1;1;1;1;1;1;1;1;1;1;1;1;1;1;1;1;1;1;1;1
15400000;1;01/12/1994;07:00;0;1;1191;754;927;31;14;1;1;1;941;1;901;861;828;795;773;760;774;784;779;774;774;773;764;756;756;764;770;835;955;1056;1097;1110;1118;1125;1119;1110;1114;1135;1161;1180;1191;1;1;1;1;1;1;1;1;1;1;1;1;1;1;1;1;1;1;1;1;1;1;1;1;1;1;1;1;1;1;1
15400000;1;01/12/1994;17:00;0;1;1191;754;927;31;14;1;1;1;941;1;882;845;812;781;764;765;782;783;776;774;774;770;760;754;760;766;780;881;1017;1078;1103;1117;1117;1124;1115;1112;1120;1148;1170;1185;1191;1;1;1;1;1;1;1;1;1;1;1;1;1;1;1;1;1;1;1;1;1;1;1;1;1;1;1;1;1;1;1
15400000;1;01/12/1994;;1;1;1191;755;927;31;14;1;1;1;0;0;891;853;820;788;768;762;778;783;777;774;774;771;762;755;758;765;775;858;986;1067;1100;1113;1117;1124;1117;1111;1117;1141;1165;1182;1191;1;1;1;1;1;1;1;1;1;1;1;1;1;1;1;1;1;1;1;1;1;1;1;1;1;1;1;1;1;1;1
15400000;2;01/11/1994;;1;1;981;562;827;28;1;1;1;1;0;0;562;668;771;857;889;892;891;901;906;900;889;876;855;831;811;790;769;749;733;718;710;704;719;785;869;930;971;981;958;930;;1;1;1;1;1;1;1;1;1;1;1;1;1;1;1;1;1;1;1;1;1;1;1;1;1;1;1;1;1;1;
15400000;1;01/11/1994;07:00;0;1;984;555;827;28;1;1;1;1;941;1;555;650;746;844;888;891;895;898;906;902;892;880;860;836;816;794;774;752;738;720;712;704;704;760;860;915;966;984;964;937;;1;1;1;1;1;1;1;1;1;1;1;1;1;1;1;1;1;1;1;1;1;1;1;1;1;1;1;1;1;1;0
15400000;1;01/11/1994;17:00;0;1;984;555;827;28;1;1;1;1;941;1;568;686;795;870;890;892;887;904;905;898;886;871;850;826;806;785;764;746;728;715;708;704;734;810;878;945;976;977;952;923;;1;1;1;1;1;1;1;1;1;1;1;1;1;1;1;1;1;1;1;1;1;1;1;1;1;1;1;1;1;1;0
15400000;1;01/11/1994;;1;1;981;562;827;28;1;1;1;1;0;0;562;668;771;857;889;892;891;901;906;900;889;876;855;831;811;790;769;749;733;718;710;704;719;785;869;930;971;981;958;930;;1;1;1;1;1;1;1;1;1;1;1;1;1;1;1;1;1;1;1;1;1;1;1;1;1;1;1;1;1;1;
15400000;2;01/10/1994;;1;1;544;301;409;31;1;1;1;1;0;0;301;309;323;333;338;344;350;357;369;398;439;464;465;461;454;447;438;429;419;409;401;396;395;400;408;419;427;447;481;524;544;1;1;1;1;1;1;1;1;1;1;1;1;1;1;1;1;1;1;1;1;1;1;1;1;1;1;1;1;1;1;1
15400000;1;01/10/1994;07:00;0;1;546;300;409;31;1;1;1;1;941;1;300;305;320;331;338;342;349;355;362;388;432;461;466;463;455;448;440;431;422;411;402;396;394;398;405;417;424;439;469;517;542;1;1;1;1;1;1;1;1;1;1;1;1;1;1;1;1;1;1;1;1;1;1;1;1;1;1;1;1;1;1;1
15400000;1;01/10/1994;17:00;0;1;546;300;409;31;1;1;1;1;941;1;301;312;325;334;338;346;351;359;375;408;446;466;464;459;453;445;435;426;416;406;399;395;395;402;411;420;429;454;493;530;546;1;1;1;1;1;1;1;1;1;1;1;1;1;1;1;1;1;1;1;1;1;1;1;1;1;1;1;1;1;1;1
15400000;1;01/10/1994;;1;1;544;301;409;31;1;1;1;1;0;0;301;309;323;333;338;344;350;357;369;398;439;464;465;461;454;447;438;429;419;409;401;396;395;400;408;419;427;447;481;524;544;1;1;1;1;1;1;1;1;1;1;1;1;1;1;1;1;1;1;1;1;1;1;1;1;1;1;1;1;1;1;1
15400000;2;01/09/1994;;1;1;322;248;274;1;21;1;1;1;0;0;322;316;310;303;299;293;286;282;276;272;269;267;267;266;264;259;254;250;249;249;248;248;249;249;250;260;275;289;296;300;;1;1;1;1;1;1;1;1;1;1;1;1;1;1;1;1;1;1;1;1;1;1;1;1;1;1;1;1;1;1;
15400000;1;01/09/1994;07:00;0;1;324;248;274;1;21;1;1;1;941;1;324;317;311;304;300;294;287;283;277;272;269;267;267;266;265;260;255;250;249;249;248;248;248;248;249;256;271;287;295;300;;1;1;1;1;1;1;1;1;1;1;1;1;1;1;1;1;1;1;1;1;1;1;1;1;1;1;1;1;1;1;0
15400000;1;01/09/1994;17:00;0;1;324;248;274;1;21;1;1;1;941;1;320;314;309;302;298;291;285;280;274;271;268;267;267;266;263;258;253;249;249;249;248;248;249;249;251;263;278;291;297;300;;1;1;1;1;1;1;1;1;1;1;1;1;1;1;1;1;1;1;1;1;1;1;1;1;1;1;1;1;1;1;0
15400000;1;01/09/1994;;1;1;322;248;274;1;21;1;1;1;0;0;322;316;310;303;299;293;286;282;276;272;269;267;267;266;264;259;254;250;249;249;248;248;249;249;250;260;275;289;296;300;;1;1;1;1;1;1;1;1;1;1;1;1;1;1;1;1;1;1;1;1;1;1;1;1;1;1;1;1;1;1;
15400000;2;01/08/1994;;1;1;557;329;442;12;31;1;1;1;0;0;470;472;471;468;461;457;453;444;456;500;547;557;540;516;492;472;458;449;443;438;431;420;408;394;383;372;364;353;345;336;329;1;1;1;1;1;1;1;1;1;1;1;1;1;1;1;1;1;1;1;1;1;1;1;1;1;1;1;1;1;1;1
15400000;1;01/08/1994;07:00;0;1;558;327;442;12;31;1;1;1;941;1;469;472;472;469;462;458;454;446;452;485;542;558;545;521;496;477;461;451;444;439;432;423;410;397;385;373;366;355;346;338;330;1;1;1;1;1;1;1;1;1;1;1;1;1;1;1;1;1;1;1;1;1;1;1;1;1;1;1;1;1;1;1
15400000;1;01/08/1994;17:00;0;1;558;327;442;12;31;1;1;1;941;1;470;471;470;466;460;456;452;442;460;515;552;555;535;511;487;467;455;447;442;436;429;416;405;390;380;371;361;351;343;334;327;1;1;1;1;1;1;1;1;1;1;1;1;1;1;1;1;1;1;1;1;1;1;1;1;1;1;1;1;1;1;1
15400000;1;01/08/1994;;1;1;557;329;442;12;31;1;1;1;0;0;470;472;471;468;461;457;453;444;456;500;547;557;540;516;492;472;458;449;443;438;431;420;408;394;383;372;364;353;345;336;329;1;1;1;1;1;1;1;1;1;1;1;1;1;1;1;1;1;1;1;1;1;1;1;1;1;1;1;1;1;1;1
15400000;2;01/07/1994;;1;1;745;470;610;1;31;1;1;1;0;0;745;741;737;730;721;710;696;682;668;655;648;641;635;628;622;614;607;600;591;580;570;559;546;534;523;512;499;488;479;474;470;1;1;1;1;1;1;1;1;1;1;1;1;1;1;1;1;1;1;1;1;1;1;1;1;1;1;1;1;1;1;1
15400000;1;01/07/1994;07:00;0;1;745;470;610;1;31;1;1;1;941;1;745;742;738;732;724;712;698;686;670;658;650;642;636;630;624;616;609;602;594;583;572;562;547;538;525;515;502;490;480;475;470;1;1;1;1;1;1;1;1;1;1;1;1;1;1;1;1;1;1;1;1;1;1;1;1;1;1;1;1;1;1;1
15400000;1;01/07/1994;17:00;0;1;745;470;610;1;31;1;1;1;941;1;744;740;735;728;718;708;693;678;665;652;646;639;634;625;620;612;605;598;588;577;567;555;544;530;520;508;495;485;477;473;470;1;1;1;1;1;1;1;1;1;1;1;1;1;1;1;1;1;1;1;1;1;1;1;1;1;1;1;1;1;1;1
15400000;1;01/07/1994;;1;1;745;470;610;1;31;1;1;1;0;0;745;741;737;730;721;710;696;682;668;655;648;641;635;628;622;614;607;600;591;580;570;559;546;534;523;512;499;488;479;474;470;1;1;1;1;1;1;1;1;1;1;1;1;1;1;1;1;1;1;1;1;1;1;1;1;1;1;1;1;1;1;1
15400000;2;01/06/1994;;1;1;1069;749;895;5;30;1;1;1;0;0;1037;1028;1037;1061;1069;1058;1037;1011;986;966;945;925;907;892;882;876;875;869;856;835;816;798;781;767;756;752;765;767;759;749;;1;1;1;1;1;1;1;1;1;1;1;1;1;1;1;1;1;1;1;1;1;1;1;1;1;1;1;1;1;1;
15400000;1;01/06/1994;07:00;0;1;1070;747;895;5;30;1;1;1;941;1;1039;1029;1031;1056;1070;1062;1044;1017;991;971;950;928;910;894;884;876;875;873;859;840;821;803;786;769;757;751;763;769;762;750;;1;1;1;1;1;1;1;1;1;1;1;1;1;1;1;1;1;1;1;1;1;1;1;1;1;1;1;1;1;1;0
15400000;1;01/06/1994;17:00;0;1;1070;747;895;5;30;1;1;1;941;1;1034;1026;1043;1065;1067;1054;1029;1004;981;961;940;921;904;889;880;876;875;865;852;830;810;793;776;764;754;753;767;765;756;747;;1;1;1;1;1;1;1;1;1;1;1;1;1;1;1;1;1;1;1;1;1;1;1;1;1;1;1;1;1;1;0
15400000;1;01/06/1994;;1;1;1069;749;895;5;30;1;1;1;0;0;1037;1028;1037;1061;1069;1058;1037;1011;986;966;945;925;907;892;882;876;875;869;856;835;816;798;781;767;756;752;765;767;759;749;;1;1;1;1;1;1;1;1;1;1;1;1;1;1;1;1;1;1;1;1;1;1;1;1;1;1;1;1;1;1;
15400000;2;01/05/1994;;1;1;1416;1050;1264;1;31;1;1;1;0;0;1416;1398;1389;1393;1399;1397;1389;1379;1370;1352;1329;1305;1286;1270;1260;1261;1276;1291;1289;1272;1246;1220;1193;1168;1142;1122;1104;1089;1075;1062;1050;1;1;1;1;1;1;1;1;1;1;1;1;1;1;1;1;1;1;1;1;1;1;1;1;1;1;1;1;1;1;1
15400000;1;01/05/1994;07:00;0;1;1420;1047;1264;1;31;1;1;1;941;1;1420;1400;1391;1393;1398;1399;1392;1380;1374;1356;1334;1310;1290;1273;1263;1258;1273;1289;1291;1275;1252;1224;1199;1173;1147;1126;1108;1092;1077;1064;1053;1;1;1;1;1;1;1;1;1;1;1;1;1;1;1;1;1;1;1;1;1;1;1;1;1;1;1;1;1;1;1
15400000;1;01/05/1994;17:00;0;1;1420;1047;1264;1;31;1;1;1;941;1;1412;1396;1387;1393;1399;1395;1386;1378;1365;1347;1324;1299;1282;1267;1257;1264;1279;1292;1287;1268;1240;1215;1187;1163;1136;1117;1100;1086;1072;1060;1047;1;1;1;1;1;1;1;1;1;1;1;1;1;1;1;1;1;1;1;1;1;1;1;1;1;1;1;1;1;1;1
15400000;1;01/05/1994;;1;1;1416;1050;1264;1;31;1;1;1;0;0;1416;1398;1389;1393;1399;1397;1389;1379;1370;1352;1329;1305;1286;1270;1260;1261;1276;1291;1289;1272;1246;1220;1193;1168;1142;1122;1104;1089;1075;1062;1050;1;1;1;1;1;1;1;1;1;1;1;1;1;1;1;1;1;1;1;1;1;1;1;1;1;1;1;1;1;1;1
15400000;2;01/04/1994;;1;1;1525;1418;1474;20;4;1;1;1;0;0;1449;1438;1425;1418;1420;1431;1440;1453;1458;1454;1452;1463;1484;1498;1499;1505;1513;1518;1523;1525;1524;1518;1511;1507;1500;1488;1471;1453;1443;1433;;1;1;1;1;1;1;1;1;1;1;1;1;1;1;1;1;1;1;1;1;1;1;1;1;1;1;1;1;1;1;
15400000;1;01/04/1994;07:00;0;1;1525;1417;1474;19;4;1;1;1;941;1;1451;1441;1427;1418;1419;1429;1438;1450;1458;1456;1452;1460;1480;1498;1498;1502;1512;1517;1521;1525;1524;1520;1512;1508;1502;1490;1475;1455;1445;1435;;1;1;1;1;1;1;1;1;1;1;1;1;1;1;1;1;1;1;1;1;1;1;1;1;1;1;1;1;1;1;0
15400000;1;01/04/1994;17:00;0;1;1525;1417;1474;19;4;1;1;1;941;1;1447;1434;1423;1417;1421;1433;1442;1455;1457;1452;1452;1466;1487;1498;1500;1507;1513;1518;1525;1524;1524;1515;1510;1505;1497;1486;1467;1450;1440;1430;;1;1;1;1;1;1;1;1;1;1;1;1;1;1;1;1;1;1;1;1;1;1;1;1;1;1;1;1;1;1;0
15400000;1;01/04/1994;;1;1;1525;1418;1474;20;4;1;1;1;0;0;1449;1438;1425;1418;1420;1431;1440;1453;1458;1454;1452;1463;1484;1498;1499;1505;1513;1518;1523;1525;1524;1518;1511;1507;1500;1488;1471;1453;1443;1433;;1;1;1;1;1;1;1;1;1;1;1;1;1;1;1;1;1;1;1;1;1;1;1;1;1;1;1;1;1;1;
15400000;2;01/03/1994;;1;1;1544;1368;1469;4;22;1;1;1;0;0;1535;1536;1539;1544;1544;1544;1543;1542;1538;1531;1521;1506;1491;1475;1459;1443;1424;1407;1399;1391;1379;1368;1369;1390;1416;1432;1444;1448;1456;1457;1457;1;1;1;1;1;1;1;1;1;1;1;1;1;1;1;1;1;1;1;1;1;1;1;1;1;1;1;1;1;1;1
15400000;1;01/03/1994;07:00;0;1;1544;1366;1468;4;22;1;1;1;941;1;1534;1535;1539;1543;1544;1544;1543;1543;1539;1532;1523;1512;1496;1478;1462;1446;1428;1410;1398;1396;1382;1369;1368;1384;1411;1430;1443;1447;1455;1457;1457;1;1;1;1;1;1;1;1;1;1;1;1;1;1;1;1;1;1;1;1;1;1;1;1;1;1;1;1;1;1;1
15400000;1;01/03/1994;17:00;0;1;1544;1366;1468;4;22;1;1;1;941;1;1535;1536;1539;1544;1544;1544;1542;1541;1537;1529;1518;1500;1486;1471;1455;1439;1420;1403;1400;1386;1376;1366;1370;1396;1420;1434;1445;1449;1456;1456;1457;1;1;1;1;1;1;1;1;1;1;1;1;1;1;1;1;1;1;1;1;1;1;1;1;1;1;1;1;1;1;1
15400000;1;01/03/1994;;1;1;1544;1368;1469;4;22;1;1;1;0;0;1535;1536;1539;1544;1544;1544;1543;1542;1538;1531;1521;1506;1491;1475;1459;1443;1424;1407;1399;1391;1379;1368;1369;1390;1416;1432;1444;1448;1456;1457;1457;1;1;1;1;1;1;1;1;1;1;1;1;1;1;1;1;1;1;1;1;1;1;1;1;1;1;1;1;1;1;1
15400000;2;01/02/1994;;1;1;1530;1340;1444;28;1;1;1;1;0;0;1340;1366;1387;1402;1405;1403;1404;1408;1410;1406;1406;1411;1417;1427;1447;1455;1465;1474;1476;1478;1481;1484;1495;1499;1506;1517;1527;1530;;;;1;1;1;1;1;1;1;1;1;1;1;1;1;1;1;1;1;1;1;1;1;1;1;1;1;1;1;1;;;
15400000;1;01/02/1994;17:00;0;1;1531;1334;1444;28;1;1;1;1;941;1;1346;1372;1391;1403;1404;1403;1405;1408;1410;1405;1406;1410;1418;1428;1448;1458;1467;1474;1477;1479;1482;1485;1497;1500;1505;1519;1527;1531;;;;1;1;1;1;1;1;1;1;1;1;1;1;1;1;1;1;1;1;1;1;1;1;1;1;1;1;1;1;0;0;0
15400000;1;01/02/1994;07:00;0;1;1531;1334;1444;28;1;1;1;1;941;1;1334;1359;1382;1400;1406;1403;1403;1407;1410;1407;1406;1411;1416;1425;1446;1452;1463;1473;1475;1477;1480;1483;1493;1498;1506;1514;1527;1529;;;;1;1;1;1;1;1;1;1;1;1;1;1;1;1;1;1;1;1;1;1;1;1;1;1;1;1;1;1;0;0;0
15400000;1;01/02/1994;;1;1;1530;1340;1444;28;1;1;1;1;0;0;1340;1366;1387;1402;1405;1403;1404;1408;1410;1406;1406;1411;1417;1427;1447;1455;1465;1474;1476;1478;1481;1484;1495;1499;1506;1517;1527;1530;;;;1;1;1;1;1;1;1;1;1;1;1;1;1;1;1;1;1;1;1;1;1;1;1;1;1;1;1;1;;;
15400000;2;01/01/1994;;1;1;1309;1204;1253;31;1;1;1;1;0;0;1204;1207;1208;1218;1231;1242;1251;1262;1268;1277;1286;1281;1270;1273;1279;1283;1277;1258;1240;1222;1219;1226;1226;1229;1242;1259;1266;1271;1274;1285;1309;1;1;1;1;1;1;1;1;1;1;1;1;1;1;1;1;1;1;1;1;1;1;1;1;1;1;1;1;1;1;1
15400000;1;01/01/1994;07:00;0;1;1317;1203;1253;31;1;1;1;1;941;1;1203;1207;1206;1214;1228;1240;1248;1260;1265;1272;1286;1283;1270;1271;1277;1283;1279;1263;1244;1226;1217;1226;1226;1227;1239;1260;1265;1270;1274;1282;1300;1;1;1;1;1;1;1;1;1;1;1;1;1;1;1;1;1;1;1;1;1;1;1;1;1;1;1;1;1;1;1
15400000;1;01/01/1994;17:00;0;1;1317;1203;1253;31;1;1;1;1;941;1;1204;1207;1210;1221;1234;1243;1254;1263;1270;1281;1286;1278;1269;1275;1280;1283;1274;1253;1236;1218;1220;1226;1226;1230;1245;1258;1267;1272;1274;1287;1317;1;1;1;1;1;1;1;1;1;1;1;1;1;1;1;1;1;1;1;1;1;1;1;1;1;1;1;1;1;1;1
15400000;1;01/01/1994;;1;1;1309;1204;1253;31;1;1;1;1;0;0;1204;1207;1208;1218;1231;1242;1251;1262;1268;1277;1286;1281;1270;1273;1279;1283;1277;1258;1240;1222;1219;1226;1226;1229;1242;1259;1266;1271;1274;1285;1309;1;1;1;1;1;1;1;1;1;1;1;1;1;1;1;1;1;1;1;1;1;1;1;1;1;1;1;1;1;1;1
15400000;2;01/12/1993;;1;1;1222;894;1054;26;1;1;1;1;0;0;894;898;915;928;934;926;910;916;933;947;962;972;980;989;1001;1017;1054;1085;1101;1110;1138;1170;1195;1211;1216;1222;1222;1215;1205;1200;1203;1;1;1;1;1;1;1;1;1;1;1;1;1;1;1;1;1;1;1;1;1;1;1;1;1;1;1;1;1;1;1
15400000;1;01/12/1993;07:00;0;1;1223;892;1054;26;1;1;1;1;1077;1;895;895;910;922;935;928;913;913;928;943;959;970;977;987;998;1010;1043;1079;1100;1105;1128;1163;1192;1208;1213;1220;1223;1216;1207;1201;1203;1;1;1;1;1;1;1;1;1;1;1;1;1;1;1;1;1;1;1;1;1;1;1;1;1;1;1;1;1;1;1
15400000;1;01/12/1993;17:00;0;1;1223;892;1054;26;1;1;1;1;1077;1;892;901;919;934;933;923;906;919;937;950;965;973;983;991;1003;1023;1065;1091;1102;1114;1147;1176;1198;1213;1218;1223;1221;1213;1202;1199;1203;1;1;1;1;1;1;1;1;1;1;1;1;1;1;1;1;1;1;1;1;1;1;1;1;1;1;1;1;1;1;1
15400000;1;01/12/1993;;1;1;1222;894;1054;26;1;1;1;1;0;0;894;898;915;928;934;926;910;916;933;947;962;972;980;989;1001;1017;1054;1085;1101;1110;1138;1170;1195;1211;1216;1222;1222;1215;1205;1200;1203;1;1;1;1;1;1;1;1;1;1;1;1;1;1;1;1;1;1;1;1;1;1;1;1;1;1;1;1;1;1;1
15400000;2;01/11/1993;;1;1;989;530;778;25;1;1;1;1;0;0;530;535;547;568;595;635;702;753;787;788;767;740;722;726;749;763;771;771;777;804;839;892;953;986;989;971;944;919;908;902;;1;1;1;1;1;1;1;1;1;1;1;1;1;1;1;1;1;1;1;1;1;1;1;1;1;1;1;1;1;1;
15400000;1;01/11/1993;07:00;0;1;991;529;778;24;1;1;1;1;1077;1;529;532;542;562;591;610;690;743;783;790;773;746;725;723;743;761;771;771;773;796;831;878;947;981;991;977;950;923;910;904;;1;1;1;1;1;1;1;1;1;1;1;1;1;1;1;1;1;1;1;1;1;1;1;1;1;1;1;1;1;1;0
15400000;1;01/11/1993;17:00;0;1;991;529;778;24;1;1;1;1;1077;1;530;537;551;574;598;659;713;763;790;786;760;733;719;729;754;765;770;771;780;811;847;905;959;991;987;965;938;914;906;900;;1;1;1;1;1;1;1;1;1;1;1;1;1;1;1;1;1;1;1;1;1;1;1;1;1;1;1;1;1;1;0
15400000;1;01/11/1993;;1;1;989;530;778;25;1;1;1;1;0;0;530;535;547;568;595;635;702;753;787;788;767;740;722;726;749;763;771;771;777;804;839;892;953;986;989;971;944;919;908;902;;1;1;1;1;1;1;1;1;1;1;1;1;1;1;1;1;1;1;1;1;1;1;1;1;1;1;1;1;1;1;
15400000;2;01/10/1993;;1;1;555;452;498;16;1;1;1;1;0;0;452;458;473;480;479;474;471;473;478;479;476;473;485;520;548;555;544;528;512;498;490;481;479;481;494;511;528;536;536;530;527;1;1;1;1;1;1;1;1;1;1;1;1;1;1;1;1;1;1;1;1;1;1;1;1;1;1;1;1;1;1;1
15400000;1;01/10/1993;07:00;0;1;556;450;498;16;1;1;1;1;1077;1;450;455;470;479;480;475;471;472;476;479;477;473;479;512;546;556;547;531;515;502;492;482;478;480;492;510;524;536;537;531;527;1;1;1;1;1;1;1;1;1;1;1;1;1;1;1;1;1;1;1;1;1;1;1;1;1;1;1;1;1;1;1
15400000;1;01/10/1993;17:00;0;1;556;450;498;16;1;1;1;1;1077;1;453;460;475;481;477;473;470;474;480;479;475;472;490;527;550;553;540;524;509;494;487;479;479;482;496;511;531;536;534;529;527;1;1;1;1;1;1;1;1;1;1;1;1;1;1;1;1;1;1;1;1;1;1;1;1;1;1;1;1;1;1;1
15400000;1;01/10/1993;;1;1;555;452;498;16;1;1;1;1;0;0;452;458;473;480;479;474;471;473;478;479;476;473;485;520;548;555;544;528;512;498;490;481;479;481;494;511;528;536;536;530;527;1;1;1;1;1;1;1;1;1;1;1;1;1;1;1;1;1;1;1;1;1;1;1;1;1;1;1;1;1;1;1
15400000;2;01/09/1993;;1;1;585;452;507;1;30;1;1;1;0;0;585;574;556;536;518;503;494;502;529;553;559;555;544;530;517;505;497;495;492;490;487;485;483;477;471;464;459;456;454;452;;1;1;1;1;1;1;1;1;1;1;1;1;1;1;1;1;1;1;1;1;1;1;1;1;1;1;1;1;1;1;
15400000;1;01/09/1993;07:00;0;1;585;451;507;1;30;1;1;1;1077;1;585;577;560;540;521;506;495;497;521;549;559;556;547;533;520;507;498;495;493;491;487;485;483;479;473;466;459;456;454;452;;1;1;1;1;1;1;1;1;1;1;1;1;1;1;1;1;1;1;1;1;1;1;1;1;1;1;1;1;1;1;0
15400000;1;01/09/1993;17:00;0;1;585;451;507;1;30;1;1;1;1077;1;584;570;551;532;515;500;493;507;536;556;559;553;540;526;513;503;496;494;491;488;486;484;482;475;469;462;458;455;453;451;;1;1;1;1;1;1;1;1;1;1;1;1;1;1;1;1;1;1;1;1;1;1;1;1;1;1;1;1;1;1;0
15400000;1;01/09/1993;;1;1;585;452;507;1;30;1;1;1;0;0;585;574;556;536;518;503;494;502;529;553;559;555;544;530;517;505;497;495;492;490;487;485;483;477;471;464;459;456;454;452;;1;1;1;1;1;1;1;1;1;1;1;1;1;1;1;1;1;1;1;1;1;1;1;1;1;1;1;1;1;1;
15400000;2;01/08/1993;;1;1;615;479;543;21;16;1;1;1;0;0;573;564;552;540;532;528;530;531;531;527;516;509;501;493;485;479;479;523;581;614;615;600;578;558;544;541;550;557;561;572;584;1;1;1;1;1;1;1;1;1;1;1;1;1;1;1;1;1;1;1;1;1;1;1;1;1;1;1;1;1;1;1
15400000;1;01/08/1993;07:00;0;1;618;476;543;21;17;1;1;1;1077;1;575;566;555;542;533;528;529;531;531;530;518;510;503;495;486;480;476;508;565;612;618;605;583;562;546;540;547;556;559;569;583;1;1;1;1;1;1;1;1;1;1;1;1;1;1;1;1;1;1;1;1;1;1;1;1;1;1;1;1;1;1;1
15400000;1;01/08/1993;17:00;0;1;618;476;543;21;17;1;1;1;1077;1;570;561;549;537;530;527;530;532;531;523;513;507;499;490;483;477;482;538;597;615;612;595;572;554;541;541;552;557;562;574;585;1;1;1;1;1;1;1;1;1;1;1;1;1;1;1;1;1;1;1;1;1;1;1;1;1;1;1;1;1;1;1
15400000;1;01/08/1993;;1;1;615;479;543;21;16;1;1;1;0;0;573;564;552;540;532;528;530;531;531;527;516;509;501;493;485;479;479;523;581;614;615;600;578;558;544;541;550;557;561;572;584;1;1;1;1;1;1;1;1;1;1;1;1;1;1;1;1;1;1;1;1;1;1;1;1;1;1;1;1;1;1;1
15400000;2;01/07/1993;;1;1;855;583;726;1;31;1;1;1;0;0;855;836;819;805;790;774;763;749;732;723;723;743;779;791;793;782;765;745;725;712;699;691;684;675;663;650;637;622;610;596;583;1;1;1;1;1;1;1;1;1;1;1;1;1;1;1;1;1;1;1;1;1;1;1;1;1;1;1;1;1;1;1
15400000;1;01/07/1993;07:00;0;1;860;581;726;1;31;1;1;1;1077;1;860;839;821;808;795;778;765;752;736;726;722;728;769;790;795;786;769;749;729;715;702;693;685;676;665;653;640;625;612;598;584;1;1;1;1;1;1;1;1;1;1;1;1;1;1;1;1;1;1;1;1;1;1;1;1;1;1;1;1;1;1;1
15400000;1;01/07/1993;17:00;0;1;860;581;726;1;31;1;1;1;1077;1;850;834;816;801;785;770;760;745;728;720;723;757;788;791;792;778;760;740;721;708;695;689;682;673;660;646;633;618;607;593;581;1;1;1;1;1;1;1;1;1;1;1;1;1;1;1;1;1;1;1;1;1;1;1;1;1;1;1;1;1;1;1
15400000;1;01/07/1993;;1;1;855;583;726;1;31;1;1;1;0;0;855;836;819;805;790;774;763;749;732;723;723;743;779;791;793;782;765;745;725;712;699;691;684;675;663;650;637;622;610;596;583;1;1;1;1;1;1;1;1;1;1;1;1;1;1;1;1;1;1;1;1;1;1;1;1;1;1;1;1;1;1;1
15400000;2;01/06/1993;;1;1;1278;868;1086;1;30;1;1;1;0;0;1278;1277;1272;1259;1243;1228;1226;1224;1211;1193;1169;1145;1123;1108;1092;1078;1065;1051;1034;1016;998;979;961;944;930;919;908;896;885;868;;1;1;1;1;1;1;1;1;1;1;1;1;1;1;1;1;1;1;1;1;1;1;1;1;1;1;1;1;1;1;
15400000;1;01/06/1993;07:00;0;1;1278;865;1086;1;30;1;1;1;1077;1;1277;1278;1273;1262;1248;1226;1226;1226;1215;1199;1174;1150;1128;1107;1096;1081;1069;1054;1037;1020;1002;983;965;947;933;921;911;898;887;870;;1;1;1;1;1;1;1;1;1;1;1;1;1;1;1;1;1;1;1;1;1;1;1;1;1;1;1;1;1;1;0
15400000;1;01/06/1993;17:00;0;1;1278;865;1086;1;30;1;1;1;1077;1;1278;1276;1270;1256;1237;1226;1222;1222;1207;1186;1164;1140;1118;1108;1088;1075;1061;1047;1030;1012;993;974;957;941;927;916;905;894;883;865;;1;1;1;1;1;1;1;1;1;1;1;1;1;1;1;1;1;1;1;1;1;1;1;1;1;1;1;1;1;1;0
15400000;1;01/06/1993;;1;1;1278;868;1086;1;30;1;1;1;0;0;1278;1277;1272;1259;1243;1228;1226;1224;1211;1193;1169;1145;1123;1108;1092;1078;1065;1051;1034;1016;998;979;961;944;930;919;908;896;885;868;;1;1;1;1;1;1;1;1;1;1;1;1;1;1;1;1;1;1;1;1;1;1;1;1;1;1;1;1;1;1;
15400000;2;01/05/1993;;1;1;1628;1267;1445;1;30;1;1;1;0;0;1628;1608;1589;1576;1567;1557;1544;1529;1507;1487;1471;1462;1456;1452;1445;1430;1417;1413;1435;1451;1453;1438;1412;1379;1350;1326;1305;1285;1273;1267;1272;1;1;1;1;1;1;1;1;1;1;1;1;1;1;1;1;1;1;1;1;1;1;1;1;1;1;1;1;1;1;1
15400000;1;01/05/1993;07:00;0;1;1632;1267;1444;1;30;1;1;1;1077;1;1632;1616;1592;1578;1569;1560;1548;1532;1512;1490;1475;1464;1456;1453;1447;1432;1419;1410;1429;1448;1455;1443;1416;1384;1357;1332;1310;1290;1275;1267;1271;1;1;1;1;1;1;1;1;1;1;1;1;1;1;1;1;1;1;1;1;1;1;1;1;1;1;1;1;1;1;1
15400000;1;01/05/1993;17:00;0;1;1632;1267;1444;1;30;1;1;1;1077;1;1624;1600;1585;1573;1564;1554;1539;1526;1502;1484;1467;1460;1455;1450;1443;1427;1415;1416;1440;1453;1450;1433;1408;1374;1342;1320;1300;1280;1271;1267;1273;1;1;1;1;1;1;1;1;1;1;1;1;1;1;1;1;1;1;1;1;1;1;1;1;1;1;1;1;1;1;1
15400000;1;01/05/1993;;1;1;1628;1267;1445;1;30;1;1;1;0;0;1628;1608;1589;1576;1567;1557;1544;1529;1507;1487;1471;1462;1456;1452;1445;1430;1417;1413;1435;1451;1453;1438;1412;1379;1350;1326;1305;1285;1273;1267;1272;1;1;1;1;1;1;1;1;1;1;1;1;1;1;1;1;1;1;1;1;1;1;1;1;1;1;1;1;1;1;1
15400000;2;01/04/1993;;1;1;1684;1643;1661;18;13;2;2;2;0;0;1660;1660;1654;1654;1652;1650;1650;1650;1650;1650;1647;1644;1643;1653;1668;1678;1681;1684;1678;1672;1672;1672;1672;1671;1670;1668;1662;1656;1652;1643;;1;1;1;1;1;1;1;1;1;1;1;1;1;1;1;1;1;1;2;1;1;1;1;1;1;1;1;1;1;1;
15400000;1;01/04/1993;07:00;0;1;1684;1616;1659;18;19;1;1;1;1077;1;1660;1660;1650;1654;1652;1650;1650;1650;1650;1650;1648;1644;1646;1650;1666;1677;1680;1684;1681;1672;1672;1672;1672;1671;1670;1670;1662;1660;1654;1646;;1;1;1;1;1;1;1;1;1;1;1;1;1;1;1;1;1;1;1;1;1;1;1;1;1;1;1;1;1;1;0
15400000;1;01/04/1993;17:00;0;1;1684;1616;1659;18;19;1;1;1;1077;1;1660;1660;1658;1654;1652;1650;1650;1650;1650;1650;1646;1644;1640;1655;1670;1678;1682;1684;1616;1672;1672;1672;1672;1671;1670;1665;1662;1652;1650;1640;;1;1;1;1;1;1;1;1;1;1;1;1;1;1;1;1;1;1;1;1;1;1;1;1;1;1;1;1;1;1;0
15400000;1;01/04/1993;;1;1;1684;1643;1660;18;13;1;1;1;0;0;1660;1660;1654;1654;1652;1650;1650;1650;1650;1650;1647;1644;1643;1653;1668;1678;1681;1684;1649;1672;1672;1672;1672;1671;1670;1668;1662;1656;1652;1643;;1;1;1;1;1;1;1;1;1;1;1;1;1;1;1;1;1;1;1;1;1;1;1;1;1;1;1;1;1;1;
15400000;2;01/03/1993;;1;1;1681;1618;1646;17;4;1;1;1;0;0;1624;1622;1620;1618;1619;1622;1626;1630;1637;1642;1648;1654;1659;1668;1673;1679;1681;1679;1672;1663;1653;1648;1638;1632;1631;1631;1637;1643;1648;1655;1660;1;1;1;1;1;1;1;1;1;1;1;1;1;1;1;1;1;1;1;1;1;1;1;1;1;1;1;1;1;1;1
15400000;1;01/03/1993;07:00;0;1;1682;1618;1646;17;4;1;1;1;1077;1;1624;1621;1621;1618;1618;1620;1625;1630;1636;1642;1650;1654;1660;1667;1672;1678;1682;1679;1674;1670;1665;1648;1640;1636;1631;1631;1636;1642;1650;1646;1660;1;1;1;1;1;1;1;1;1;1;1;1;1;1;1;1;1;1;1;1;1;1;1;1;1;1;1;1;1;1;1
15400000;1;01/03/1993;17:00;0;1;1682;1618;1646;17;4;1;1;1;1077;1;1624;1621;1620;1618;1619;1621;1627;1632;1638;1646;1652;1657;1665;1670;1675;1680;1682;1677;1672;1667;1660;1645;1638;1633;1631;1631;1640;1646;1650;1648;1660;1;1;1;1;1;1;1;1;1;1;1;1;1;1;1;1;1;1;1;1;1;1;1;1;1;1;1;1;1;1;1
15400000;1;01/03/1993;;1;1;1681;1618;1646;17;4;1;1;1;0;0;1624;1622;1620;1618;1619;1622;1626;1630;1637;1642;1648;1654;1659;1668;1673;1679;1681;1679;1672;1663;1653;1648;1638;1632;1631;1631;1637;1643;1648;1655;1660;1;1;1;1;1;1;1;1;1;1;1;1;1;1;1;1;1;1;1;1;1;1;1;1;1;1;1;1;1;1;1
15400000;2;01/02/1993;;1;1;1625;1503;1581;27;1;1;1;1;0;0;1503;1509;1524;1534;1540;1546;1551;1556;1563;1573;1580;1582;1586;1588;1593;1593;1593;1598;1601;1604;1610;1615;1619;1621;1621;1622;1625;1624;;;;1;1;1;1;1;1;1;1;1;1;1;1;1;1;1;1;1;1;1;1;1;1;1;1;1;1;1;1;;;
15400000;1;01/02/1993;07:00;0;1;1624;1501;1582;24;1;1;1;1;1077;1;1501;1506;1521;1532;1537;1538;1544;1558;1563;1573;1580;1583;1587;1589;1593;1593;1593;1597;1601;1604;1612;1616;1620;1624;1624;1624;1624;1624;;;;1;1;1;1;1;1;1;1;1;1;1;1;1;1;1;1;1;1;1;1;1;1;1;1;1;1;1;1;0;0;0
15400000;1;01/02/1993;17:00;0;1;1624;1501;1582;24;1;1;1;1;1077;1;1504;1512;1527;1535;1537;1540;1550;1560;1565;1575;1582;1585;1589;1590;1593;1593;1595;1599;1602;1603;1615;1618;1621;1624;1624;1624;1624;1624;;;;1;1;1;1;1;1;1;1;1;1;1;1;1;1;1;1;1;1;1;1;1;1;1;1;1;1;1;1;0;0;0
15400000;1;01/02/1993;;1;1;1625;1503;1581;27;1;1;1;1;0;0;1503;1509;1524;1534;1540;1546;1551;1556;1563;1573;1580;1582;1586;1588;1593;1593;1593;1598;1601;1604;1610;1615;1619;1621;1621;1622;1625;1624;;;;1;1;1;1;1;1;1;1;1;1;1;1;1;1;1;1;1;1;1;1;1;1;1;1;1;1;1;1;;;
15400000;2;01/01/1993;;1;1;1502;1280;1400;31;1;1;1;1;0;0;1280;1287;1297;1314;1323;1330;1340;1348;1364;1382;1396;1406;1414;1420;1425;1419;1415;1413;1409;1408;1411;1417;1424;1434;1443;1457;1467;1474;1481;1491;1502;1;1;1;1;1;1;1;1;1;1;1;1;1;1;1;1;1;1;1;1;1;1;1;1;1;1;1;1;1;1;1
15400000;1;01/01/1993;07:00;0;1;1498;1267;1399;31;1;1;1;1;1077;1;1267;1284;1297;1310;1320;1330;1342;1350;1366;1377;1394;1403;1407;1416;1428;1420;1413;1412;1408;1410;1410;1412;1419;1428;1444;1454;1466;1472;1480;1487;1494;1;1;1;1;1;1;1;1;1;1;1;1;1;1;1;1;1;1;1;1;1;1;1;1;1;1;1;1;1;1;1
15400000;1;01/01/1993;17:00;0;1;1498;1267;1399;31;1;1;1;1;1077;1;1280;1291;1300;1315;1305;1334;1347;1361;1373;1386;1397;1404;1410;1421;1424;1418;1415;1409;1408;1410;1412;1415;1422;1435;1448;1460;1468;1476;1483;1490;1498;1;1;1;1;1;1;1;1;1;1;1;1;1;1;1;1;1;1;1;1;1;1;1;1;1;1;1;1;1;1;1
15400000;1;01/01/1993;;1;1;1502;1280;1400;31;1;1;1;1;0;0;1280;1287;1297;1314;1323;1330;1340;1348;1364;1382;1396;1406;1414;1420;1425;1419;1415;1413;1409;1408;1411;1417;1424;1434;1443;1457;1467;1474;1481;1491;1502;1;1;1;1;1;1;1;1;1;1;1;1;1;1;1;1;1;1;1;1;1;1;1;1;1;1;1;1;1;1;1
15400000;2;01/12/1992;;1;1;1269;1084;1180;31;1;1;1;1;0;0;1084;1103;1112;1110;1102;1090;1098;1124;1149;1166;1182;1194;1204;1214;1230;1244;1248;1244;1236;1212;1195;1185;1177;1186;1194;1194;1188;1188;1205;1238;1269;1;1;1;1;1;1;1;1;1;1;1;1;1;1;1;1;1;1;1;1;1;1;1;1;1;1;1;1;1;1;1
15400000;1;01/12/1992;07:00;0;1;1272;1082;1180;31;1;0;0;0;1188;1;1082;1100;1110;1110;1104;1090;1094;1117;1142;1163;1179;1191;1202;1212;1226;1243;1249;1246;1239;1216;1198;1187;1176;1183;1194;1195;1188;1187;1200;1231;1266;;;;;;;;;;;;;;;;;;;;;;;;;;;;;;;
15400000;1;01/12/1992;17:00;0;1;1272;1082;1180;31;1;0;0;0;1188;1;1085;1106;1114;1110;1100;1090;1102;1132;1156;1169;1184;1198;1207;1216;1233;1245;1247;1243;1234;1208;1192;1183;1178;1190;1195;1193;1188;1189;1210;1244;1272;;;;;;;;;;;;;;;;;;;;;;;;;;;;;;;
15400000;1;01/12/1992;;1;1;1269;1084;1180;31;1;1;1;1;0;0;1084;1103;1112;1110;1102;1090;1098;1124;1149;1166;1182;1194;1204;1214;1230;1244;1248;1244;1236;1212;1195;1185;1177;1186;1194;1194;1188;1188;1205;1238;1269;;;;;;;;;;;;;;;;;;;;;;;;;;;;;;;
15400000;2;01/11/1992;;1;1;1072;830;905;30;4;1;1;1;0;0;847;842;832;830;844;872;911;923;918;925;949;959;949;926;905;891;879;868;856;845;845;855;868;890;906;933;958;1004;1052;1072;;1;1;1;1;1;1;1;1;1;1;1;1;1;1;1;1;1;1;1;1;1;1;1;1;1;1;1;1;1;1;
15400000;1;01/11/1992;07:00;0;1;1075;826;905;30;4;0;0;0;1188;1;848;844;834;826;841;857;905;924;917;920;944;959;954;932;908;895;882;872;858;846;844;852;863;886;900;927;951;991;1042;1070;;;;;;;;;;;;;;;;;;;;;;;;;;;;;;;;0
15400000;1;01/11/1992;17:00;0;1;1075;826;905;30;4;0;0;0;1188;1;846;840;829;835;848;887;917;922;919;930;954;958;944;919;902;887;876;864;854;844;846;858;873;894;913;939;965;1017;1061;1075;;;;;;;;;;;;;;;;;;;;;;;;;;;;;;;;0
15400000;1;01/11/1992;;1;1;1072;830;905;30;4;1;1;1;0;0;847;842;832;830;844;872;911;923;918;925;949;959;949;926;905;891;879;868;856;845;845;855;868;890;906;933;958;1004;1052;1072;;;;;;;;;;;;;;;;;;;;;;;;;;;;;;;;
15400000;2;01/10/1992;;1;1;990;829;908;3;26;1;1;1;0;0;884;951;990;986;960;939;933;935;941;948;954;958;949;938;931;922;914;911;918;915;900;883;864;846;834;829;830;832;843;848;849;1;1;1;1;1;1;1;1;1;1;1;1;1;1;1;1;1;1;1;1;1;1;1;1;1;1;1;1;1;1;1
15400000;1;01/10/1992;07:00;0;1;994;827;908;3;28;0;0;0;1188;1;872;935;987;990;967;946;932;934;939;946;953;959;952;939;932;925;915;910;917;917;904;888;869;849;835;830;830;827;842;848;850;;;;;;;;;;;;;;;;;;;;;;;;;;;;;;;
15400000;1;01/10/1992;17:00;0;1;994;827;908;3;28;0;0;0;1188;1;896;966;994;981;954;932;934;936;944;950;955;957;946;936;930;920;912;912;918;914;896;878;858;842;832;828;829;837;843;848;849;;;;;;;;;;;;;;;;;;;;;;;;;;;;;;;
15400000;1;01/10/1992;;1;1;990;829;908;3;26;1;1;1;0;0;884;951;990;986;960;939;933;935;941;948;954;958;949;938;931;922;914;911;918;915;900;883;864;846;834;829;830;832;843;848;849;;;;;;;;;;;;;;;;;;;;;;;;;;;;;;;
15400000;2;01/09/1992;;1;1;936;650;783;22;6;1;1;1;0;0;750;724;704;684;665;650;654;702;750;760;745;720;697;688;683;684;692;740;838;906;927;936;933;926;918;911;898;882;867;859;;1;1;1;1;1;1;1;1;1;1;1;1;1;1;1;1;1;1;1;1;1;1;1;1;1;1;1;1;1;1;
15400000;1;01/09/1992;07:00;0;1;936;648;783;22;6;0;0;0;1188;1;758;730;708;689;670;652;649;688;744;761;750;726;702;690;683;684;683;717;820;901;924;936;934;929;920;913;901;885;870;860;;;;;;;;;;;;;;;;;;;;;;;;;;;;;;;;0
15400000;1;01/09/1992;17:00;0;1;936;648;783;22;6;0;0;0;1188;1;742;718;700;680;660;648;660;717;756;760;740;715;692;685;683;684;700;762;856;911;930;935;932;924;917;909;894;878;864;858;;;;;;;;;;;;;;;;;;;;;;;;;;;;;;;;0
15400000;1;01/09/1992;;1;1;936;650;783;22;6;1;1;1;0;0;750;724;704;684;665;650;654;702;750;760;745;720;697;688;683;684;692;740;838;906;927;936;933;926;918;911;898;882;867;859;;;;;;;;;;;;;;;;;;;;;;;;;;;;;;;;
15400000;2;01/08/1992;;1;1;884;491;678;1;24;1;1;1;0;0;884;865;844;823;802;780;760;735;714;694;678;660;642;624;606;588;570;556;543;528;518;508;499;491;492;591;757;833;836;809;779;1;1;1;1;1;1;1;1;1;1;1;1;1;1;1;1;1;1;1;1;1;1;1;1;1;1;1;1;1;1;1
15400000;1;01/08/1992;07:00;0;1;889;488;678;1;25;0;0;0;1188;1;889;869;850;829;807;785;765;740;718;698;680;664;648;630;611;591;574;559;546;530;520;510;500;492;488;550;730;828;840;815;786;;;;;;;;;;;;;;;;;;;;;;;;;;;;;;;
15400000;1;01/08/1992;17:00;0;1;889;488;678;1;25;0;0;0;1188;1;879;862;839;817;796;775;754;730;710;690;676;656;637;617;601;585;566;554;540;526;516;506;498;490;496;632;784;838;832;803;772;;;;;;;;;;;;;;;;;;;;;;;;;;;;;;;
15400000;1;01/08/1992;;1;1;884;491;678;1;24;1;1;1;0;0;884;865;844;823;802;780;760;735;714;694;678;660;642;624;606;588;570;556;543;528;518;508;499;491;492;591;757;833;836;809;779;;;;;;;;;;;;;;;;;;;;;;;;;;;;;;;
15400000;2;01/07/1992;;1;1;1250;902;1089;7;31;1;1;1;0;0;1153;1148;1146;1165;1198;1230;1250;1242;1220;1190;1168;1154;1146;1138;1119;1102;1081;1062;1045;1030;1022;1022;1023;1016;1004;988;972;955;938;920;902;1;1;1;1;1;1;1;1;1;1;1;1;1;1;1;1;1;1;1;1;1;1;1;1;1;1;1;1;1;1;1
15400000;1;01/07/1992;07:00;0;1;1251;898;1089;7;31;0;0;0;1188;1;1155;1149;1145;1159;1192;1225;1250;1245;1225;1196;1171;1155;1149;1142;1124;1105;1086;1067;1048;1034;1024;1021;1024;1019;1007;992;976;959;940;925;907;;;;;;;;;;;;;;;;;;;;;;;;;;;;;;;
15400000;1;01/07/1992;17:00;0;1;1251;898;1089;7;31;0;0;0;1188;1;1151;1148;1148;1171;1205;1235;1251;1239;1214;1185;1164;1152;1144;1134;1114;1098;1076;1058;1042;1025;1021;1022;1022;1013;1002;985;967;951;936;915;898;;;;;;;;;;;;;;;;;;;;;;;;;;;;;;;
15400000;1;01/07/1992;;1;1;1250;902;1089;7;31;1;1;1;0;0;1153;1148;1146;1165;1198;1230;1250;1242;1220;1190;1168;1154;1146;1138;1119;1102;1081;1062;1045;1030;1022;1022;1023;1016;1004;988;972;955;938;920;902;;;;;;;;;;;;;;;;;;;;;;;;;;;;;;;
15400000;2;01/06/1992;;1;1;1319;1156;1233;6;28;1;1;1;0;0;1277;1266;1265;1285;1312;1319;1312;1299;1281;1267;1258;1250;1252;1254;1255;1252;1244;1232;1215;1199;1188;1183;1182;1180;1173;1166;1160;1156;1158;1158;;1;1;1;1;1;1;1;1;1;1;1;1;1;1;1;1;1;1;1;1;1;1;1;1;1;1;1;1;1;1;
15400000;1;01/06/1992;07:00;0;1;1320;1155;1233;6;28;0;0;0;1188;1;1280;1267;1260;1280;1308;1320;1315;1304;1284;1270;1260;1250;1251;1253;1256;1253;1246;1237;1220;1202;1190;1183;1183;1180;1174;1167;1161;1156;1157;1159;;;;;;;;;;;;;;;;;;;;;;;;;;;;;;;;0
15400000;1;01/06/1992;17:00;0;1;1320;1155;1233;6;28;0;0;0;1188;1;1274;1264;1270;1290;1316;1318;1310;1294;1278;1264;1257;1249;1252;1256;1254;1251;1242;1228;1210;1196;1187;1183;1182;1180;1172;1164;1158;1155;1159;1157;;;;;;;;;;;;;;;;;;;;;;;;;;;;;;;;0
15400000;1;01/06/1992;;1;1;1319;1156;1233;6;28;1;1;1;0;0;1277;1266;1265;1285;1312;1319;1312;1299;1281;1267;1258;1250;1252;1254;1255;1252;1244;1232;1215;1199;1188;1183;1182;1180;1173;1166;1160;1156;1158;1158;;;;;;;;;;;;;;;;;;;;;;;;;;;;;;;;
15400000;2;01/05/1992;;1;1;1520;1288;1435;11;31;1;1;1;0;0;1502;1504;1501;1495;1488;1495;1502;1510;1514;1516;1520;1520;1512;1502;1482;1459;1442;1428;1415;1407;1397;1380;1367;1358;1356;1351;1344;1328;1314;1300;1288;1;1;1;1;1;1;1;1;1;1;1;1;1;1;1;1;1;1;1;1;1;1;1;1;1;1;1;1;1;1;1
15400000;1;01/05/1992;07:00;0;1;1520;1285;1435;11;31;0;0;0;1188;1;1502;1504;1502;1497;1488;1493;1498;1510;1513;1516;1520;1520;1515;1505;1487;1464;1445;1431;1415;1409;1400;1384;1370;1358;1357;1352;1347;1330;1316;1304;1290;;;;;;;;;;;;;;;;;;;;;;;;;;;;;;;
15400000;1;01/05/1992;17:00;0;1;1520;1285;1435;11;31;0;0;0;1188;1;1503;1504;1500;1493;1487;1497;1505;1510;1515;1517;1520;1519;1510;1499;1478;1454;1438;1426;1415;1405;1394;1375;1364;1357;1354;1350;1340;1325;1312;1297;1285;;;;;;;;;;;;;;;;;;;;;;;;;;;;;;;
15400000;1;01/05/1992;;1;1;1520;1288;1435;11;31;1;1;1;0;0;1502;1504;1501;1495;1488;1495;1502;1510;1514;1516;1520;1520;1512;1502;1482;1459;1442;1428;1415;1407;1397;1380;1367;1358;1356;1351;1344;1328;1314;1300;1288;;;;;;;;;;;;;;;;;;;;;;;;;;;;;;;
15400000;2;01/04/1992;;1;1;1604;1462;1528;1;24;1;1;1;0;0;1604;1602;1598;1593;1588;1583;1578;1572;1562;1551;1545;1532;1528;1526;1516;1503;1502;1518;1521;1517;1500;1480;1465;1462;1472;1475;1477;1478;1484;1497;;1;1;1;1;1;1;1;1;1;1;1;1;1;1;1;1;1;1;1;1;1;1;1;1;1;1;1;1;1;1;
15400000;1;01/04/1992;07:00;0;1;1604;1460;1528;1;24;0;0;0;1188;1;1604;1603;1600;1594;1588;1584;1580;1574;1564;1552;1546;1534;1527;1527;1520;1506;1500;1515;1522;1520;1505;1484;1466;1460;1470;1474;1478;1478;1482;1494;;;;;;;;;;;;;;;;;;;;;;;;;;;;;;;;0
15400000;1;01/04/1992;17:00;0;1;1604;1460;1528;1;24;0;0;0;1188;1;1603;1602;1597;1592;1588;1582;1577;1570;1560;1550;1544;1529;1529;1524;1512;1500;1504;1520;1520;1514;1496;1476;1464;1465;1474;1476;1476;1478;1487;1500;;;;;;;;;;;;;;;;;;;;;;;;;;;;;;;;0
15400000;1;01/04/1992;;1;1;1604;1462;1528;1;24;1;1;1;0;0;1604;1602;1598;1593;1588;1583;1578;1572;1562;1551;1545;1532;1528;1526;1516;1503;1502;1518;1521;1517;1500;1480;1465;1462;1472;1475;1477;1478;1484;1497;;;;;;;;;;;;;;;;;;;;;;;;;;;;;;;;
15400000;2;01/03/1992;;1;1;1604;1460;1558;31;1;1;1;1;0;0;1460;1474;1486;1497;1512;1522;1531;1535;1539;1541;1547;1553;1550;1554;1558;1564;1572;1576;1578;1582;1580;1584;1594;1597;1602;1602;1600;1598;1598;1600;1604;1;1;1;1;1;1;1;1;1;1;1;1;1;1;1;1;1;1;1;1;1;1;1;1;1;1;1;1;1;1;1
15400000;1;01/03/1992;07:00;0;1;1606;1459;1558;31;1;0;0;0;1188;1;1459;1469;1483;1496;1509;1521;1528;1534;1538;1540;1546;1550;1549;1553;1557;1562;1571;1574;1577;1581;1580;1582;1594;1596;1602;1603;1600;1599;1598;1599;1602;;;;;;;;;;;;;;;;;;;;;;;;;;;;;;;
15400000;1;01/03/1992;17:00;0;1;1606;1459;1558;31;1;0;0;0;1188;1;1462;1478;1490;1498;1514;1524;1534;1536;1540;1542;1548;1556;1552;1554;1560;1566;1572;1577;1579;1582;1579;1587;1594;1598;1602;1602;1600;1598;1598;1600;1606;;;;;;;;;;;;;;;;;;;;;;;;;;;;;;;
15400000;1;01/03/1992;;1;1;1604;1460;1558;31;1;1;1;1;0;0;1460;1474;1486;1497;1512;1522;1531;1535;1539;1541;1547;1553;1550;1554;1558;1564;1572;1576;1578;1582;1580;1584;1594;1597;1602;1602;1600;1598;1598;1600;1604;;;;;;;;;;;;;;;;;;;;;;;;;;;;;;;
15400000;2;01/02/1992;;1;1;1450;1231;1300;29;8;1;1;1;0;0;1322;1317;1303;1284;1264;1250;1237;1231;1260;1279;1286;1280;1275;1273;1269;1255;1243;1236;1236;1239;1263;1296;1331;1364;1388;1408;1424;1438;1450;;;1;1;1;1;1;1;1;1;1;1;1;1;1;1;1;1;1;1;1;1;1;1;1;1;1;1;1;1;1;;
15400000;1;01/02/1992;07:00;0;1;1452;1228;1300;29;8;0;0;0;1188;1;1322;1319;1308;1290;1268;1254;1240;1228;1256;1276;1287;1282;1276;1274;1271;1258;1245;1238;1235;1238;1252;1288;1325;1359;1380;1405;1422;1435;1448;;;;;;;;;;;;;;;;;;;;;;;;;;;;;;;;0;0
15400000;1;01/02/1992;17:00;0;1;1452;1228;1300;29;8;0;0;0;1188;1;1322;1315;1298;1279;1259;1246;1234;1234;1264;1282;1284;1278;1274;1272;1267;1252;1241;1234;1236;1240;1274;1303;1337;1369;1395;1412;1425;1440;1452;;;;;;;;;;;;;;;;;;;;;;;;;;;;;;;;0;0
15400000;1;01/02/1992;;1;1;1450;1231;1300;29;8;1;1;1;0;0;1322;1317;1303;1284;1264;1250;1237;1231;1260;1279;1286;1280;1275;1273;1269;1255;1243;1236;1236;1239;1263;1296;1331;1364;1388;1408;1424;1438;1450;;;;;;;;;;;;;;;;;;;;;;;;;;;;;;;;;
15400000;2;01/01/1992;;1;1;1338;1022;1254;23;1;1;1;1;0;0;1022;1072;1135;1166;1176;1182;1197;1218;1236;1243;1244;1233;1223;1222;1232;1251;1270;1288;1298;1308;1319;1331;1338;1338;1332;1331;1333;1334;1334;1330;1324;1;1;1;1;1;1;1;1;1;1;1;1;1;1;1;1;1;1;1;1;1;1;1;1;1;1;1;1;1;1;1
15400000;1;01/01/1992;07:00;0;1;1339;1010;1254;23;1;0;0;0;1188;1;1010;1057;1124;1162;1175;1179;1192;1217;1231;1242;1246;1238;1224;1222;1227;1248;1266;1285;1296;1306;1316;1328;1337;1339;1333;1330;1332;1335;1334;1332;1325;;;;;;;;;;;;;;;;;;;;;;;;;;;;;;;
15400000;1;01/01/1992;17:00;0;1;1339;1010;1254;23;1;0;0;0;1188;1;1034;1088;1146;1170;1176;1184;1202;1220;1240;1244;1242;1228;1222;1221;1236;1254;1275;1290;1300;1310;1322;1334;1339;1337;1332;1332;1334;1334;1334;1329;1322;;;;;;;;;;;;;;;;;;;;;;;;;;;;;;;
15400000;1;01/01/1992;;1;1;1338;1022;1254;23;1;1;1;1;0;0;1022;1072;1135;1166;1176;1182;1197;1218;1236;1243;1244;1233;1223;1222;1232;1251;1270;1288;1298;1308;1319;1331;1338;1338;1332;1331;1333;1334;1334;1330;1324;;;;;;;;;;;;;;;;;;;;;;;;;;;;;;;
15400000;2;01/12/1991;;1;1;1028;794;933;18;3;1;1;1;0;0;812;799;794;796;802;804;812;827;848;872;912;948;960;956;955;978;1012;1028;1022;1006;998;999;997;1001;1004;1009;1007;997;990;991;1000;1;1;1;1;1;1;1;1;1;1;1;1;1;1;1;1;1;1;1;1;1;1;1;1;1;1;1;1;1;1;1
15400000;1;01/12/1991;07:00;0;1;1028;794;934;18;3;0;0;0;983;1;816;803;794;795;802;803;810;824;844;865;902;942;960;959;950;970;1006;1028;1028;1008;998;1000;997;1000;1004;1008;1008;1000;992;990;998;;;;;;;;;;;;;;;;;;;;;;;;;;;;;;;
15400000;1;01/12/1991;17:00;0;1;1028;794;934;18;3;0;0;0;983;1;807;795;794;797;802;806;814;830;852;880;922;954;960;954;960;987;1018;1028;1016;1004;999;998;997;1002;1005;1010;1007;994;988;992;1002;;;;;;;;;;;;;;;;;;;;;;;;;;;;;;;
15400000;1;01/12/1991;;1;1;1028;794;933;18;3;1;1;1;0;0;812;799;794;796;802;804;812;827;848;872;912;948;960;956;955;978;1012;1028;1022;1006;998;999;997;1001;1004;1009;1007;997;990;991;1000;;;;;;;;;;;;;;;;;;;;;;;;;;;;;;;
15400000;2;01/11/1991;;1;1;876;443;646;22;9;1;1;1;0;0;458;451;450;448;446;445;444;446;443;443;453;488;537;578;598;626;662;713;776;822;859;876;876;874;874;875;872;862;848;830;;1;1;1;1;1;1;1;1;1;1;1;1;1;1;1;1;1;1;1;1;1;1;1;1;1;1;1;1;1;1;
15400000;1;01/11/1991;07:00;0;1;877;442;646;22;10;1;1;1;983;1;459;452;450;448;446;446;444;448;444;442;449;477;526;571;594;615;656;702;766;812;853;874;877;874;874;874;874;864;850;836;;1;1;1;1;1;1;1;1;1;1;1;1;1;1;1;1;1;1;1;1;1;1;1;1;1;1;1;1;1;1;0
15400000;1;01/11/1991;17:00;0;1;877;442;646;22;10;1;1;1;983;1;456;451;450;448;446;444;445;445;443;444;456;498;548;586;602;638;668;724;786;833;864;877;874;874;874;876;871;860;845;825;;1;1;1;1;1;1;1;1;1;1;1;1;1;1;1;1;1;1;1;1;1;1;1;1;1;1;1;1;1;1;0
15400000;1;01/11/1991;;1;1;876;443;646;22;9;1;1;1;0;0;458;451;450;448;446;445;444;446;443;443;453;488;537;578;598;626;662;713;776;822;859;876;876;874;874;875;872;862;848;830;;1;1;1;1;1;1;1;1;1;1;1;1;1;1;1;1;1;1;1;1;1;1;1;1;1;1;1;1;1;1;
15400000;2;01/10/1991;;1;1;497;320;413;18;8;1;1;1;0;0;365;358;349;341;334;326;321;320;329;361;399;412;408;402;415;454;490;497;492;483;470;460;435;419;411;420;447;467;471;468;465;1;1;1;1;1;1;1;1;1;1;1;1;1;1;1;1;1;1;1;1;1;1;1;1;1;1;1;1;1;1;1
15400000;1;01/10/1991;07:00;0;1;497;319;412;18;7;1;1;1;983;1;365;360;350;342;336;327;322;319;324;352;394;411;410;399;408;442;485;497;494;485;475;465;438;422;412;414;440;464;472;469;467;1;1;1;1;1;1;1;1;1;1;1;1;1;1;1;1;1;1;1;1;1;1;1;1;1;1;1;1;1;1;1
15400000;1;01/10/1991;17:00;0;1;497;319;412;18;7;1;1;1;983;1;364;356;347;340;332;325;319;320;334;370;404;413;405;404;422;465;494;497;489;480;465;454;431;416;409;425;454;470;470;467;462;1;1;1;1;1;1;1;1;1;1;1;1;1;1;1;1;1;1;1;1;1;1;1;1;1;1;1;1;1;1;1
15400000;1;01/10/1991;;1;1;497;320;413;18;8;1;1;1;0;0;365;358;349;341;334;326;321;320;329;361;399;412;408;402;415;454;490;497;492;483;470;460;435;419;411;420;447;467;471;468;465;1;1;1;1;1;1;1;1;1;1;1;1;1;1;1;1;1;1;1;1;1;1;1;1;1;1;1;1;1;1;1
15400000;2;01/09/1991;;1;1;397;305;348;1;16;1;1;1;0;0;397;387;377;371;372;374;376;373;363;350;346;335;326;318;312;305;305;313;328;341;348;345;339;336;340;347;354;353;357;363;;1;1;1;1;1;1;1;1;1;1;1;1;1;1;1;1;1;1;1;1;1;1;1;1;1;1;1;1;1;1;
15400000;1;01/09/1991;07:00;0;1;398;304;348;1;16;1;1;1;983;1;398;390;378;372;372;373;376;374;366;355;348;336;328;319;314;305;304;310;325;339;348;346;340;330;338;346;354;352;356;362;;1;1;1;1;1;1;1;1;1;1;1;1;1;1;1;1;1;1;1;1;1;1;1;1;1;1;1;1;1;1;0
15400000;1;01/09/1991;17:00;0;1;398;304;348;1;16;1;1;1;983;1;395;384;375;370;372;375;376;372;360;345;343;334;324;316;310;304;306;316;330;342;348;344;338;336;341;348;354;353;358;364;;1;1;1;1;1;1;1;1;1;1;1;1;1;1;1;1;1;1;1;1;1;1;1;1;1;1;1;1;1;1;0
15400000;1;01/09/1991;;1;1;397;305;348;1;16;1;1;1;0;0;397;387;377;371;372;374;376;373;363;350;346;335;326;318;312;305;305;313;328;341;348;345;339;336;340;347;354;353;357;363;;1;1;1;1;1;1;1;1;1;1;1;1;1;1;1;1;1;1;1;1;1;1;1;1;1;1;1;1;1;1;
15400000;2;01/08/1991;;1;1;642;411;539;1;31;1;1;1;0;0;642;633;619;605;592;578;573;570;566;574;583;575;567;557;551;539;527;522;543;555;550;536;517;503;487;471;458;445;432;421;411;1;1;1;1;1;1;1;1;1;1;1;1;1;1;1;1;1;1;1;1;1;1;1;1;1;1;1;1;1;1;1
15400000;1;01/08/1991;07:00;0;1;643;408;539;1;31;1;1;1;983;1;643;635;624;607;596;580;574;570;566;574;582;578;568;560;552;542;530;518;539;552;552;538;522;506;490;476;460;447;434;423;413;1;1;1;1;1;1;1;1;1;1;1;1;1;1;1;1;1;1;1;1;1;1;1;1;1;1;1;1;1;1;1
15400000;1;01/08/1991;17:00;0;1;643;408;539;1;31;1;1;1;983;1;641;630;614;602;588;576;572;569;566;574;584;572;566;554;549;536;524;525;547;558;547;534;512;500;484;466;455;442;429;418;408;1;1;1;1;1;1;1;1;1;1;1;1;1;1;1;1;1;1;1;1;1;1;1;1;1;1;1;1;1;1;1
15400000;1;01/08/1991;;1;1;642;411;539;1;31;1;1;1;0;0;642;633;619;605;592;578;573;570;566;574;583;575;567;557;551;539;527;522;543;555;550;536;517;503;487;471;458;445;432;421;411;1;1;1;1;1;1;1;1;1;1;1;1;1;1;1;1;1;1;1;1;1;1;1;1;1;1;1;1;1;1;1
15400000;2;01/07/1991;;1;1;991;624;768;1;29;2;2;2;0;0;991;965;942;919;900;875;867;848;839;825;799;784;765;752;738;725;711;698;697;718;734;744;728;704;689;668;650;630;624;628;642;1;1;1;1;1;1;1;1;1;2;1;1;1;1;1;1;1;1;1;1;1;1;1;1;1;1;1;1;1;1;1
15400000;1;01/07/1991;07:00;0;1;995;624;768;1;29;1;1;1;983;1;995;974;947;924;903;876;870;850;840;827;804;788;770;754;740;728;714;702;689;714;728;744;736;706;696;674;656;632;624;626;640;1;1;1;1;1;1;1;1;1;1;1;1;1;1;1;1;1;1;1;1;1;1;1;1;1;1;1;1;1;1;1
15400000;1;01/07/1991;17:00;0;1;995;624;768;1;29;1;1;1;983;1;986;956;936;913;897;874;864;846;838;822;794;780;760;750;736;722;708;694;704;722;740;744;720;701;682;662;644;628;624;630;644;1;1;1;1;1;1;1;1;1;1;1;1;1;1;1;1;1;1;1;1;1;1;1;1;1;1;1;1;1;1;1
15400000;1;01/07/1991;;1;1;991;624;771;1;29;1;1;1;0;0;991;965;942;919;900;875;867;848;839;925;799;784;765;752;738;725;711;698;697;718;734;744;728;704;689;668;650;630;624;628;642;1;1;1;1;1;1;1;1;1;1;1;1;1;1;1;1;1;1;1;1;1;1;1;1;1;1;1;1;1;1;1
15400000;2;01/06/1991;;1;1;1164;934;1076;1;26;2;2;2;0;0;1164;1162;1149;1141;1130;1117;1101;1093;1093;1110;1118;1129;1141;1154;1154;1158;1131;1099;1074;1049;1023;999;980;958;946;934;943;989;1017;1014;;1;1;1;1;1;1;1;1;1;1;2;1;2;2;2;1;1;1;1;1;1;1;1;1;1;1;1;1;1;1;
15400000;1;01/06/1991;07:00;0;1;1241;932;1088;13;26;1;1;1;983;1;1167;1164;1150;1144;1132;1120;1104;1094;1090;1100;1164;1224;1241;1230;1200;1168;1138;1108;1080;1054;1028;1004;986;962;947;936;938;980;1016;1020;;1;1;1;1;1;1;1;1;1;1;1;1;1;1;1;1;1;1;1;1;1;1;1;1;1;1;1;1;1;1;0
15400000;1;01/06/1991;17:00;0;1;1241;932;1088;13;26;1;1;1;983;1;1160;1160;1148;1138;1127;1114;1097;1092;1095;1120;1192;1234;1241;1217;1190;1147;1124;1090;1068;1044;1018;994;974;954;944;932;948;997;1018;1007;;1;1;1;1;1;1;1;1;1;1;1;1;1;1;1;1;1;1;1;1;1;1;1;1;1;1;1;1;1;1;0
15400000;1;01/06/1991;;1;1;1241;934;1085;13;26;1;1;1;0;0;1164;1162;1149;1141;1130;1117;1101;1093;1093;1110;1178;1129;1241;1224;1194;1158;1131;1099;1074;1049;1023;999;980;958;946;934;943;989;1017;1014;;1;1;1;1;1;1;1;1;1;1;1;1;1;1;1;1;1;1;1;1;1;1;1;1;1;1;1;1;1;1;
15400000;2;01/05/1991;;1;1;1359;1178;1276;1;31;1;1;1;0;0;1359;1348;1343;1336;1334;1330;1329;1327;1317;1304;1302;1304;1312;1313;1308;1290;1275;1264;1251;1245;1252;1249;1241;1239;1234;1218;1204;1193;1188;1183;1178;1;1;1;1;1;1;1;1;1;1;1;1;1;1;1;1;1;1;1;1;1;1;1;1;1;1;1;1;1;1;1
15400000;1;01/05/1991;07:00;0;1;1360;1176;1276;1;31;1;1;1;983;1;1360;1350;1344;1335;1335;1331;1329;1329;1320;1306;1302;1304;1310;1315;1307;1295;1279;1267;1255;1243;1250;1250;1240;1240;1236;1221;1206;1196;1186;1184;1179;1;1;1;1;1;1;1;1;1;1;1;1;1;1;1;1;1;1;1;1;1;1;1;1;1;1;1;1;1;1;1
15400000;1;01/05/1991;17:00;0;1;1360;1176;1276;1;31;1;1;1;983;1;1357;1348;1342;1337;1333;1329;1329;1324;1314;1302;1302;1304;1313;1310;1300;1285;1271;1260;1246;1246;1254;1247;1242;1238;1231;1214;1201;1190;1189;1181;1176;1;1;1;1;1;1;1;1;1;1;1;1;1;1;1;1;1;1;1;1;1;1;1;1;1;1;1;1;1;1;1
15400000;1;01/05/1991;;1;1;1359;1178;1276;1;31;1;1;1;0;0;1359;1348;1343;1336;1334;1330;1329;1327;1317;1304;1302;1304;1312;1313;1308;1290;1275;1264;1251;1245;1252;1249;1241;1239;1234;1218;1204;1193;1188;1183;1178;1;1;1;1;1;1;1;1;1;1;1;1;1;1;1;1;1;1;1;1;1;1;1;1;1;1;1;1;1;1;1
15400000;2;01/04/1991;;1;1;1612;1372;1477;2;30;1;1;1;0;0;1609;1612;1596;1579;1559;1542;1526;1517;1511;1508;1505;1499;1483;1469;1456;1455;1452;1450;1448;1437;1435;1424;1416;1412;1420;1417;1412;1406;1396;1372;;1;1;1;1;1;1;1;1;1;1;1;1;1;1;1;1;1;1;1;1;1;1;1;1;1;1;1;1;1;1;
15400000;1;01/04/1991;07:00;0;1;1616;1370;1477;2;30;1;1;1;983;1;1607;1616;1598;1580;1560;1545;1528;1519;1512;1508;1505;1500;1480;1471;1458;1456;1454;1450;1448;1438;1436;1428;1416;1412;1418;1419;1412;1407;1400;1373;;1;1;1;1;1;1;1;1;1;1;1;1;1;1;1;1;1;1;1;1;1;1;1;1;1;1;1;1;1;1;0
15400000;1;01/04/1991;17:00;0;1;1616;1370;1477;2;30;1;1;1;983;1;1610;1607;1594;1571;1558;1538;1524;1515;1509;1508;1504;1496;1486;1466;1454;1454;1450;1450;1448;1436;1434;1430;1416;1412;1421;1414;1412;1405;1392;1370;;1;1;1;1;1;1;1;1;1;1;1;1;1;1;1;1;1;1;1;1;1;1;1;1;1;1;1;1;1;1;0
15400000;1;01/04/1991;;1;1;1612;1372;1477;2;30;1;1;1;0;0;1609;1612;1596;1579;1559;1542;1526;1517;1511;1508;1505;1499;1483;1469;1456;1455;1452;1450;1448;1437;1435;1424;1416;1412;1420;1417;1412;1406;1396;1372;;1;1;1;1;1;1;1;1;1;1;1;1;1;1;1;1;1;1;1;1;1;1;1;1;1;1;1;1;1;1;
15400000;2;01/03/1991;;1;1;1602;1484;1520;31;9;1;1;1;0;0;1516;1518;1512;1504;1499;1496;1493;1490;1484;1487;1488;1488;1486;1488;1490;1489;1495;1492;1497;1511;1521;1532;1541;1546;1556;1562;1572;1581;1585;1595;1602;1;1;1;1;1;1;1;1;1;1;1;1;1;1;1;1;1;1;1;1;1;1;1;1;1;1;1;1;1;1;1
15400000;1;01/03/1991;07:00;0;1;1603;1484;1520;31;9;1;1;1;983;1;1515;1519;1513;1506;1500;1497;1494;1490;1484;1486;1487;1489;1485;1488;1489;1488;1495;1490;1496;1507;1518;1530;1539;1544;1554;1560;1569;1579;1586;1593;1600;1;1;1;1;1;1;1;1;1;1;1;1;1;1;1;1;1;1;1;1;1;1;1;1;1;1;1;1;1;1;1
15400000;1;01/03/1991;17:00;0;1;1603;1484;1520;31;9;1;1;1;983;1;1516;1517;1511;1502;1498;1495;1493;1489;1484;1487;1489;1486;1486;1487;1490;1489;1494;1493;1498;1515;1524;1534;1542;1548;1558;1564;1574;1582;1583;1597;1603;1;1;1;1;1;1;1;1;1;1;1;1;1;1;1;1;1;1;1;1;1;1;1;1;1;1;1;1;1;1;1
15400000;1;01/03/1991;;1;1;1602;1484;1520;31;9;1;1;1;0;0;1516;1518;1512;1504;1499;1496;1493;1490;1484;1487;1488;1488;1486;1488;1490;1489;1495;1492;1497;1511;1521;1532;1541;1546;1556;1562;1572;1581;1585;1595;1602;1;1;1;1;1;1;1;1;1;1;1;1;1;1;1;1;1;1;1;1;1;1;1;1;1;1;1;1;1;1;1
15400000;2;01/02/1991;;1;1;1514;1439;1479;28;1;1;1;1;0;0;1439;1444;1445;1454;1473;1488;1495;1491;1481;1468;1461;1452;1455;1462;1472;1477;1481;1478;1478;1486;1492;1498;1501;1503;1506;1510;1513;1514;;;;1;1;1;1;1;1;1;1;1;1;1;1;1;1;1;1;1;1;1;1;1;1;1;1;1;1;1;1;;;
15400000;1;01/02/1991;07:00;0;1;1514;1439;1479;27;1;1;1;1;983;1;1439;1442;1443;1450;1467;1486;1496;1492;1485;1468;1463;1453;1453;1460;1470;1475;1480;1480;1477;1484;1490;1496;1501;1503;1504;1510;1512;1514;;;;1;1;1;1;1;1;1;1;1;1;1;1;1;1;1;1;1;1;1;1;1;1;1;1;1;1;1;1;0;0;0
15400000;1;01/02/1991;17:00;0;1;1514;1439;1479;27;1;1;1;1;983;1;1439;1446;1447;1458;1479;1490;1494;1490;1476;1468;1459;1451;1457;1464;1474;1478;1482;1476;1479;1487;1494;1499;1500;1503;1507;1510;1514;1514;;;;1;1;1;1;1;1;1;1;1;1;1;1;1;1;1;1;1;1;1;1;1;1;1;1;1;1;1;1;0;0;0
15400000;1;01/02/1991;;1;1;1514;1439;1479;28;1;1;1;1;0;0;1439;1444;1445;1454;1473;1488;1495;1491;1481;1468;1461;1452;1455;1462;1472;1477;1481;1478;1478;1486;1492;1498;1501;1503;1506;1510;1513;1514;;;;1;1;1;1;1;1;1;1;1;1;1;1;1;1;1;1;1;1;1;1;1;1;1;1;1;1;1;1;;;
15400000;2;01/01/1991;;1;1;1446;1120;1308;28;1;1;1;1;0;0;1120;1139;1146;1157;1174;1177;1175;1185;1203;1217;1239;1254;1266;1286;1302;1318;1351;1366;1382;1393;1400;1404;1408;1413;1431;1439;1445;1446;1443;1440;1439;1;1;1;1;1;1;1;1;1;1;1;1;1;1;1;1;1;1;1;1;1;1;1;1;1;1;1;1;1;1;1
15400000;1;01/01/1991;07:00;0;1;1446;1114;1308;28;1;1;1;1;983;1;1114;1138;1144;1154;1171;1179;1174;1179;1200;1210;1233;1250;1264;1280;1299;1310;1347;1361;1380;1390;1399;1403;1407;1411;1427;1437;1445;1446;1443;1440;1439;1;1;1;1;1;1;1;1;1;1;1;1;1;1;1;1;1;1;1;1;1;1;1;1;1;1;1;1;1;1;1
15400000;1;01/01/1991;17:00;0;1;1446;1114;1308;28;1;1;1;1;983;1;1125;1140;1147;1160;1176;1175;1176;1191;1205;1224;1244;1257;1268;1292;1304;1325;1354;1371;1384;1396;1400;1405;1409;1414;1434;1441;1445;1446;1443;1440;1439;1;1;1;1;1;1;1;1;1;1;1;1;1;1;1;1;1;1;1;1;1;1;1;1;1;1;1;1;1;1;1
15400000;1;01/01/1991;;1;1;1446;1120;1308;28;1;1;1;1;0;0;1120;1139;1146;1157;1174;1177;1175;1185;1203;1217;1239;1254;1266;1286;1302;1318;1351;1366;1382;1393;1400;1404;1408;1413;1431;1439;1445;1446;1443;1440;1439;1;1;1;1;1;1;1;1;1;1;1;1;1;1;1;1;1;1;1;1;1;1;1;1;1;1;1;1;1;1;1
15400000;2;01/12/1990;;1;1;1128;1001;1070;19;1;1;1;1;0;0;1001;1018;1047;1077;1079;1065;1041;1041;1063;1083;1093;1099;1099;1088;1101;1111;1122;1124;1128;1125;1111;1092;1075;1060;1038;1026;1013;1004;1009;1035;1087;1;1;1;1;1;1;1;1;1;1;1;1;1;1;1;1;1;1;1;1;1;1;1;1;1;1;1;1;1;1;1
15400000;1;01/12/1990;07:00;0;1;1128;1000;1069;19;1;1;1;1;;0;1000;1014;1039;1072;1083;1070;1040;1042;1055;1080;1090;1097;1100;1090;1097;1107;1120;1123;1128;1126;1116;1098;1080;1062;1039;1028;1016;1006;1006;1022;1078;1;1;1;1;1;1;1;1;1;1;1;1;1;1;1;1;1;1;1;1;1;1;1;1;1;1;1;1;1;1;1
15400000;1;01/12/1990;17:00;0;1;1128;1000;1069;19;1;1;1;1;;0;1002;1022;1055;1082;1075;1060;1042;1040;1070;1085;1095;1100;1097;1085;1104;1114;1123;1125;1128;1124;1106;1086;1070;1058;1036;1024;1010;1002;1012;1047;1095;1;1;1;1;1;1;1;1;1;1;1;1;1;1;1;1;1;1;1;1;1;1;1;1;1;1;1;1;1;1;1
15400000;1;01/12/1990;;1;1;1128;1001;1070;19;1;1;1;1;0;0;1001;1018;1047;1077;1079;1065;1041;1041;1063;1083;1093;1099;1099;1088;1101;1111;1122;1124;1128;1125;1111;1092;1075;1060;1038;1026;1013;1004;1009;1035;1087;1;1;1;1;1;1;1;1;1;1;1;1;1;1;1;1;1;1;1;1;1;1;1;1;1;1;1;1;1;1;1
15400000;2;01/11/1990;;1;1;1041;630;888;17;3;1;1;1;0;0;648;639;630;631;661;685;705;766;825;878;906;924;923;913;931;1015;1041;1033;1018;1001;989;980;974;968;974;991;1000;998;995;995;;1;1;1;1;1;1;1;1;1;1;1;1;1;1;1;1;1;1;1;1;1;1;1;1;1;1;1;1;1;1;
15400000;1;01/11/1990;07:00;0;1;1042;630;888;17;3;1;1;1;;0;650;642;630;630;650;680;698;745;812;866;900;924;924;914;912;996;1040;1036;1022;1002;992;980;976;968;972;992;999;999;995;995;;1;1;1;1;1;1;1;1;1;1;1;1;1;1;1;1;1;1;1;1;1;1;1;1;1;1;1;1;1;1;0
15400000;1;01/11/1990;17:00;0;1;1042;630;888;17;3;1;1;1;;0;646;635;630;632;671;690;711;787;838;890;912;924;922;912;949;1033;1042;1030;1014;1000;986;980;974;968;976;990;1000;996;995;995;;1;1;1;1;1;1;1;1;1;1;1;1;1;1;1;1;1;1;1;1;1;1;1;1;1;1;1;1;1;1;0
15400000;1;01/11/1990;;1;1;1041;630;888;17;3;1;1;1;0;0;648;639;630;631;661;685;705;766;825;878;906;924;923;913;931;1015;1041;1033;1018;1001;989;980;974;968;974;991;1000;998;995;995;;1;1;1;1;1;1;1;1;1;1;1;1;1;1;1;1;1;1;1;1;1;1;1;1;1;1;1;1;1;1;
15400000;2;01/10/1990;;1;1;683;388;484;30;11;2;2;2;0;0;395;415;450;471;462;448;430;413;404;395;388;388;409;416;430;447;466;470;479;476;478;476;469;489;588;600;627;633;650;683;666;1;1;1;1;1;1;1;1;1;1;1;1;1;1;1;1;1;1;1;1;1;1;1;1;1;2;2;2;2;2;2
15400000;1;01/10/1990;;1;1;783;388;504;30;11;1;1;1;0;0;395;415;450;471;462;448;430;413;404;395;388;388;409;416;430;447;466;470;479;476;478;476;469;489;588;700;727;733;750;783;766;1;1;1;1;1;1;1;1;1;1;1;1;1;1;1;1;1;1;1;1;1;1;1;1;1;1;1;1;1;1;1
15400000;2;01/09/1990;;1;1;463;373;406;1;29;1;1;1;0;0;463;447;442;433;427;422;417;413;410;408;407;408;403;402;401;399;398;391;382;377;378;390;407;423;417;402;385;377;373;379;;1;1;1;1;1;1;1;1;1;1;1;1;1;1;1;1;1;1;1;1;1;1;1;1;1;1;1;1;1;1;
15400000;1;01/09/1990;;1;1;463;373;406;1;29;1;1;1;0;0;463;447;442;433;427;422;417;413;410;408;407;408;403;402;401;399;398;391;382;377;378;390;407;423;417;402;385;377;373;379;;1;1;1;1;1;1;1;1;1;1;1;1;1;1;1;1;1;1;1;1;1;1;1;1;1;1;1;1;1;1;
15400000;2;01/08/1990;;1;1;643;385;485;1;24;1;1;1;0;0;643;637;618;604;569;575;561;550;538;523;510;496;482;468;458;444;435;429;420;416;407;449;391;385;387;399;410;429;458;471;472;1;1;1;1;1;1;1;1;1;1;1;1;1;1;1;1;1;1;1;1;1;1;1;1;1;1;1;1;1;1;1
15400000;1;01/08/1990;;1;1;643;385;485;1;24;1;1;1;0;0;643;637;618;604;569;575;561;550;538;523;510;496;482;468;458;444;435;429;420;416;407;449;391;385;387;399;410;429;458;471;472;1;1;1;1;1;1;1;1;1;1;1;1;1;1;1;1;1;1;1;1;1;1;1;1;1;1;1;1;1;1;1
15400000;2;01/07/1990;;1;1;986;608;791;3;26;1;1;1;0;0;941;974;986;976;965;923;936;944;868;850;844;819;793;784;779;786;820;830;819;795;771;746;663;615;610;608;608;608;608;614;630;1;1;1;1;1;1;1;1;1;1;1;1;1;1;1;1;1;1;1;1;1;1;1;1;1;1;1;1;1;1;1
15400000;1;01/07/1990;;1;1;986;608;791;3;26;1;1;1;0;0;941;974;986;976;965;923;936;944;868;850;844;819;793;784;779;786;820;830;819;795;771;746;663;615;610;608;608;608;608;614;630;1;1;1;1;1;1;1;1;1;1;1;1;1;1;1;1;1;1;1;1;1;1;1;1;1;1;1;1;1;1;1
15400000;2;01/06/1990;;1;1;1129;941;1041;12;29;1;1;1;0;0;1056;1044;1039;1043;1075;1084;1079;1071;1070;1080;1093;1129;1066;1062;1045;1032;1063;1082;1072;1060;1047;1032;1022;1005;993;982;969;954;941;945;;1;1;1;1;1;1;1;1;1;1;1;1;1;1;1;1;1;1;1;1;1;1;1;1;1;1;1;1;1;1;
15400000;1;01/06/1990;;1;1;1129;941;1041;12;29;1;1;1;0;0;1056;1044;1039;1043;1075;1084;1079;1071;1070;1080;1093;1129;1066;1062;1045;1032;1063;1082;1072;1060;1047;1032;1022;1005;993;982;969;954;941;945;;1;1;1;1;1;1;1;1;1;1;1;1;1;1;1;1;1;1;1;1;1;1;1;1;1;1;1;1;1;1;
15400000;2;01/05/1990;;1;1;1219;1037;1171;19;31;1;1;1;0;0;1185;1179;1180;1196;1198;1196;1191;1172;1162;1177;1179;1174;1169;1166;1182;1201;1218;1217;1219;1189;1166;1156;1159;1173;1184;1179;1159;1135;1115;1098;1037;1;1;1;1;1;1;1;1;1;1;1;1;1;1;1;1;1;1;1;1;1;1;1;1;1;1;1;1;1;1;1
15400000;1;01/05/1990;;1;1;1219;1037;1171;19;31;1;1;1;0;0;1185;1179;1180;1196;1198;1196;1191;1172;1162;1177;1179;1174;1169;1166;1182;1201;1218;1217;1219;1189;1166;1156;1159;1173;1184;1179;1159;1135;1115;1098;1037;1;1;1;1;1;1;1;1;1;1;1;1;1;1;1;1;1;1;1;1;1;1;1;1;1;1;1;1;1;1;1
15400000;2;01/04/1990;;1;1;1299;1194;1241;8;30;1;1;1;0;0;1253;1246;1244;1278;1279;1280;1288;1299;1282;1271;1257;1247;1240;1231;1227;1225;1221;1220;1220;1223;1219;1214;1210;1218;1227;1248;1241;1225;1213;1194;;1;1;1;1;1;1;1;1;1;1;1;1;1;1;1;1;1;1;1;1;1;1;1;1;1;1;1;1;1;1;
15400000;1;01/04/1990;;1;1;1299;1194;1241;8;30;1;1;1;0;0;1253;1246;1244;1278;1279;1280;1288;1299;1282;1271;1257;1247;1240;1231;1227;1225;1221;1220;1220;1223;1219;1214;1210;1218;1227;1248;1241;1225;1213;1194;;1;1;1;1;1;1;1;1;1;1;1;1;1;1;1;1;1;1;1;1;1;1;1;1;1;1;1;1;1;1;
15400000;2;01/03/1990;;1;1;1452;1261;1358;7;31;1;1;1;0;0;1317;1319;1372;1405;1436;1450;1452;1439;1425;1410;1403;1398;1391;1373;1367;1368;1376;1374;1365;1353;1342;1333;1312;1307;1301;1298;1298;1296;1292;1270;1261;1;1;1;1;1;1;1;1;1;1;1;1;1;1;1;1;1;1;1;1;1;1;1;1;1;1;1;1;1;1;1
15400000;1;01/03/1990;;1;1;1452;1261;1358;7;31;1;1;1;0;0;1317;1319;1372;1405;1436;1450;1452;1439;1425;1410;1403;1398;1391;1373;1367;1368;1376;1374;1365;1353;1342;1333;1312;1307;1301;1298;1298;1296;1292;1270;1261;1;1;1;1;1;1;1;1;1;1;1;1;1;1;1;1;1;1;1;1;1;1;1;1;1;1;1;1;1;1;1
15400000;2;01/02/1990;;1;1;1404;1218;1335;19;5;1;1;1;0;0;1259;1245;1232;1224;1218;1270;1303;1325;1340;1348;1352;1343;1335;1336;1365;1384;1395;1401;1404;1402;1400;1393;1376;1364;1357;1349;1339;1328;;;;1;1;1;1;1;1;1;1;1;1;1;1;1;1;1;1;1;1;1;1;1;1;1;1;1;1;1;1;;;
15400000;1;01/02/1990;;1;1;1404;1218;1335;19;5;1;1;1;0;0;1259;1245;1232;1224;1218;1270;1303;1325;1340;1348;1352;1343;1335;1336;1365;1384;1395;1401;1404;1402;1400;1393;1376;1364;1357;1349;1339;1328;;;;1;1;1;1;1;1;1;1;1;1;1;1;1;1;1;1;1;1;1;1;1;1;1;1;1;1;1;1;;;
15400000;2;01/01/1990;;1;1;1275;940;1121;23;1;1;1;1;0;0;940;1012;1047;1066;1056;1066;1049;1036;1029;1013;995;989;996;987;999;1074;1111;1160;1186;1198;1211;1235;1275;1253;1252;1261;1253;1246;1234;1248;1260;1;1;1;1;1;1;1;1;1;1;1;1;1;1;1;1;1;1;1;1;1;1;1;1;1;1;1;1;1;1;1
15400000;1;01/01/1990;;1;1;1275;940;1121;23;1;1;1;1;0;0;940;1012;1047;1066;1056;1066;1049;1036;1029;1013;995;989;996;987;999;1074;1111;1160;1186;1198;1211;1235;1275;1253;1252;1261;1253;1246;1234;1248;1260;1;1;1;1;1;1;1;1;1;1;1;1;1;1;1;1;1;1;1;1;1;1;1;1;1;1;1;1;1;1;1
15400000;2;01/12/1989;;1;1;905;473;670;31;9;1;1;1;0;0;517;553;549;541;540;511;493;482;473;475;481;492;516;591;613;625;632;661;721;804;819;833;839;846;856;870;879;877;880;891;905;1;1;1;1;1;1;1;1;1;1;1;1;1;1;1;1;1;1;1;1;1;1;1;1;1;1;1;1;1;1;1
15400000;1;01/12/1989;07:00;0;1;906;479;669;31;9;1;1;1;;0;522;549;552;540;531;516;499;484;479;479;482;498;544;586;626;632;626;640;728;801;824;817;804;808;840;866;870;864;869;881;894;1;1;1;1;1;1;1;1;1;1;1;1;1;1;1;1;1;1;1;1;1;1;1;1;1;1;1;1;1;1;1
15400000;1;01/12/1989;17:00;0;1;906;479;669;31;9;1;1;1;;0;539;552;544;537;524;508;495;481;479;480;483;516;561;610;632;630;633;687;770;816;821;810;802;819;853;872;867;863;874;884;906;1;1;1;1;1;1;1;1;1;1;1;1;1;1;1;1;1;1;1;1;1;1;1;1;1;1;1;1;1;1;1
15400000;1;01/12/1989;;1;1;905;473;670;31;9;1;1;1;0;0;517;553;549;541;540;511;493;482;473;475;481;492;516;591;613;625;632;661;721;804;819;833;839;846;856;870;879;877;880;891;905;1;1;1;1;1;1;1;1;1;1;1;1;1;1;1;1;1;1;1;1;1;1;1;1;1;1;1;1;1;1;1
15400000;2;01/11/1989;;1;1;568;395;474;23;2;1;1;1;0;0;399;395;395;400;408;412;416;417;421;432;446;456;466;478;485;500;510;519;525;533;548;564;568;550;537;519;489;473;462;484;;1;1;1;1;1;1;1;1;1;1;1;1;1;1;1;1;1;1;1;1;1;1;1;1;1;1;1;1;1;1;
15400000;1;01/11/1989;07:00;0;1;567;393;472;23;2;1;1;1;;0;398;393;394;396;403;410;416;417;416;428;444;454;464;476;489;495;503;513;526;529;544;562;567;554;536;512;494;478;460;478;;1;1;1;1;1;1;1;1;1;1;1;1;1;1;1;1;1;1;1;1;1;1;1;1;1;1;1;1;1;1;0
15400000;1;01/11/1989;17:00;0;1;567;393;472;23;2;1;1;1;;0;396;393;396;399;406;413;416;417;422;436;448;460;468;482;493;497;508;519;527;534;554;564;562;545;526;504;484;467;461;498;;1;1;1;1;1;1;1;1;1;1;1;1;1;1;1;1;1;1;1;1;1;1;1;1;1;1;1;1;1;1;0
15400000;1;01/11/1989;;1;1;568;395;474;23;2;1;1;1;0;0;399;395;395;400;408;412;416;417;421;432;446;456;466;478;485;500;510;519;525;533;548;564;568;550;537;519;489;473;462;484;;1;1;1;1;1;1;1;1;1;1;1;1;1;1;1;1;1;1;1;1;1;1;1;1;1;1;1;1;1;1;
15400000;2;01/10/1989;;1;1;467;325;388;1;20;1;1;1;0;0;467;452;436;429;428;427;423;414;407;395;382;372;366;356;347;339;333;329;326;325;332;341;350;358;367;391;417;441;436;426;414;1;1;1;1;1;1;1;1;1;1;1;1;1;1;1;1;1;1;1;1;1;1;1;1;1;1;1;1;1;1;1
15400000;1;01/10/1989;07:00;0;1;468;327;387;1;20;1;1;1;;0;468;454;440;430;426;426;425;420;410;398;385;373;365;358;347;340;334;328;328;327;329;334;344;354;369;384;412;438;440;428;411;1;1;1;1;1;1;1;1;1;1;1;1;1;1;1;1;1;1;1;1;1;1;1;1;1;1;1;1;1;1;1
15400000;1;01/10/1989;17:00;0;1;468;327;387;1;20;1;1;1;;0;460;446;434;426;426;426;424;416;406;393;377;368;361;353;344;337;331;328;328;327;332;339;347;362;376;396;429;440;436;420;405;1;1;1;1;1;1;1;1;1;1;1;1;1;1;1;1;1;1;1;1;1;1;1;1;1;1;1;1;1;1;1
15400000;1;01/10/1989;;1;1;467;325;388;1;20;1;1;1;0;0;467;452;436;429;428;427;423;414;407;395;382;372;366;356;347;339;333;329;326;325;332;341;350;358;367;391;417;441;436;426;414;1;1;1;1;1;1;1;1;1;1;1;1;1;1;1;1;1;1;1;1;1;1;1;1;1;1;1;1;1;1;1
15400000;2;01/09/1989;;1;1;582;331;431;24;4;1;1;1;0;0;339;336;333;331;335;344;355;368;388;403;404;409;411;408;400;394;388;380;384;422;491;561;581;582;572;555;540;518;501;482;;1;1;1;1;1;1;1;1;1;1;1;1;1;1;1;1;1;1;1;1;1;1;1;1;1;1;1;1;1;1;
15400000;1;01/09/1989;07:00;0;1;584;330;429;23;4;1;1;1;;0;340;336;332;330;333;340;349;360;370;388;399;408;410;408;402;395;385;382;384;396;479;548;578;584;576;559;540;522;502;486;;1;1;1;1;1;1;1;1;1;1;1;1;1;1;1;1;1;1;1;1;1;1;1;1;1;1;1;1;1;1;0
15400000;1;01/09/1989;17:00;0;1;584;330;429;23;4;1;1;1;;0;339;335;331;331;336;344;353;367;375;394;405;410;410;405;397;388;382;384;389;436;514;568;584;580;567;552;534;512;496;476;;1;1;1;1;1;1;1;1;1;1;1;1;1;1;1;1;1;1;1;1;1;1;1;1;1;1;1;1;1;1;0
15400000;1;01/09/1989;;1;1;582;331;431;24;4;1;1;1;0;0;339;336;333;331;335;344;355;368;388;403;404;409;411;408;400;394;388;380;384;422;491;561;581;582;572;555;540;518;501;482;;1;1;1;1;1;1;1;1;1;1;1;1;1;1;1;1;1;1;1;1;1;1;1;1;1;1;1;1;1;1;
15400000;2;01/08/1989;;1;1;514;343;452;3;31;1;1;1;0;0;506;511;514;513;510;504;500;499;500;500;505;499;490;478;471;474;470;457;449;443;438;428;415;403;390;378;370;362;356;348;343;1;1;1;1;1;1;1;1;1;1;1;1;1;1;1;1;1;1;1;1;1;1;1;1;1;1;1;1;1;1;1
15400000;1;01/08/1989;07:00;0;1;516;340;452;1;31;1;1;1;;0;516;510;514;514;512;506;500;498;500;505;506;499;490;480;473;469;456;455;450;445;440;430;418;404;392;380;373;364;354;350;344;1;1;1;1;1;1;1;1;1;1;1;1;1;1;1;1;1;1;1;1;1;1;1;1;1;1;1;1;1;1;1
15400000;1;01/08/1989;17:00;0;1;516;340;452;1;31;1;1;1;;0;513;510;514;512;510;502;499;500;502;506;502;496;486;478;470;468;458;453;447;444;436;425;408;398;387;376;366;360;353;347;340;1;1;1;1;1;1;1;1;1;1;1;1;1;1;1;1;1;1;1;1;1;1;1;1;1;1;1;1;1;1;1
15400000;1;01/08/1989;;1;1;514;343;452;3;31;1;1;1;0;0;506;511;514;513;510;504;500;499;500;500;505;499;490;478;471;474;470;457;449;443;438;428;415;403;390;378;370;362;356;348;343;1;1;1;1;1;1;1;1;1;1;1;1;1;1;1;1;1;1;1;1;1;1;1;1;1;1;1;1;1;1;1
15400000;2;01/07/1989;;1;1;821;519;696;8;31;1;1;1;0;0;793;780;765;755;759;790;814;821;819;811;797;783;768;749;734;721;706;689;674;659;644;631;618;606;595;581;565;555;544;534;519;1;1;1;1;1;1;1;1;1;1;1;1;1;1;1;1;1;1;1;1;1;1;1;1;1;1;1;1;1;1;1
15400000;1;01/07/1989;07:00;0;1;1359;1028;1220;8;31;1;1;1;;0;1335;1326;1327;1328;1320;1320;1334;1354;1359;1348;1328;1313;1301;1284;1266;1242;1218;1199;1182;1166;1148;1132;1120;1109;1102;1098;1092;1082;1062;1051;1035;1;1;1;1;1;1;1;1;1;1;1;1;1;1;1;1;1;1;1;1;1;1;1;1;1;1;1;1;1;1;1
15400000;1;01/07/1989;17:00;0;1;1359;1028;1220;8;31;1;1;1;;0;1328;1326;1329;1326;1316;1324;1344;1359;1356;1340;1324;1308;1294;1276;1265;1232;1207;1192;1174;1156;1140;1124;1116;1104;1100;1096;1088;1074;1062;1044;1028;1;1;1;1;1;1;1;1;1;1;1;1;1;1;1;1;1;1;1;1;1;1;1;1;1;1;1;1;1;1;1
15400000;1;01/07/1989;;1;1;821;519;696;8;31;1;1;1;0;0;793;780;765;755;759;790;814;821;819;811;797;783;768;749;734;721;706;689;674;659;644;631;618;606;595;581;565;555;544;534;519;1;1;1;1;1;1;1;1;1;1;1;1;1;1;1;1;1;1;1;1;1;1;1;1;1;1;1;1;1;1;1
15400000;2;01/06/1989;;1;1;1014;811;914;1;30;1;1;1;0;0;1014;1007;1002;989;968;958;949;944;939;928;915;901;889;890;899;922;939;952;941;925;905;885;867;856;851;855;852;840;826;811;;1;1;1;1;1;1;1;1;1;1;1;1;1;1;1;1;1;1;1;1;1;1;1;1;1;1;1;1;1;1;
15400000;1;01/06/1989;07:00;0;1;1455;1348;1415;8;30;1;1;1;;0;1427;1432;1435;1431;1426;1422;1438;1451;1454;1444;1430;1423;1423;1418;1407;1407;1409;1414;1410;1405;1395;1390;1388;1405;1422;1428;1416;1398;1378;1354;;1;1;1;1;1;1;1;1;1;1;1;1;1;1;1;1;1;1;1;1;1;1;1;1;1;1;1;1;1;1;0
15400000;1;01/06/1989;17:00;0;1;1455;1348;1415;8;30;1;1;1;;0;1427;1435;1435;1428;1422;1428;1445;1455;1451;1436;1424;1424;1423;1412;1407;1406;1412;1414;1409;1400;1393;1386;1394;1414;1430;1426;1410;1387;1368;1348;;1;1;1;1;1;1;1;1;1;1;1;1;1;1;1;1;1;1;1;1;1;1;1;1;1;1;1;1;1;1;0
15400000;1;01/06/1989;;1;1;1014;811;914;1;30;1;1;1;0;0;1014;1007;1002;989;968;958;949;944;939;928;915;901;889;890;899;922;939;952;941;925;905;885;867;856;851;855;852;840;826;811;;1;1;1;1;1;1;1;1;1;1;1;1;1;1;1;1;1;1;1;1;1;1;1;1;1;1;1;1;1;1;
15400000;2;01/05/1989;;1;1;1358;1032;1220;9;31;1;1;1;0;0;1332;1326;1328;1327;1318;1322;1339;1357;1358;1344;1326;1311;1298;1280;1261;1237;1213;1196;1178;1151;1144;1128;1118;1107;1101;1097;1090;1078;1062;1048;1032;1;1;1;1;1;1;1;1;1;1;1;1;1;1;1;1;1;1;1;1;1;1;1;1;1;1;1;1;1;1;1
15400000;1;01/05/1989;07:00;0;1;821;520;696;8;31;1;1;1;;0;796;782;768;755;755;782;810;821;821;813;801;790;770;758;740;728;710;690;676;664;646;638;620;610;596;586;571;559;546;536;525;1;1;1;1;1;1;1;1;1;1;1;1;1;1;1;1;1;1;1;1;1;1;1;1;1;1;1;1;1;1;1
15400000;1;01/05/1989;17:00;0;1;821;520;696;8;31;1;1;1;;0;790;778;762;754;762;796;818;821;816;808;796;779;763;744;732;717;702;686;670;656;642;627;615;604;590;579;565;553;540;530;520;1;1;1;1;1;1;1;1;1;1;1;1;1;1;1;1;1;1;1;1;1;1;1;1;1;1;1;1;1;1;1
15400000;1;01/05/1989;;1;1;1358;1032;1220;9;31;1;1;1;0;0;1332;1326;1328;1327;1318;1322;1339;1357;1358;1344;1326;1311;1298;1280;1261;1237;1213;1196;1178;1151;1144;1128;1118;1107;1101;1097;1090;1078;1062;1048;1032;1;1;1;1;1;1;1;1;1;1;1;1;1;1;1;1;1;1;1;1;1;1;1;1;1;1;1;1;1;1;1
15400000;2;01/04/1989;;1;1;1453;1351;1416;8;30;1;1;1;0;0;1427;1434;1435;1430;1424;1425;1442;1453;1452;1440;1427;1424;1423;1415;1407;1407;1411;1414;1410;1403;1394;1388;1391;1410;1426;1427;1413;1393;1373;1351;;1;1;1;1;1;1;1;1;1;1;1;1;1;1;1;1;1;1;1;1;1;1;1;1;1;1;1;1;1;1;
15400000;1;01/04/1989;07:00;0;1;1019;806;912;1;30;1;1;1;;0;1019;1005;992;980;968;958;950;946;942;930;917;903;890;883;895;917;934;948;944;930;910;888;872;857;851;854;852;842;830;814;;1;1;1;1;1;1;1;1;1;1;1;1;1;1;1;1;1;1;1;1;1;1;1;1;1;1;1;1;1;1;0
15400000;1;01/04/1989;17:00;0;1;1019;806;912;1;30;1;1;1;;0;1010;998;986;972;964;954;950;944;934;926;910;896;885;887;903;925;940;946;938;922;899;881;865;854;851;854;850;836;824;806;;1;1;1;1;1;1;1;1;1;1;1;1;1;1;1;1;1;1;1;1;1;1;1;1;1;1;1;1;1;1;0
15400000;1;01/04/1989;;1;1;1453;1351;1416;8;30;1;1;1;0;0;1427;1434;1435;1430;1424;1425;1442;1453;1452;1440;1427;1424;1423;1415;1407;1407;1411;1414;1410;1403;1394;1388;1391;1410;1426;1427;1413;1393;1373;1351;;1;1;1;1;1;1;1;1;1;1;1;1;1;1;1;1;1;1;1;1;1;1;1;1;1;1;1;1;1;1;
15400000;2;01/03/1989;;1;1;1470;1397;1436;12;7;1;1;1;0;0;1401;1413;1421;1424;1415;1406;1397;1404;1431;1456;1467;1470;1464;1456;1453;1457;1461;1463;1460;1451;1436;1424;1422;1431;1441;1443;1439;1431;1425;1428;1427;1;1;1;1;1;1;1;1;1;1;1;1;1;1;1;1;1;1;1;1;1;1;1;1;1;1;1;1;1;1;1
15400000;1;01/03/1989;07:00;0;1;1469;1397;1436;12;7;1;1;1;;0;1400;1410;1419;1419;1417;1407;1397;1402;1422;1451;1466;1469;1464;1459;1455;1457;1460;1462;1461;1452;1438;1424;1429;1432;1440;1443;1438;1432;1424;1426;1427;1;1;1;1;1;1;1;1;1;1;1;1;1;1;1;1;1;1;1;1;1;1;1;1;1;1;1;1;1;1;1
15400000;1;01/03/1989;17:00;0;1;1469;1397;1436;12;7;1;1;1;;0;1402;1415;1422;1419;1414;1402;1398;1410;1437;1459;1466;1469;1460;1457;1457;1458;1462;1462;1458;1448;1432;1424;1430;1434;1442;1442;1438;1430;1424;1427;1427;1;1;1;1;1;1;1;1;1;1;1;1;1;1;1;1;1;1;1;1;1;1;1;1;1;1;1;1;1;1;1
15400000;1;01/03/1989;;1;1;1470;1397;1436;12;7;1;1;1;0;0;1401;1413;1421;1424;1415;1406;1397;1404;1431;1456;1467;1470;1464;1456;1453;1457;1461;1463;1460;1451;1436;1424;1422;1431;1441;1443;1439;1431;1425;1428;1427;1;1;1;1;1;1;1;1;1;1;1;1;1;1;1;1;1;1;1;1;1;1;1;1;1;1;1;1;1;1;1
15400000;2;01/02/1989;;1;1;1396;1324;1351;28;22;1;1;1;0;0;1331;1353;1361;1357;1348;1341;1333;1331;1336;1346;1357;1361;1366;1358;1360;1361;1366;1367;1358;1340;1330;1324;1324;1329;1348;1366;1387;1396;;;;1;1;1;1;1;1;1;1;1;1;1;1;1;1;1;1;1;1;1;1;1;1;1;1;1;1;1;1;;;
15400000;1;01/02/1989;07:00;0;1;1396;1322;1351;28;22;1;1;1;;0;1326;1348;1360;1357;1349;1344;1336;1329;1334;1346;1353;1360;1360;1357;1358;1360;1362;1367;1358;1342;1330;1325;1322;1331;1346;1362;1385;1396;;;;1;1;1;1;1;1;1;1;1;1;1;1;1;1;1;1;1;1;1;1;1;1;1;1;1;1;1;1;0;0;0
15400000;1;01/02/1989;17:00;0;1;1396;1322;1351;28;22;1;1;1;;0;1336;1357;1360;1353;1346;1341;1332;1331;1348;1345;1357;1362;1360;1358;1359;1361;1364;1367;1352;1335;1326;1322;1322;1338;1354;1369;1392;1396;;;;1;1;1;1;1;1;1;1;1;1;1;1;1;1;1;1;1;1;1;1;1;1;1;1;1;1;1;1;0;0;0
15400000;1;01/02/1989;;1;1;1396;1324;1351;28;22;1;1;1;0;0;1331;1353;1361;1357;1348;1341;1333;1331;1336;1346;1357;1361;1366;1358;1360;1361;1366;1367;1358;1340;1330;1324;1324;1329;1348;1366;1387;1396;;;;1;1;1;1;1;1;1;1;1;1;1;1;1;1;1;1;1;1;1;1;1;1;1;1;1;1;1;1;;;
15400000;2;01/01/1989;;1;1;1298;898;1142;31;1;1;1;1;0;0;898;1022;1102;1128;1131;1139;1137;1140;1138;1141;1138;1127;1127;1148;1163;1164;1153;1139;1129;1121;1147;1167;1178;1176;1167;1155;1153;1159;1176;1256;1298;1;1;1;1;1;1;1;1;1;1;1;1;1;1;1;1;1;1;1;1;1;1;1;1;1;1;1;1;1;1;1
15400000;1;01/01/1989;07:00;0;1;1314;856;1143;31;1;1;1;1;;0;856;996;1093;1126;1134;1157;1136;1140;1137;1142;1138;1128;1124;1146;1162;1154;1152;1140;1140;1134;1138;1159;1172;1176;1164;1162;1152;1156;1169;1240;1302;1;1;1;1;1;1;1;1;1;1;1;1;1;1;1;1;1;1;1;1;1;1;1;1;1;1;1;1;1;1;1
15400000;1;01/01/1989;17:00;0;1;1314;856;1143;31;1;1;1;1;;0;920;1048;1114;1130;1137;1138;1138;1140;1111;1140;1134;1124;1132;1154;1174;1159;1152;1136;1138;1134;1149;1172;1180;1173;1164;1150;1155;1160;1199;1269;1314;1;1;1;1;1;1;1;1;1;1;1;1;1;1;1;1;1;1;1;1;1;1;1;1;1;1;1;1;1;1;1
15400000;1;01/01/1989;;1;1;1298;898;1142;31;1;1;1;1;0;0;898;1022;1102;1128;1131;1139;1137;1140;1138;1141;1138;1127;1127;1148;1163;1164;1153;1139;1129;1121;1147;1167;1178;1176;1167;1155;1153;1159;1176;1256;1298;1;1;1;1;1;1;1;1;1;1;1;1;1;1;1;1;1;1;1;1;1;1;1;1;1;1;1;1;1;1;1
15400000;2;01/12/1988;;1;1;781;539;666;31;4;1;1;1;0;0;543;549;540;539;545;558;569;595;655;679;688;676;665;673;684;696;695;686;679;673;665;678;732;752;745;739;739;742;747;754;781;1;1;1;1;1;1;1;1;1;1;1;1;1;1;1;1;1;1;1;1;1;1;1;1;1;1;1;1;1;1;1
15400000;1;01/12/1988;07:00;0;1;790;534;667;31;4;1;1;1;945;1;538;545;542;534;540;555;566;591;643;685;690;678;666;668;680;694;693;686;680;674;665;678;724;750;746;742;738;738;745;758;774;1;1;1;1;1;1;1;1;1;1;1;1;1;1;1;1;1;1;1;1;1;1;1;1;1;1;1;1;1;1;1
15400000;1;01/12/1988;17:00;0;1;790;534;667;31;4;1;1;1;945;1;546;545;537;538;547;560;572;613;664;690;685;672;665;670;686;696;690;683;679;670;666;694;735;750;744;740;738;742;750;762;790;1;1;1;1;1;1;1;1;1;1;1;1;1;1;1;1;1;1;1;1;1;1;1;1;1;1;1;1;1;1;1
15400000;1;01/12/1988;;1;1;781;539;666;31;4;1;1;1;0;0;543;549;540;539;545;558;569;595;655;679;688;676;665;673;684;696;695;686;679;673;665;678;732;752;745;739;739;742;747;754;781;1;1;1;1;1;1;1;1;1;1;1;1;1;1;1;1;1;1;1;1;1;1;1;1;1;1;1;1;1;1;1
15400000;2;01/11/1988;;1;1;510;313;429;30;2;1;1;1;0;0;314;313;317;362;432;465;465;448;446;458;477;484;479;469;464;451;437;418;409;396;395;398;416;435;439;436;435;437;464;510;;1;1;1;1;1;1;1;1;1;1;1;1;1;1;1;1;1;1;1;1;1;1;1;1;1;1;1;1;1;1;
15400000;1;01/11/1988;07:00;0;1;522;312;429;30;2;1;1;1;945;1;315;314;312;345;420;464;465;450;440;452;474;487;486;477;468;457;440;426;413;403;394;394;408;433;438;436;433;435;455;502;;1;1;1;1;1;1;1;1;1;1;1;1;1;1;1;1;1;1;1;1;1;1;1;1;1;1;1;1;1;1;0
15400000;1;01/11/1988;17:00;0;1;522;312;429;30;2;1;1;1;945;1;314;312;319;379;445;467;459;444;446;460;480;487;482;472;462;448;431;419;409;396;395;394;424;435;438;435;434;439;474;522;;1;1;1;1;1;1;1;1;1;1;1;1;1;1;1;1;1;1;1;1;1;1;1;1;1;1;1;1;1;1;0
15400000;1;01/11/1988;;1;1;510;313;429;30;2;1;1;1;0;0;314;313;317;362;432;465;465;448;446;458;477;484;479;469;464;451;437;418;409;396;395;398;416;435;439;436;435;437;464;510;;1;1;1;1;1;1;1;1;1;1;1;1;1;1;1;1;1;1;1;1;1;1;1;1;1;1;1;1;1;1;
15400000;2;01/10/1988;;1;1;351;290;321;25;2;1;1;1;0;0;293;290;291;294;302;320;330;331;332;335;334;330;328;326;324;321;317;315;311;308;313;328;338;350;351;342;332;323;316;314;313;1;1;1;1;1;1;1;1;1;1;1;1;1;1;1;1;1;1;1;1;1;1;1;1;1;1;1;1;1;1;1
15400000;1;01/10/1988;07:00;0;1;352;283;321;24;3;1;1;1;945;1;290;286;283;286;296;314;330;338;338;341;336;330;327;324;326;324;320;317;314;309;310;325;340;351;350;342;334;326;318;314;313;1;1;1;1;1;1;1;1;1;1;1;1;1;1;1;1;1;1;1;1;1;1;1;1;1;1;1;1;1;1;1
15400000;1;01/10/1988;17:00;0;1;352;283;321;24;3;1;1;1;945;1;288;285;283;290;306;322;334;338;338;339;334;329;327;324;324;322;319;316;311;308;315;333;347;352;346;339;330;320;315;314;313;1;1;1;1;1;1;1;1;1;1;1;1;1;1;1;1;1;1;1;1;1;1;1;1;1;1;1;1;1;1;1
15400000;1;01/10/1988;;1;1;351;290;321;25;2;1;1;1;0;0;293;290;291;294;302;320;330;331;332;335;334;330;328;326;324;321;317;315;311;308;313;328;338;350;351;342;332;323;316;314;313;1;1;1;1;1;1;1;1;1;1;1;1;1;1;1;1;1;1;1;1;1;1;1;1;1;1;1;1;1;1;1
15400000;2;01/09/1988;;1;1;344;248;288;1;22;1;1;1;0;0;344;336;330;324;318;310;303;300;295;289;285;282;278;274;270;266;260;257;256;254;250;248;248;268;286;300;305;303;300;296;;1;1;1;1;1;1;1;1;1;1;1;1;1;1;1;1;1;1;1;1;1;1;1;1;1;1;1;1;1;1;
15400000;1;01/09/1988;07:00;0;1;346;250;288;1;21;1;1;1;945;1;346;340;334;327;320;314;307;301;294;289;284;281;277;273;269;267;265;260;257;253;250;250;254;262;277;296;306;307;302;295;;1;1;1;1;1;1;1;1;1;1;1;1;1;1;1;1;1;1;1;1;1;1;1;1;1;1;1;1;1;1;0
15400000;1;01/09/1988;17:00;0;1;346;250;288;1;21;1;1;1;945;1;344;337;339;324;318;310;304;295;292;286;284;279;275;270;268;266;263;258;256;251;250;250;258;267;286;300;306;305;302;293;;1;1;1;1;1;1;1;1;1;1;1;1;1;1;1;1;1;1;1;1;1;1;1;1;1;1;1;1;1;1;0
15400000;1;01/09/1988;;1;1;344;248;288;1;22;1;1;1;0;0;344;336;330;324;318;310;303;300;295;289;285;282;278;274;270;266;260;257;256;254;250;248;248;268;286;300;305;303;300;296;;1;1;1;1;1;1;1;1;1;1;1;1;1;1;1;1;1;1;1;1;1;1;1;1;1;1;1;1;1;1;
15400000;2;01/08/1988;;1;1;601;351;458;1;31;1;1;1;0;0;601;589;577;566;553;542;533;521;509;499;491;481;472;466;459;452;444;435;426;417;408;400;395;386;382;379;375;373;367;360;351;1;1;1;1;1;1;1;1;1;1;1;1;1;1;1;1;1;1;1;1;1;1;1;1;1;1;1;1;1;1;1
15400000;1;01/08/1988;07:00;0;1;603;350;459;1;31;1;1;1;945;1;603;592;580;568;557;546;534;523;511;502;496;486;476;468;463;455;446;427;429;419;411;403;394;388;383;379;377;374;369;362;354;1;1;1;1;1;1;1;1;1;1;1;1;1;1;1;1;1;1;1;1;1;1;1;1;1;1;1;1;1;1;1
15400000;1;01/08/1988;17:00;0;1;603;350;459;1;31;1;1;1;945;1;599;587;575;563;551;540;530;518;507;498;489;482;468;466;458;451;441;433;424;417;408;399;392;386;381;378;376;372;366;358;350;1;1;1;1;1;1;1;1;1;1;1;1;1;1;1;1;1;1;1;1;1;1;1;1;1;1;1;1;1;1;1
15400000;1;01/08/1988;;1;1;601;351;458;1;31;1;1;1;0;0;601;589;577;566;553;542;533;521;509;499;491;481;472;466;459;452;444;435;426;417;408;400;395;386;382;379;375;373;367;360;351;1;1;1;1;1;1;1;1;1;1;1;1;1;1;1;1;1;1;1;1;1;1;1;1;1;1;1;1;1;1;1
15400000;2;01/07/1988;;1;1;939;615;809;1;31;1;1;1;0;0;939;928;914;907;899;894;884;872;852;850;845;861;887;890;882;871;853;834;814;796;776;759;738;721;705;687;672;659;648;629;615;1;1;1;1;1;1;1;1;1;1;1;1;1;1;1;1;1;1;1;1;1;1;1;1;1;1;1;1;1;1;1
15400000;1;01/07/1988;07:00;0;1;941;612;809;1;31;1;1;1;945;1;941;930;916;909;900;895;886;875;853;850;845;854;884;896;880;875;857;839;818;800;781;763;741;725;709;691;675;664;656;631;618;1;1;1;1;1;1;1;1;1;1;1;1;1;1;1;1;1;1;1;1;1;1;1;1;1;1;1;1;1;1;1
15400000;1;01/07/1988;17:00;0;1;941;612;809;1;31;1;1;1;945;1;936;926;911;904;898;893;882;869;851;849;844;868;890;884;883;866;848;828;810;791;771;754;734;717;700;682;668;653;640;626;612;1;1;1;1;1;1;1;1;1;1;1;1;1;1;1;1;1;1;1;1;1;1;1;1;1;1;1;1;1;1;1
15400000;1;01/07/1988;;1;1;939;615;809;1;31;1;1;1;0;0;939;928;914;907;899;894;884;872;852;850;845;861;887;890;882;871;853;834;814;796;776;759;738;721;705;687;672;659;648;629;615;1;1;1;1;1;1;1;1;1;1;1;1;1;1;1;1;1;1;1;1;1;1;1;1;1;1;1;1;1;1;1
15400000;2;01/06/1988;;1;1;1341;951;1146;5;30;1;1;1;0;0;1307;1292;1292;1324;1341;1329;1303;1277;1251;1228;1210;1191;1174;1155;1142;1129;1111;1103;1090;1077;1064;1052;1039;1023;1011;999;986;973;963;951;;1;1;1;1;1;1;1;1;1;1;1;1;1;1;1;1;1;1;1;1;1;1;1;1;1;1;1;1;1;1;
15400000;1;01/06/1988;07:00;0;1;1341;947;1146;5;30;1;1;1;945;1;1310;1295;1287;1318;1340;1333;1309;1282;1256;1233;1210;1196;1177;1160;1144;1132;1116;1104;1092;1080;1067;1055;1043;1026;1014;1002;990;975;965;954;;1;1;1;1;1;1;1;1;1;1;1;1;1;1;1;1;1;1;1;1;1;1;1;1;1;1;1;1;1;1;0
15400000;1;01/06/1988;17:00;0;1;1341;947;1146;5;30;1;1;1;945;1;1304;1288;1297;1329;1341;1324;1296;1271;1246;1223;1210;1185;1170;1150;1140;1126;1107;1101;1088;1074;1061;1049;1034;1020;1008;996;982;970;960;947;;1;1;1;1;1;1;1;1;1;1;1;1;1;1;1;1;1;1;1;1;1;1;1;1;1;1;1;1;1;1;0
15400000;1;01/06/1988;;1;1;1341;951;1146;5;30;1;1;1;0;0;1307;1292;1292;1324;1341;1329;1303;1277;1251;1228;1210;1191;1174;1155;1142;1129;1111;1103;1090;1077;1064;1052;1039;1023;1011;999;986;973;963;951;;1;1;1;1;1;1;1;1;1;1;1;1;1;1;1;1;1;1;1;1;1;1;1;1;1;1;1;1;1;1;
15400000;2;01/05/1988;;1;1;1583;1308;1410;1;25;1;1;1;0;0;1583;1571;1560;1550;1543;1532;1513;1498;1475;1461;1446;1436;1420;1405;1395;1382;1370;1357;1347;1335;1328;1322;1317;1311;1308;1314;1327;1335;1330;1324;1318;1;1;1;1;1;1;1;1;1;1;1;1;1;1;1;1;1;1;1;1;1;1;1;1;1;1;1;1;1;1;1
15400000;1;01/05/1988;07:00;0;1;1586;1306;1410;1;25;1;1;1;945;1;1586;1574;1562;1552;1544;1534;1518;1500;1478;1464;1448;1437;1424;1408;1398;1384;1372;1360;1347;1336;1330;1324;1319;1312;1310;1310;1324;1334;1331;1325;1320;1;1;1;1;1;1;1;1;1;1;1;1;1;1;1;1;1;1;1;1;1;1;1;1;1;1;1;1;1;1;1
15400000;1;01/05/1988;17:00;0;1;1586;1306;1410;1;25;1;1;1;945;1;1580;1568;1558;1548;1542;1530;1508;1496;1472;1457;1444;1434;1416;1402;1392;1379;1367;1354;1346;1334;1326;1320;1315;1310;1306;1317;1330;1335;1322;1322;1315;1;1;1;1;1;1;1;1;1;1;1;1;1;1;1;1;1;1;1;1;1;1;1;1;1;1;1;1;1;1;1
15400000;1;01/05/1988;;1;1;1583;1308;1410;1;25;1;1;1;0;0;1583;1571;1560;1550;1543;1532;1513;1498;1475;1461;1446;1436;1420;1405;1395;1382;1370;1357;1347;1335;1328;1322;1317;1311;1308;1314;1327;1335;1330;1324;1318;1;1;1;1;1;1;1;1;1;1;1;1;1;1;1;1;1;1;1;1;1;1;1;1;1;1;1;1;1;1;1
15400000;2;01/04/1988;;1;1;1618;1570;1599;25;1;1;1;1;0;0;1570;1579;1585;1589;1599;1607;1596;1590;1594;1597;1597;1597;1597;1597;1597;1598;1597;1597;1599;1602;1607;1612;1616;1617;1618;1615;1606;1600;1598;1593;;1;1;1;1;1;1;1;1;1;1;1;1;1;1;1;1;1;1;1;1;1;1;1;1;1;1;1;1;1;1;
15400000;1;01/04/1988;17:00;0;1;1618;1569;1599;25;1;1;1;1;945;1;1570;1581;1586;1590;1596;1608;1595;1589;1595;1598;1598;1596;1597;1597;1597;1598;1597;1597;1599;1602;1608;1613;1617;1616;1618;1613;1604;1600;1597;1591;;1;1;1;1;1;1;1;1;1;1;1;1;1;1;1;1;1;1;1;1;1;1;1;1;1;1;1;1;1;1;0
15400000;1;01/04/1988;07:00;0;1;1618;1569;1599;25;1;1;1;1;945;1;1569;1576;1583;1588;1602;1606;1596;1590;1593;1595;1595;1598;1597;1597;1597;1597;1597;1597;1599;1602;1606;1611;1614;1617;1617;1616;1608;1600;1598;1594;;1;1;1;1;1;1;1;1;1;1;1;1;1;1;1;1;1;1;1;1;1;1;1;1;1;1;1;1;1;1;0
15400000;1;01/04/1988;;1;1;1618;1570;1599;25;1;1;1;1;0;0;1570;1579;1585;1589;1599;1607;1596;1590;1594;1597;1597;1597;1597;1597;1597;1598;1597;1597;1599;1602;1607;1612;1616;1617;1618;1615;1606;1600;1598;1593;;1;1;1;1;1;1;1;1;1;1;1;1;1;1;1;1;1;1;1;1;1;1;1;1;1;1;1;1;1;1;
15400000;2;01/03/1988;;1;1;1570;1406;1496;24;12;1;1;1;0;0;1484;1484;1488;1489;1484;1467;1452;1438;1428;1422;1412;1406;1408;1420;1434;1453;1479;1504;1518;1528;1542;1555;1566;1570;1569;1564;1560;1560;1560;1565;1567;1;1;1;1;1;1;1;1;1;1;1;1;1;1;1;1;1;1;1;1;1;1;1;1;1;1;1;1;1;1;1
15400000;1;01/03/1988;07:00;0;1;1570;1403;1496;24;12;1;1;1;945;1;1484;1482;1487;1488;1486;1471;1454;1439;1430;1424;1414;1408;1406;1416;1431;1447;1474;1500;1515;1527;1539;1554;1564;1569;1569;1564;1560;1560;1560;1563;1567;1;1;1;1;1;1;1;1;1;1;1;1;1;1;1;1;1;1;1;1;1;1;1;1;1;1;1;1;1;1;1
15400000;1;01/03/1988;17:00;0;1;1570;1403;1496;24;12;1;1;1;945;1;1484;1486;1488;1490;1481;1463;1450;1436;1426;1420;1410;1403;1410;1424;1437;1458;1484;1508;1520;1529;1545;1556;1567;1570;1568;1564;1559;1559;1560;1566;1567;1;1;1;1;1;1;1;1;1;1;1;1;1;1;1;1;1;1;1;1;1;1;1;1;1;1;1;1;1;1;1
15400000;1;01/03/1988;;1;1;1570;1406;1496;24;12;1;1;1;0;0;1484;1484;1488;1489;1484;1467;1452;1438;1428;1422;1412;1406;1408;1420;1434;1453;1479;1504;1518;1528;1542;1555;1566;1570;1569;1564;1560;1560;1560;1565;1567;1;1;1;1;1;1;1;1;1;1;1;1;1;1;1;1;1;1;1;1;1;1;1;1;1;1;1;1;1;1;1
15400000;2;01/02/1988;;1;1;1492;1347;1429;29;19;2;2;2;0;0;1439;1451;1456;1456;1453;1446;1437;1431;1431;1437;1443;1445;1438;1410;1398;1387;1376;1361;1347;1350;1373;1405;1442;1473;1476;1474;1466;1460;1492;;;2;2;2;2;2;2;2;2;2;1;2;2;2;2;2;2;2;2;2;2;2;2;2;2;2;2;2;2;1;;
15400000;1;01/02/1988;07:00;0;1;1496;1396;1440;29;18;1;1;1;945;1;1414;1419;1428;1434;1434;1435;1432;1433;1433;1436;1447;1450;1449;1444;1430;1427;1427;1406;1396;1398;1409;1428;1449;1464;1479;1488;1490;1488;1487;;;1;1;1;1;1;1;1;1;1;1;1;1;1;1;1;1;1;1;1;1;1;1;1;1;1;1;1;1;1;0;0
15400000;1;01/02/1988;17:00;0;1;1496;1396;1440;29;18;1;1;1;945;1;1414;1422;1428;1434;1437;1434;1430;1433;1433;1438;1449;1449;1448;1438;1428;1432;1417;1396;1396;1400;1417;1444;1456;1469;1488;1488;1490;1487;1496;;;1;1;1;1;1;1;1;1;1;1;1;1;1;1;1;1;1;1;1;1;1;1;1;1;1;1;1;1;1;0;0
15400000;1;01/02/1988;;1;1;1492;1396;1441;29;19;1;1;1;0;0;1414;1421;1428;1434;1436;1435;1431;1433;1433;1437;1448;1450;1449;1441;1429;1430;1422;1401;1396;1399;1413;1436;1453;1467;1484;1488;1490;1488;1492;;;1;1;1;1;1;1;1;1;1;1;1;1;1;1;1;1;1;1;1;1;1;1;1;1;1;1;1;1;1;;
15400000;2;01/01/1988;;1;1;1422;1201;1273;31;8;2;2;2;0;0;1232;1228;1226;1226;1221;1214;1204;1201;1211;1222;1230;1238;1248;1264;1271;1267;1256;1251;1259;1273;1297;1315;1324;1323;1311;1306;1317;1340;1374;1404;1422;2;2;2;2;2;2;2;2;2;2;2;2;2;2;2;2;2;2;2;2;2;2;2;2;2;2;2;2;2;2;2
15400000;1;01/01/1988;07:00;0;1;1408;1204;1275;31;8;1;1;1;945;1;1218;1216;1216;1217;1217;1210;1208;1204;1219;1230;1235;1246;1258;1266;1274;1273;1274;1267;1268;1276;1256;1314;1322;1322;1320;1318;1325;1339;1363;1384;1402;1;1;1;1;1;1;1;1;1;1;1;1;1;1;1;1;1;1;1;1;1;1;1;1;1;1;1;1;1;1;1
15400000;1;01/01/1988;17:00;0;1;1408;1204;1275;31;8;1;1;1;945;1;1217;1213;1217;1217;1213;1208;1206;1211;1223;1231;1240;1253;1259;1268;1274;1274;1275;1267;1270;1282;1306;1319;1322;1320;1318;1318;1330;1352;1372;1396;1408;1;1;1;1;1;1;1;1;1;1;1;1;1;1;1;1;1;1;1;1;1;1;1;1;1;1;1;1;1;1;1
15400000;1;01/01/1988;;1;1;1405;1207;1275;31;7;1;1;1;0;0;1218;1215;1217;1217;1215;1209;1207;1210;1221;1231;1238;1250;1259;1267;1274;1274;1275;1267;1269;1279;1281;1317;1322;1321;1319;1318;1328;1346;1368;1388;1405;1;1;1;1;1;1;1;1;1;1;1;1;1;1;1;1;1;1;1;1;1;1;1;1;1;1;1;1;1;1;1
15400000;2;01/12/1987;;1;1;1239;835;1118;25;2;2;2;2;0;0;873;835;883;909;938;979;1028;1070;1110;1138;1167;1156;1134;1135;1148;1155;1156;1156;1155;1160;1163;1174;1193;1238;1239;1236;1229;1226;1223;1223;1231;1;1;1;1;1;1;1;1;1;1;1;1;1;1;1;1;1;1;1;1;1;1;1;2;2;2;2;2;2;2;2
15400000;1;01/12/1987;07:00;0;1;1223;824;1114;25;2;1;1;1;;0;876;824;876;904;932;966;1017;1062;1101;1133;1155;1164;1135;1133;1146;1154;1156;1156;1154;1160;1161;1169;1190;1206;1220;1216;1212;1208;1206;1208;1218;1;1;1;1;1;1;1;1;1;1;1;1;1;1;1;1;1;1;1;1;1;1;1;1;1;1;1;1;1;1;1
15400000;1;01/12/1987;17:00;0;1;1223;824;1114;25;2;1;1;1;;0;870;846;890;914;944;1005;1038;1078;1118;1143;1178;1148;1133;1137;1150;1156;1155;1156;1156;1160;1164;1178;1196;1214;1223;1216;1212;1206;1207;1212;1218;1;1;1;1;1;1;1;1;1;1;1;1;1;1;1;1;1;1;1;1;1;1;1;1;1;1;1;1;1;1;1
15400000;1;01/12/1987;;1;1;1222;835;1113;25;2;1;1;1;0;0;873;835;883;909;938;979;1028;1070;1110;1138;1167;1156;1134;1135;1148;1155;1156;1156;1155;1160;1163;1174;1193;1210;1222;1216;1212;1207;1207;1210;1218;1;1;1;1;1;1;1;1;1;1;1;1;1;1;1;1;1;1;1;1;1;1;1;1;1;1;1;1;1;1;1
15400000;2;01/11/1987;;1;1;802;599;702;23;11;1;1;1;0;0;703;702;684;666;654;639;629;625;606;601;599;602;604;620;670;718;728;718;708;717;750;787;802;802;798;794;789;789;786;772;;1;1;1;1;1;1;1;1;1;1;1;1;1;1;1;1;1;1;1;1;1;1;1;1;1;1;1;1;1;1;
15400000;1;01/11/1987;07:00;0;1;803;599;702;23;10;1;1;1;;0;703;702;688;670;654;641;630;625;608;602;599;601;604;613;658;710;730;721;708;712;742;781;801;802;799;794;789;791;784;773;;1;1;1;1;1;1;1;1;1;1;1;1;1;1;1;1;1;1;1;1;1;1;1;1;1;1;1;1;1;1;0
15400000;1;01/11/1987;17:00;0;1;803;599;702;23;10;1;1;1;;0;703;702;680;662;654;636;627;624;604;599;599;602;604;626;681;726;726;714;708;722;758;792;803;802;796;793;789;787;778;770;;1;1;1;1;1;1;1;1;1;1;1;1;1;1;1;1;1;1;1;1;1;1;1;1;1;1;1;1;1;1;0
15400000;1;01/11/1987;;1;1;802;599;702;23;11;1;1;1;0;0;703;702;684;666;654;639;629;625;606;601;599;602;604;620;670;718;728;718;708;717;750;787;802;802;798;794;789;789;786;772;;1;1;1;1;1;1;1;1;1;1;1;1;1;1;1;1;1;1;1;1;1;1;1;1;1;1;1;1;1;1;
15400000;2;01/10/1987;;1;1;693;267;378;29;22;1;1;1;0;0;363;364;365;364;357;345;332;320;311;304;298;297;306;311;311;306;293;284;276;273;268;267;280;327;394;470;577;672;693;690;690;1;1;1;1;1;1;1;1;1;1;1;1;1;1;1;1;1;1;1;1;1;1;1;1;1;1;1;1;1;1;1
15400000;1;01/10/1987;07:00;0;1;694;266;377;29;21;1;1;1;;0;362;364;363;365;359;348;335;323;312;305;299;295;304;310;311;307;295;285;276;273;270;267;274;314;381;452;555;668;692;692;689;1;1;1;1;1;1;1;1;1;1;1;1;1;1;1;1;1;1;1;1;1;1;1;1;1;1;1;1;1;1;1
15400000;1;01/10/1987;17:00;0;1;694;266;377;29;21;1;1;1;;0;364;364;367;363;354;342;329;317;309;302;297;298;308;311;310;304;290;282;276;272;266;267;286;340;407;488;598;676;694;688;690;1;1;1;1;1;1;1;1;1;1;1;1;1;1;1;1;1;1;1;1;1;1;1;1;1;1;1;1;1;1;1
15400000;1;01/10/1987;;1;1;693;267;378;29;22;1;1;1;0;0;363;364;365;364;357;345;332;320;311;304;298;297;306;311;311;306;293;284;276;273;268;267;280;327;394;470;577;672;693;690;690;1;1;1;1;1;1;1;1;1;1;1;1;1;1;1;1;1;1;1;1;1;1;1;1;1;1;1;1;1;1;1
15400000;2;01/09/1987;;1;1;376;276;320;23;12;1;1;1;0;0;331;327;321;315;311;305;297;291;287;282;279;276;276;278;281;284;291;301;313;328;350;370;376;373;368;362;356;355;359;363;;1;1;1;1;1;1;1;1;1;1;1;1;1;1;1;1;1;1;1;1;1;1;1;1;1;1;1;1;1;1;
15400000;1;01/09/1987;07:00;0;1;376;275;320;23;13;1;1;1;;0;333;328;322;317;312;306;298;293;288;283;280;276;275;277;280;283;290;296;310;324;344;367;376;374;369;363;356;355;357;363;;1;1;1;1;1;1;1;1;1;1;1;1;1;1;1;1;1;1;1;1;1;1;1;1;1;1;1;1;1;1;0
15400000;1;01/09/1987;17:00;0;1;376;275;320;23;13;1;1;1;;0;329;325;320;313;310;304;295;289;285;281;278;276;276;278;281;285;291;305;316;332;356;373;376;372;366;360;356;355;360;362;;1;1;1;1;1;1;1;1;1;1;1;1;1;1;1;1;1;1;1;1;1;1;1;1;1;1;1;1;1;1;0
15400000;1;01/09/1987;;1;1;376;276;320;23;12;1;1;1;0;0;331;327;321;315;311;305;297;291;287;282;279;276;276;278;281;284;291;301;313;328;350;370;376;373;368;362;356;355;359;363;;1;1;1;1;1;1;1;1;1;1;1;1;1;1;1;1;1;1;1;1;1;1;1;1;1;1;1;1;1;1;
15400000;2;01/08/1987;;1;1;491;338;434;16;31;1;1;1;0;0;469;457;456;462;483;490;484;477;467;459;452;447;444;455;478;491;487;472;458;443;428;414;402;380;370;379;363;363;352;345;338;1;1;1;1;1;1;1;1;1;1;1;1;1;1;1;1;1;1;1;1;1;1;1;1;1;1;1;1;1;1;1
15400000;1;01/08/1987;07:00;0;1;492;337;434;16;31;1;1;1;;0;470;456;458;458;480;490;488;478;470;460;453;446;442;452;473;490;489;475;462;446;431;417;405;382;372;380;364;359;353;346;339;1;1;1;1;1;1;1;1;1;1;1;1;1;1;1;1;1;1;1;1;1;1;1;1;1;1;1;1;1;1;1
15400000;1;01/08/1987;17:00;0;1;492;337;434;16;31;1;1;1;;0;468;458;453;465;485;490;480;476;464;458;450;447;445;457;483;492;485;469;454;440;425;411;399;378;367;378;362;366;350;344;337;1;1;1;1;1;1;1;1;1;1;1;1;1;1;1;1;1;1;1;1;1;1;1;1;1;1;1;1;1;1;1
15400000;1;01/08/1987;;1;1;491;338;434;16;31;1;1;1;0;0;469;457;456;462;483;490;484;477;467;459;452;447;444;455;478;491;487;472;458;443;428;414;402;380;370;379;363;363;352;345;338;1;1;1;1;1;1;1;1;1;1;1;1;1;1;1;1;1;1;1;1;1;1;1;1;1;1;1;1;1;1;1
15400000;2;01/07/1987;;1;1;724;484;585;1;31;1;1;1;0;0;724;715;709;703;694;682;667;652;639;630;612;604;593;590;582;576;564;557;550;545;536;528;515;502;496;491;491;507;510;502;484;1;1;1;1;1;1;1;1;1;1;1;1;1;1;1;1;1;1;1;1;1;1;1;1;1;1;1;1;1;1;1
15400000;1;01/07/1987;07:00;0;1;;;;;;0;0;0;;0;725;711;;704;696;685;670;654;641;630;617;604;590;592;584;575;566;558;552;546;538;530;518;504;497;492;486;503;510;504;487;1;1;0;1;1;1;1;1;1;1;1;1;1;1;1;1;1;1;1;1;1;1;1;1;1;1;1;1;1;1;1
15400000;1;01/07/1987;17:00;0;1;;;;;;0;0;0;;0;722;;704;702;692;678;664;648;636;630;606;604;596;588;580;577;562;555;549;543;534;525;512;500;494;490;495;510;510;500;481;1;0;1;1;1;1;1;1;1;1;1;1;1;1;1;1;1;1;1;1;1;1;1;1;1;1;1;1;1;1;1
15400000;1;01/07/1987;;1;1;724;484;585;1;31;1;1;1;0;0;724;715;709;703;694;682;667;652;639;630;612;604;593;590;582;576;564;557;550;545;536;528;515;502;496;491;491;507;510;502;484;1;1;1;1;1;1;1;1;1;1;1;1;1;1;1;1;1;1;1;1;1;1;1;1;1;1;1;1;1;1;1
15400000;2;01/06/1987;;1;1;1004;736;857;1;30;1;1;1;0;0;1004;980;959;937;921;902;885;870;854;846;862;884;908;907;896;882;865;847;830;820;819;820;814;806;800;785;773;760;749;736;;1;1;1;1;1;1;1;1;1;1;1;1;1;1;1;1;1;1;1;1;1;1;1;1;1;1;1;1;1;1;
15400000;1;01/06/1987;07:00;0;1;1008;733;857;1;30;1;1;1;;0;1008;984;964;940;926;906;888;873;857;846;860;882;906;909;900;886;868;850;834;821;819;819;815;808;804;788;776;762;752;739;;1;1;1;1;1;1;1;1;1;1;1;1;1;1;1;1;1;1;1;1;1;1;1;1;1;1;1;1;1;1;0
15400000;1;01/06/1987;17:00;0;1;1008;733;857;1;30;1;1;1;;0;999;975;954;934;916;898;881;866;850;846;864;886;910;904;892;878;861;843;826;818;818;820;813;804;795;782;770;758;746;733;;1;1;1;1;1;1;1;1;1;1;1;1;1;1;1;1;1;1;1;1;1;1;1;1;1;1;1;1;1;1;0
15400000;1;01/06/1987;;1;1;1004;736;857;1;30;1;1;1;0;0;1004;980;959;937;921;902;885;870;854;846;862;884;908;907;896;882;865;847;830;820;819;820;814;806;800;785;773;760;749;736;;1;1;1;1;1;1;1;1;1;1;1;1;1;1;1;1;1;1;1;1;1;1;1;1;1;1;1;1;1;1;
15400000;2;01/05/1987;;1;1;1231;1026;1164;10;31;1;1;1;0;0;1208;1197;1208;1222;1215;1200;1217;1223;1229;1231;1217;1200;1184;1180;1184;1179;1159;1135;1109;1098;1137;1181;1187;1167;1140;1124;1114;1098;1071;1049;1026;1;1;1;1;1;1;1;1;1;1;1;1;1;1;1;1;1;1;1;1;1;1;1;1;1;1;1;1;1;1;1
15400000;1;01/05/1987;07:00;0;1;1235;1022;1164;10;31;1;1;1;;0;1211;1196;1204;1221;1219;1201;1221;1218;1227;1235;1219;1204;1185;1179;1182;1181;1164;1140;1114;1098;1122;1176;1189;1172;1144;1126;1117;1102;1076;1054;1030;1;1;1;1;1;1;1;1;1;1;1;1;1;1;1;1;1;1;1;1;1;1;1;1;1;1;1;1;1;1;1
15400000;1;01/05/1987;17:00;0;1;1235;1022;1164;10;31;1;1;1;;0;1204;1197;1211;1222;1210;1198;1212;1227;1230;1226;1214;1195;1182;1180;1185;1176;1154;1130;1104;1098;1152;1186;1184;1162;1136;1122;1110;1093;1066;1044;1022;1;1;1;1;1;1;1;1;1;1;1;1;1;1;1;1;1;1;1;1;1;1;1;1;1;1;1;1;1;1;1
15400000;1;01/05/1987;;1;1;1231;1026;1164;10;31;1;1;1;0;0;1208;1197;1208;1222;1215;1200;1217;1223;1229;1231;1217;1200;1184;1180;1184;1179;1159;1135;1109;1098;1137;1181;1187;1167;1140;1124;1114;1098;1071;1049;1026;1;1;1;1;1;1;1;1;1;1;1;1;1;1;1;1;1;1;1;1;1;1;1;1;1;1;1;1;1;1;1
15400000;2;01/04/1987;;1;1;1296;1168;1219;9;18;1;1;1;0;0;1213;1217;1223;1235;1238;1255;1272;1288;1296;1293;1272;1254;1235;1217;1200;1184;1173;1168;1173;1183;1180;1174;1173;1177;1180;1181;1208;1228;1240;1227;;1;1;1;1;1;1;1;1;1;1;1;1;1;1;1;1;1;1;1;1;1;1;1;1;1;1;1;1;1;1;
15400000;1;01/04/1987;07:00;0;1;1886;1168;1242;16;18;1;1;1;;0;1214;1218;1219;1234;1234;1250;1268;1286;1296;1296;1276;1258;1239;1221;1203;1886;1175;1168;1172;1182;1185;1174;1173;1176;1180;1179;1194;1223;1239;1235;;1;1;1;1;1;1;1;1;1;1;1;1;1;1;1;1;1;1;1;1;1;1;1;1;1;1;1;1;1;1;0
15400000;1;01/04/1987;17:00;0;1;1886;1168;1242;16;18;1;1;1;;0;1212;1216;1226;1236;1242;1260;1276;1290;1296;1289;1268;1250;1231;1212;1196;1882;1171;1168;1174;1184;1174;1174;1172;1178;1179;1182;1224;1232;1240;1218;;1;1;1;1;1;1;1;1;1;1;1;1;1;1;1;1;1;1;1;1;1;1;1;1;1;1;1;1;1;1;0
15400000;1;01/04/1987;;1;1;1296;1168;1219;9;18;1;1;1;0;0;1213;1217;1223;1235;1238;1255;1272;1288;1296;1293;1272;1254;1235;1217;1200;1184;1173;1168;1173;1183;1180;1174;1173;1177;1180;1181;1208;1228;1240;1227;;1;1;1;1;1;1;1;1;1;1;1;1;1;1;1;1;1;1;1;1;1;1;1;1;1;1;1;1;1;1;
15400000;2;01/03/1987;;1;1;1437;1218;1339;17;31;1;1;1;0;0;1317;1327;1333;1340;1349;1350;1346;1342;1354;1376;1397;1410;1415;1417;1428;1436;1437;1426;1396;1367;1354;1326;1304;1283;1266;1250;1241;1234;1231;1224;1218;1;1;1;1;1;1;1;1;1;1;1;1;1;1;1;1;1;1;1;1;1;1;1;1;1;1;1;1;1;1;1
15400000;1;01/03/1987;07:00;0;1;1438;1216;1338;17;31;1;1;1;;0;1316;1326;1330;1338;1347;1350;1347;1342;1349;1370;1394;1408;1413;1414;1426;1434;1438;1436;1402;1372;1366;1330;1310;1286;1268;1252;1244;1236;1232;1225;1219;1;1;1;1;1;1;1;1;1;1;1;1;1;1;1;1;1;1;1;1;1;1;1;1;1;1;1;1;1;1;1
15400000;1;01/03/1987;17:00;0;1;1438;1216;1338;17;31;1;1;1;;0;1318;1327;1336;1342;1350;1350;1344;1342;1358;1382;1402;1411;1416;1419;1430;1437;1436;1416;1390;1362;1342;1322;1298;1279;1264;1248;1238;1232;1230;1222;1216;1;1;1;1;1;1;1;1;1;1;1;1;1;1;1;1;1;1;1;1;1;1;1;1;1;1;1;1;1;1;1
15400000;1;01/03/1987;;1;1;1437;1218;1339;17;31;1;1;1;0;0;1317;1327;1333;1340;1349;1350;1346;1342;1354;1376;1397;1410;1415;1417;1428;1436;1437;1426;1396;1367;1354;1326;1304;1283;1266;1250;1241;1234;1231;1224;1218;1;1;1;1;1;1;1;1;1;1;1;1;1;1;1;1;1;1;1;1;1;1;1;1;1;1;1;1;1;1;1
15400000;2;01/02/1987;;1;1;1473;1310;1418;12;27;1;1;1;0;0;1422;1432;1436;1439;1443;1447;1442;1457;1460;1464;1468;1473;1470;1470;1469;1472;1468;1454;1434;1408;1385;1358;1340;1331;1315;1313;1310;1310;;;;1;1;1;1;1;1;1;1;1;1;1;1;1;1;1;1;1;1;1;1;1;1;1;1;1;1;1;1;;;
15400000;1;01/02/1987;07:00;0;1;1474;1310;1418;12;27;1;1;1;;0;1420;1430;1436;1437;1442;1445;1442;1454;1458;1462;1468;1474;1470;1470;1469;1472;1470;1458;1439;1413;1390;1364;1344;1338;1317;1313;1310;1310;;;;1;1;1;1;1;1;1;1;1;1;1;1;1;1;1;1;1;1;1;1;1;1;1;1;1;1;1;1;0;0;0
15400000;1;01/02/1987;17:00;0;1;1474;1310;1418;12;27;1;1;1;;0;1424;1433;1436;1440;1444;1449;1442;1460;1462;1466;1468;1472;1470;1469;1469;1472;1466;1450;1428;1402;1379;1382;1323;1323;1313;1313;1310;1310;;;;1;1;1;1;1;1;1;1;1;1;1;1;1;1;1;1;1;1;1;1;1;1;1;1;1;1;1;1;0;0;0
15400000;1;01/02/1987;;1;1;1473;1310;1418;12;27;1;1;1;0;0;1422;1432;1436;1439;1443;1447;1442;1457;1460;1464;1468;1473;1470;1470;1469;1472;1468;1454;1434;1408;1385;1358;1340;1331;1315;1313;1310;1310;;;;1;1;1;1;1;1;1;1;1;1;1;1;1;1;1;1;1;1;1;1;1;1;1;1;1;1;1;1;;;
15400000;2;01/01/1987;;1;1;1416;1131;1282;31;1;1;1;1;0;0;1131;1142;1150;1149;1142;1136;1141;1164;1196;1218;1224;1236;1250;1271;1292;1309;1316;1321;1328;1343;1355;1365;1369;1375;1382;1388;1392;1403;1411;1412;1416;1;1;1;1;1;1;1;1;1;1;1;1;1;1;1;1;1;1;1;1;1;1;1;1;1;1;1;1;1;1;1
15400000;1;01/01/1987;07:00;0;1;1417;1130;1281;31;1;1;1;1;;0;1130;1138;1145;1149;1144;1138;1140;1156;1190;1216;1221;1232;1246;1268;1288;1308;1314;1322;1326;1340;1354;1364;1368;1374;1380;1386;1391;1401;1410;1411;1415;1;1;1;1;1;1;1;1;1;1;1;1;1;1;1;1;1;1;1;1;1;1;1;1;1;1;1;1;1;1;1
15400000;1;01/01/1987;17:00;0;1;1417;1130;1281;31;1;1;1;1;;0;1132;1145;1150;1149;1140;1134;1142;1172;1202;1219;1226;1239;1254;1274;1296;1310;1318;1320;1330;1346;1356;1366;1370;1375;1384;1390;1393;1405;1412;1413;1417;1;1;1;1;1;1;1;1;1;1;1;1;1;1;1;1;1;1;1;1;1;1;1;1;1;1;1;1;1;1;1
15400000;1;01/01/1987;;1;1;1416;1131;1282;31;1;1;1;1;0;0;1131;1142;1150;1149;1142;1136;1141;1164;1196;1218;1224;1236;1250;1271;1292;1309;1316;1321;1328;1343;1355;1365;1369;1375;1382;1388;1392;1403;1411;1412;1416;1;1;1;1;1;1;1;1;1;1;1;1;1;1;1;1;1;1;1;1;1;1;1;1;1;1;1;1;1;1;1
15400000;2;01/12/1986;;1;1;1167;711;993;26;1;2;2;2;0;0;711;874;874;920;942;956;968;980;987;983;972;957;947;942;936;928;927;939;948;957;964;985;1029;1099;1149;1167;1167;1160;1147;1132;1126;2;2;1;1;1;1;1;1;1;1;1;1;1;1;1;1;1;1;1;1;1;1;1;1;1;1;1;1;1;1;1
15400000;1;01/12/1986;07:00;0;1;1168;714;990;26;1;1;1;1;1117;1;714;774;858;913;938;954;964;978;985;984;974;959;947;943;938;928;926;936;946;956;962;979;1012;1085;1142;1166;1168;1163;1150;1134;1126;1;1;1;1;1;1;1;1;1;1;1;1;1;1;1;1;1;1;1;1;1;1;1;1;1;1;1;1;1;1;1
15400000;1;01/12/1986;17:00;0;1;1168;714;990;26;1;1;1;1;1117;1;738;814;890;927;946;957;972;982;988;981;970;954;946;940;933;928;928;942;950;958;966;990;1046;1113;1155;1168;1166;1156;1144;1130;1126;1;1;1;1;1;1;1;1;1;1;1;1;1;1;1;1;1;1;1;1;1;1;1;1;1;1;1;1;1;1;1
15400000;1;01/12/1986;;1;1;1167;726;991;26;1;1;1;1;0;0;726;794;874;920;942;956;968;980;987;983;972;957;947;942;936;928;927;939;948;957;964;985;1029;1099;1149;1167;1167;1160;1147;1132;1126;1;1;1;1;1;1;1;1;1;1;1;1;1;1;1;1;1;1;1;1;1;1;1;1;1;1;1;1;1;1;1
15400000;2;01/11/1986;;1;1;696;531;612;30;10;1;1;1;0;0;641;645;639;621;600;581;564;550;538;531;543;549;551;554;567;586;602;617;638;658;662;656;635;624;631;650;664;673;683;696;;1;1;1;1;1;1;1;1;1;1;1;1;1;1;1;1;1;1;1;1;1;1;1;1;1;1;1;1;1;1;
15400000;1;01/11/1986;07:00;0;1;699;530;611;30;10;1;1;1;1117;1;640;645;641;626;605;585;567;554;540;531;542;547;551;552;563;582;600;612;633;654;664;665;638;624;627;645;662;671;681;693;;1;1;1;1;1;1;1;1;1;1;1;1;1;1;1;1;1;1;1;1;1;1;1;1;1;1;1;1;1;1;0
15400000;1;01/11/1986;17:00;0;1;699;530;611;30;10;1;1;1;1117;1;641;645;636;616;594;577;560;546;536;530;543;550;550;556;571;589;604;622;643;662;660;647;631;624;634;654;666;675;685;699;;1;1;1;1;1;1;1;1;1;1;1;1;1;1;1;1;1;1;1;1;1;1;1;1;1;1;1;1;1;1;0
15400000;1;01/11/1986;;1;1;696;531;612;30;10;1;1;1;0;0;641;645;639;621;600;581;564;550;538;531;543;549;551;554;567;586;602;617;638;658;662;656;635;624;631;650;664;673;683;696;;1;1;1;1;1;1;1;1;1;1;1;1;1;1;1;1;1;1;1;1;1;1;1;1;1;1;1;1;1;1;
15400000;2;01/10/1986;;1;1;746;636;680;5;27;1;1;1;0;0;646;640;672;718;746;743;727;707;690;676;666;663;666;669;666;683;720;738;734;720;704;690;676;661;648;639;636;637;637;636;636;1;1;1;1;1;1;1;1;1;1;1;1;1;1;1;1;1;1;1;1;1;1;1;1;1;1;1;1;1;1;1
15400000;1;01/10/1986;07:00;0;1;748;635;680;5;27;1;1;1;1117;1;649;638;660;709;744;746;731;712;692;678;667;662;665;669;666;674;712;737;736;724;707;693;679;664;650;640;636;636;637;636;635;1;1;1;1;1;1;1;1;1;1;1;1;1;1;1;1;1;1;1;1;1;1;1;1;1;1;1;1;1;1;1
15400000;1;01/10/1986;17:00;0;1;748;635;680;5;27;1;1;1;1117;1;643;642;684;726;748;740;723;701;687;673;664;663;667;669;665;692;727;738;732;715;700;686;672;658;646;638;635;637;636;636;636;1;1;1;1;1;1;1;1;1;1;1;1;1;1;1;1;1;1;1;1;1;1;1;1;1;1;1;1;1;1;1
15400000;1;01/10/1986;;1;1;746;636;680;5;27;1;1;1;0;0;646;640;672;718;746;743;727;707;690;676;666;663;666;669;666;683;720;738;734;720;704;690;676;661;648;639;636;637;637;636;636;1;1;1;1;1;1;1;1;1;1;1;1;1;1;1;1;1;1;1;1;1;1;1;1;1;1;1;1;1;1;1
15400000;2;01/09/1986;;1;1;684;561;628;28;23;1;1;1;0;0;654;656;660;661;661;660;655;646;636;626;616;614;615;617;622;622;618;612;601;588;576;566;561;566;587;634;672;684;677;662;;1;1;1;1;1;1;1;1;1;1;1;1;1;1;1;1;1;1;1;1;1;1;1;1;1;1;1;1;1;1;
15400000;1;01/09/1986;07:00;0;1;684;560;627;28;23;1;1;1;1117;1;654;655;659;661;661;660;656;647;638;628;617;615;614;616;621;621;619;614;603;590;578;567;561;563;579;624;667;683;680;666;;1;1;1;1;1;1;1;1;1;1;1;1;1;1;1;1;1;1;1;1;1;1;1;1;1;1;1;1;1;1;0
15400000;1;01/09/1986;17:00;0;1;684;560;627;28;23;1;1;1;1117;1;654;657;660;660;661;659;653;644;633;623;615;612;612;617;622;622;616;609;598;585;573;565;560;568;594;644;677;684;673;657;;1;1;1;1;1;1;1;1;1;1;1;1;1;1;1;1;1;1;1;1;1;1;1;1;1;1;1;1;1;1;0
15400000;1;01/09/1986;;1;1;684;561;628;28;23;1;1;1;0;0;654;656;660;661;661;660;655;646;636;626;616;614;615;617;622;622;618;612;601;588;576;566;561;566;587;634;672;684;677;662;;1;1;1;1;1;1;1;1;1;1;1;1;1;1;1;1;1;1;1;1;1;1;1;1;1;1;1;1;1;1;
15400000;2;01/08/1986;;1;1;845;612;723;1;18;1;1;1;0;0;845;826;809;791;776;761;747;734;719;704;691;679;663;649;639;628;619;612;628;718;810;836;822;789;761;737;714;696;678;664;656;1;1;1;1;1;1;1;1;1;1;1;1;1;1;1;1;1;1;1;1;1;1;1;1;1;1;1;1;1;1;1
15400000;1;01/08/1986;07:00;0;1;849;610;722;1;18;1;1;1;1117;1;849;830;810;795;780;764;750;738;722;706;694;682;666;652;642;630;620;613;618;690;796;836;828;795;767;742;718;701;681;666;657;1;1;1;1;1;1;1;1;1;1;1;1;1;1;1;1;1;1;1;1;1;1;1;1;1;1;1;1;1;1;1
15400000;1;01/08/1986;17:00;0;1;849;610;722;1;18;1;1;1;1117;1;840;822;805;787;771;757;743;729;715;702;688;673;660;646;636;625;617;610;638;745;823;836;815;783;754;731;709;690;674;662;655;1;1;1;1;1;1;1;1;1;1;1;1;1;1;1;1;1;1;1;1;1;1;1;1;1;1;1;1;1;1;1
15400000;1;01/08/1986;;1;1;845;612;723;1;18;1;1;1;0;0;845;826;809;791;776;761;747;734;719;704;691;679;663;649;639;628;619;612;628;718;810;836;822;789;761;737;714;696;678;664;656;1;1;1;1;1;1;1;1;1;1;1;1;1;1;1;1;1;1;1;1;1;1;1;1;1;1;1;1;1;1;1
15400000;2;01/07/1986;;1;1;1141;862;985;1;31;1;1;1;0;0;1141;1138;1127;1116;1103;1098;1096;1098;1097;1092;1071;1049;1025;1005;984;966;948;929;913;897;885;879;874;869;868;874;883;889;886;876;862;1;1;1;1;1;1;1;1;1;1;1;1;1;1;1;1;1;1;1;1;1;1;1;1;1;1;1;1;1;1;1
15400000;1;01/07/1986;07:00;0;1;1142;858;985;1;31;1;1;1;1117;1;1140;1140;1130;1118;1104;1098;1098;1098;1097;1096;1075;1054;1030;1010;988;970;952;933;916;900;887;880;875;870;867;872;882;889;887;879;866;1;1;1;1;1;1;1;1;1;1;1;1;1;1;1;1;1;1;1;1;1;1;1;1;1;1;1;1;1;1;1
15400000;1;01/07/1986;17:00;0;1;1142;858;985;1;31;1;1;1;1117;1;1142;1136;1124;1114;1102;1098;1094;1098;1097;1088;1067;1044;1020;999;980;961;944;925;910;894;883;878;873;867;868;876;884;889;885;873;858;1;1;1;1;1;1;1;1;1;1;1;1;1;1;1;1;1;1;1;1;1;1;1;1;1;1;1;1;1;1;1
15400000;1;01/07/1986;;1;1;1141;862;985;1;31;1;1;1;0;0;1141;1138;1127;1116;1103;1098;1096;1098;1097;1092;1071;1049;1025;1005;984;966;948;929;913;897;885;879;874;869;868;874;883;889;886;876;862;1;1;1;1;1;1;1;1;1;1;1;1;1;1;1;1;1;1;1;1;1;1;1;1;1;1;1;1;1;1;1
15400000;2;01/06/1986;;1;1;1505;1132;1287;1;29;1;1;1;0;0;1505;1489;1470;1449;1431;1411;1391;1370;1346;1325;1305;1286;1270;1262;1254;1248;1244;1254;1259;1261;1240;1222;1210;1199;1189;1169;1155;1141;1132;1135;;1;1;1;1;1;1;1;1;1;1;1;1;1;1;1;1;1;1;1;1;1;1;1;1;1;1;1;1;1;1;
15400000;1;01/06/1986;07:00;0;1;1508;125;1269;1;22;1;1;1;1117;1;1508;1493;1472;1452;1435;1415;1394;1375;1352;1330;1308;1290;1272;1264;1255;1250;1242;1252;1262;1268;1244;125;1212;1202;1198;1172;1157;1144;1133;1133;;1;1;1;1;1;1;1;1;1;1;1;1;1;1;1;1;1;1;1;1;1;1;1;1;1;1;1;1;1;1;0
15400000;1;01/06/1986;17:00;0;1;1508;125;1269;1;22;1;1;1;1117;1;1501;1485;1467;1446;1427;1407;1387;1365;1340;1319;1301;1282;1268;1259;1252;1246;1246;1256;1256;1254;1236;1218;1207;1195;1180;1165;1152;1137;1130;1136;;1;1;1;1;1;1;1;1;1;1;1;1;1;1;1;1;1;1;1;1;1;1;1;1;1;1;1;1;1;1;0
15400000;1;01/06/1986;;1;1;1505;1132;1287;1;29;1;1;1;0;0;1505;1489;1470;1449;1431;1411;1391;1370;1346;1325;1305;1286;1270;1262;1254;1248;1244;1254;1259;1261;1240;1222;1210;1199;1189;1169;1155;1141;1132;1135;;1;1;1;1;1;1;1;1;1;1;1;1;1;1;1;1;1;1;1;1;1;1;1;1;1;1;1;1;1;1;
15400000;2;01/05/1986;;1;1;1574;1428;1484;4;20;1;1;1;0;0;1567;1568;1573;1574;1563;1546;1526;1508;1494;1483;1464;1457;1458;1453;1447;1443;1438;1435;1429;1428;1429;1434;1446;1457;1460;1462;1466;1471;1490;1512;1516;1;1;1;1;1;1;1;1;1;1;1;1;1;1;1;1;1;1;1;1;1;1;1;1;1;1;1;1;1;1;1
15400000;1;01/05/1986;07:00;0;1;1574;1427;1483;3;19;1;1;1;1117;1;1568;1568;1571;1574;1566;1549;1529;1512;1497;1481;1464;1458;1458;1454;1448;1444;1440;1435;1430;1427;1429;1431;1442;1455;1460;1461;1465;1467;1485;1509;1517;1;1;1;1;1;1;1;1;1;1;1;1;1;1;1;1;1;1;1;1;1;1;1;1;1;1;1;1;1;1;1
15400000;1;01/05/1986;17:00;0;1;1574;1427;1483;3;19;1;1;1;1117;1;1566;1568;1574;1574;1560;1543;1522;1504;1480;1474;1463;1456;1457;1452;1446;1442;1436;1434;1427;1428;1429;1436;1450;1458;1460;1463;1466;1475;1495;1515;1514;1;1;1;1;1;1;1;1;1;1;1;1;1;1;1;1;1;1;1;1;1;1;1;1;1;1;1;1;1;1;1
15400000;1;01/05/1986;;1;1;1574;1428;1484;4;20;1;1;1;0;0;1567;1568;1573;1574;1563;1546;1526;1508;1494;1483;1464;1457;1458;1453;1447;1443;1438;1435;1429;1428;1429;1434;1446;1457;1460;1462;1466;1471;1490;1512;1516;1;1;1;1;1;1;1;1;1;1;1;1;1;1;1;1;1;1;1;1;1;1;1;1;1;1;1;1;1;1;1
15400000;2;01/04/1986;;1;1;1725;1577;1667;4;30;1;1;1;0;0;1715;1719;1722;1725;1725;1722;1720;1713;1708;1704;1699;1696;1691;1689;1678;1670;1660;1645;1636;1634;1637;1642;1639;1630;1617;1605;1599;1594;1588;1577;;1;1;1;1;1;1;1;1;1;1;1;1;1;1;1;1;1;1;1;1;1;1;1;1;1;1;1;1;1;1;
15400000;1;01/04/1986;07:00;0;1;1727;1575;1666;5;30;1;1;1;1117;1;1713;1717;1721;1725;1723;1722;1721;1714;1709;1706;1700;1697;1692;1694;1680;1672;1662;1649;1637;1634;1636;1641;1641;1633;1619;1608;1600;1595;1590;1579;;1;1;1;1;1;1;1;1;1;1;1;1;1;1;1;1;1;1;1;1;1;1;1;1;1;1;1;1;1;1;0
15400000;1;01/04/1986;17:00;0;1;1727;1575;1666;5;30;1;1;1;1117;1;1716;1720;1723;1724;1727;1721;1718;1711;1707;1701;1698;1695;1690;1683;1675;1667;1658;1641;1634;1634;1637;1642;1637;1626;1615;1602;1597;1594;1585;1575;;1;1;1;1;1;1;1;1;1;1;1;1;1;1;1;1;1;1;1;1;1;1;1;1;1;1;1;1;1;1;0
15400000;1;01/04/1986;;1;1;1725;1577;1667;4;30;1;1;1;0;0;1715;1719;1722;1725;1725;1722;1720;1713;1708;1704;1699;1696;1691;1689;1678;1670;1660;1645;1636;1634;1637;1642;1639;1630;1617;1605;1599;1594;1588;1577;;1;1;1;1;1;1;1;1;1;1;1;1;1;1;1;1;1;1;1;1;1;1;1;1;1;1;1;1;1;1;
15400000;2;01/03/1986;;1;1;1709;1556;1630;31;1;1;1;1;0;0;1556;1561;1563;1562;1562;1572;1574;1579;1588;1593;1599;1609;1616;1622;1630;1634;1642;1647;1654;1658;1660;1662;1663;1668;1675;1681;1685;1696;1698;1703;1709;1;1;1;1;1;1;1;1;1;1;1;1;1;1;1;1;1;1;1;1;1;1;1;1;1;1;1;1;1;1;1
15400000;1;01/03/1986;07:00;0;1;1710;1555;1630;31;1;1;1;1;1117;1;1555;1559;1562;1561;1562;1571;1572;1578;1585;1590;1596;1608;1614;1620;1628;1633;1640;1645;1654;1657;1659;1664;1663;1666;1674;1679;1683;1696;1697;1702;1707;1;1;1;1;1;1;1;1;1;1;1;1;1;1;1;1;1;1;1;1;1;1;1;1;1;1;1;1;1;1;1
15400000;1;01/03/1986;17:00;0;1;1710;1555;1630;31;1;1;1;1;1117;1;1556;1562;1564;1562;1562;1572;1576;1580;1590;1595;1601;1610;1618;1624;1632;1635;1644;1649;1653;1658;1660;1660;1663;1670;1676;1683;1686;1696;1699;1704;1710;1;1;1;1;1;1;1;1;1;1;1;1;1;1;1;1;1;1;1;1;1;1;1;1;1;1;1;1;1;1;1
15400000;1;01/03/1986;;1;1;1709;1556;1630;31;1;1;1;1;0;0;1556;1561;1563;1562;1562;1572;1574;1579;1588;1593;1599;1609;1616;1622;1630;1634;1642;1647;1654;1658;1660;1662;1663;1668;1675;1681;1685;1696;1698;1703;1709;1;1;1;1;1;1;1;1;1;1;1;1;1;1;1;1;1;1;1;1;1;1;1;1;1;1;1;1;1;1;1
15400000;2;01/02/1986;;1;1;1554;1420;1503;28;1;1;1;1;0;0;1420;1425;1424;1425;1434;1447;1459;1469;1483;1489;1496;1501;1506;1516;1523;1527;1533;1538;1540;1541;1542;1543;1544;1548;1550;1551;1551;1554;;;;1;1;1;1;1;1;1;1;1;1;1;1;1;1;1;1;1;1;1;1;1;1;1;1;1;1;1;1;;;
15400000;1;01/02/1986;07:00;0;1;1556;505;1485;28;13;1;1;1;1117;1;1420;1425;1424;1423;1431;1444;1457;1467;1480;1488;1495;1499;505;1513;1520;1526;1530;1538;1540;1540;1542;1542;1544;1547;1549;1551;1550;1552;;;;1;1;1;1;1;1;1;1;1;1;1;1;1;1;1;1;1;1;1;1;1;1;1;1;1;1;1;1;0;0;0
15400000;1;01/02/1986;17:00;0;1;1556;505;1485;28;13;1;1;1;1117;1;1420;1425;1423;1426;1437;1449;1460;1470;1486;1490;1496;1502;1506;1519;1526;1527;1536;1538;1540;1541;1541;1544;1544;1549;1550;1551;1552;1556;;;;1;1;1;1;1;1;1;1;1;1;1;1;1;1;1;1;1;1;1;1;1;1;1;1;1;1;1;1;0;0;0
15400000;1;01/02/1986;;1;1;1554;1420;1503;28;1;1;1;1;0;0;1420;1425;1424;1425;1434;1447;1459;1469;1483;1489;1496;1501;1506;1516;1523;1527;1533;1538;1540;1541;1542;1543;1544;1548;1550;1551;1551;1554;;;;1;1;1;1;1;1;1;1;1;1;1;1;1;1;1;1;1;1;1;1;1;1;1;1;1;1;1;1;;;
15400000;2;01/01/1986;;1;1;1417;1178;1258;31;8;1;1;1;0;0;1186;1219;1225;1234;1222;1215;1194;1178;1188;1215;1234;1253;1254;1242;1224;1210;1201;1192;1184;1182;1203;1226;1271;1317;1343;1367;1383;1394;1405;1409;1417;1;1;1;1;1;1;1;1;1;1;1;1;1;1;1;1;1;1;1;1;1;1;1;1;1;1;1;1;1;1;1
15400000;1;01/01/1986;07:00;0;1;1418;1176;1257;31;1;1;1;1;1117;1;1176;1220;1224;1238;1224;1217;1200;1178;1183;1210;1230;1252;1256;1246;1227;1211;1202;1195;1185;1181;1194;1217;1262;1309;1338;1363;1380;1390;1402;1407;1416;1;1;1;1;1;1;1;1;1;1;1;1;1;1;1;1;1;1;1;1;1;1;1;1;1;1;1;1;1;1;1
15400000;1;01/01/1986;17:00;0;1;1418;1176;1257;31;1;1;1;1;1117;1;1195;1218;1225;1229;1220;1212;1188;1178;1193;1219;1237;1254;1252;1238;1220;1209;1200;1189;1183;1183;1211;1235;1280;1325;1347;1371;1386;1398;1407;1410;1418;1;1;1;1;1;1;1;1;1;1;1;1;1;1;1;1;1;1;1;1;1;1;1;1;1;1;1;1;1;1;1
15400000;1;01/01/1986;;1;1;1417;1178;1258;31;8;1;1;1;0;0;1186;1219;1225;1234;1222;1215;1194;1178;1188;1215;1234;1253;1254;1242;1224;1210;1201;1192;1184;1182;1203;1226;1271;1317;1343;1367;1383;1394;1405;1409;1417;1;1;1;1;1;1;1;1;1;1;1;1;1;1;1;1;1;1;1;1;1;1;1;1;1;1;1;1;1;1;1
15400000;2;01/12/1985;;1;1;1135;804;948;31;16;1;1;1;0;0;940;1005;1036;1035;1014;987;948;922;900;886;870;857;842;824;808;804;813;835;862;896;932;966;995;1001;1010;1022;1028;1042;1067;1096;1135;1;1;1;1;1;1;1;1;1;1;1;1;1;1;1;1;1;1;1;1;1;1;1;1;1;1;1;1;1;1;1
15400000;1;01/12/1985;07:00;0;1;1147;804;948;31;16;1;1;1;;0;926;995;1034;1038;1021;992;956;927;904;888;873;860;844;828;811;804;810;829;857;889;926;960;992;1000;1008;1019;1029;1037;1061;1090;1123;1;1;1;1;1;1;1;1;1;1;1;1;1;1;1;1;1;1;1;1;1;1;1;1;1;1;1;1;1;1;1
15400000;1;01/12/1985;17:00;0;1;1147;804;948;31;16;1;1;1;;0;954;1015;1039;1032;1008;976;941;916;895;883;867;854;840;820;806;804;816;841;867;902;939;972;998;1002;1012;1024;1028;1046;1073;1101;1147;1;1;1;1;1;1;1;1;1;1;1;1;1;1;1;1;1;1;1;1;1;1;1;1;1;1;1;1;1;1;1
15400000;1;01/12/1985;;1;1;1135;804;948;31;16;1;1;1;0;0;940;1005;1036;1035;1014;987;948;922;900;886;870;857;842;824;808;804;813;835;862;896;932;966;995;1001;1010;1022;1028;1042;1067;1096;1135;1;1;1;1;1;1;1;1;1;1;1;1;1;1;1;1;1;1;1;1;1;1;1;1;1;1;1;1;1;1;1
15400000;2;01/11/1985;;1;1;992;558;775;22;4;1;1;1;0;0;572;568;562;558;560;565;570;572;594;692;780;820;824;810;792;778;790;834;885;940;980;992;978;950;918;892;874;864;863;880;;1;1;1;1;1;1;1;1;1;1;1;1;1;1;1;1;1;1;1;1;1;1;1;1;1;1;1;1;1;1;
15400000;1;01/11/1985;07:00;0;1;993;558;775;22;4;1;1;1;;0;574;568;563;558;560;564;569;570;584;668;767;816;827;813;796;780;783;824;874;930;975;993;985;955;926;897;878;865;860;871;;1;1;1;1;1;1;1;1;1;1;1;1;1;1;1;1;1;1;1;1;1;1;1;1;1;1;1;1;1;1;0
15400000;1;01/11/1985;17:00;0;1;993;558;775;22;4;1;1;1;;0;570;567;560;558;561;566;570;573;605;717;793;823;822;808;788;776;796;845;896;950;985;991;972;945;910;888;871;862;866;890;;1;1;1;1;1;1;1;1;1;1;1;1;1;1;1;1;1;1;1;1;1;1;1;1;1;1;1;1;1;1;0
15400000;1;01/11/1985;;1;1;992;558;775;22;4;1;1;1;0;0;572;568;562;558;560;565;570;572;594;692;780;820;824;810;792;778;790;834;885;940;980;992;978;950;918;892;874;864;863;880;;1;1;1;1;1;1;1;1;1;1;1;1;1;1;1;1;1;1;1;1;1;1;1;1;1;1;1;1;1;1;
15400000;2;01/10/1985;;1;1;638;556;604;27;16;1;1;1;0;0;584;594;620;633;631;622;621;622;618;612;604;599;592;578;565;556;556;562;580;606;620;614;604;605;611;625;638;634;622;603;585;1;1;1;1;1;1;1;1;1;1;1;1;1;1;1;1;1;1;1;1;1;1;1;1;1;1;1;1;1;1;1
15400000;1;01/10/1985;07:00;0;1;640;556;604;27;16;1;1;1;;0;584;590;614;632;634;623;621;622;620;614;606;601;594;582;568;556;557;559;575;602;619;617;606;604;608;619;635;637;626;608;590;1;1;1;1;1;1;1;1;1;1;1;1;1;1;1;1;1;1;1;1;1;1;1;1;1;1;1;1;1;1;1
15400000;1;01/10/1985;17:00;0;1;640;556;604;27;16;1;1;1;;0;584;599;625;634;638;622;621;621;616;610;603;597;589;575;562;556;556;564;586;611;621;612;602;606;614;631;640;632;617;598;580;1;1;1;1;1;1;1;1;1;1;1;1;1;1;1;1;1;1;1;1;1;1;1;1;1;1;1;1;1;1;1
15400000;1;01/10/1985;;1;1;638;556;604;27;16;1;1;1;0;0;584;594;620;633;631;622;621;622;618;612;604;599;592;578;565;556;556;562;580;606;620;614;604;605;611;625;638;634;622;603;585;1;1;1;1;1;1;1;1;1;1;1;1;1;1;1;1;1;1;1;1;1;1;1;1;1;1;1;1;1;1;1
15400000;2;01/09/1985;;1;1;604;460;531;27;17;1;1;1;0;0;550;544;539;546;559;557;544;528;516;506;498;492;486;480;471;466;460;466;478;495;508;530;562;582;590;599;604;602;596;588;;1;1;1;1;1;1;1;1;1;1;1;1;1;1;1;1;1;1;1;1;1;1;1;1;1;1;1;1;1;1;
15400000;1;01/09/1985;07:00;0;1;604;460;531;27;17;1;1;1;;0;551;546;539;542;558;559;547;530;518;507;499;494;488;481;472;468;461;464;473;492;506;525;555;578;589;596;604;603;599;590;;1;1;1;1;1;1;1;1;1;1;1;1;1;1;1;1;1;1;1;1;1;1;1;1;1;1;1;1;1;1;0
15400000;1;01/09/1985;17:00;0;1;604;460;531;27;17;1;1;1;;0;549;542;539;550;560;555;540;525;514;507;497;490;484;478;470;464;460;467;482;498;510;536;569;585;591;602;604;602;594;586;;1;1;1;1;1;1;1;1;1;1;1;1;1;1;1;1;1;1;1;1;1;1;1;1;1;1;1;1;1;1;0
15400000;1;01/09/1985;;1;1;604;460;531;27;17;1;1;1;0;0;550;544;539;546;559;557;544;528;516;506;498;492;486;480;471;466;460;466;478;495;508;530;562;582;590;599;604;602;596;588;;1;1;1;1;1;1;1;1;1;1;1;1;1;1;1;1;1;1;1;1;1;1;1;1;1;1;1;1;1;1;
15400000;2;01/08/1985;;1;1;834;554;691;8;31;1;1;1;0;0;671;705;746;764;753;779;826;834;817;792;767;746;726;712;700;696;698;698;694;684;670;654;638;624;606;591;581;568;561;556;554;1;1;1;1;1;1;1;1;1;1;1;1;1;1;1;1;1;1;1;1;1;1;1;1;1;1;1;1;1;1;1
15400000;1;01/08/1985;07:00;0;1;836;553;691;8;31;1;1;1;;0;670;694;734;765;754;768;819;836;824;798;770;751;729;715;702;697;697;698;695;686;673;659;641;628;610;594;584;569;562;557;554;1;1;1;1;1;1;1;1;1;1;1;1;1;1;1;1;1;1;1;1;1;1;1;1;1;1;1;1;1;1;1
15400000;1;01/08/1985;17:00;0;1;836;553;691;8;31;1;1;1;;0;672;716;759;762;752;790;832;832;810;785;764;742;724;709;698;695;698;698;692;682;667;650;634;620;602;588;578;567;560;555;553;1;1;1;1;1;1;1;1;1;1;1;1;1;1;1;1;1;1;1;1;1;1;1;1;1;1;1;1;1;1;1
15400000;1;01/08/1985;;1;1;834;554;691;8;31;1;1;1;0;0;671;705;746;764;753;779;826;834;817;792;767;746;726;712;700;696;698;698;694;684;670;654;638;624;606;591;581;568;561;556;554;1;1;1;1;1;1;1;1;1;1;1;1;1;1;1;1;1;1;1;1;1;1;1;1;1;1;1;1;1;1;1
15400000;2;01/07/1985;;1;1;1018;677;875;1;31;1;1;1;0;0;1018;1009;998;987;973;962;958;967;972;967;962;954;947;938;928;910;889;870;854;842;828;810;792;774;758;742;725;712;700;688;677;1;1;1;1;1;1;1;1;1;1;1;1;1;1;1;1;1;1;1;1;1;1;1;1;1;1;1;1;1;1;1
15400000;1;01/07/1985;07:00;0;1;1019;674;875;1;31;1;1;1;;0;1019;1011;1001;991;975;965;957;966;973;968;963;956;949;940;930;914;896;874;857;845;831;815;797;778;764;746;730;714;702;690;680;1;1;1;1;1;1;1;1;1;1;1;1;1;1;1;1;1;1;1;1;1;1;1;1;1;1;1;1;1;1;1
15400000;1;01/07/1985;17:00;0;1;1019;674;875;1;31;1;1;1;;0;1017;1007;996;983;971;960;960;968;971;966;960;953;945;936;926;906;882;865;851;840;825;806;788;770;752;738;720;709;698;685;674;1;1;1;1;1;1;1;1;1;1;1;1;1;1;1;1;1;1;1;1;1;1;1;1;1;1;1;1;1;1;1
15400000;1;01/07/1985;;1;1;1018;677;875;1;31;1;1;1;0;0;1018;1009;998;987;973;962;958;967;972;967;962;954;947;938;928;910;889;870;854;842;828;810;792;774;758;742;725;712;700;688;677;1;1;1;1;1;1;1;1;1;1;1;1;1;1;1;1;1;1;1;1;1;1;1;1;1;1;1;1;1;1;1
15400000;2;01/06/1985;;1;1;1346;1023;1202;1;30;1;1;1;0;0;1346;1336;1325;1314;1308;1308;1314;1310;1300;1290;1280;1264;1249;1234;1218;1205;1192;1172;1161;1147;1134;1120;1108;1096;1083;1070;1060;1046;1032;1023;;1;1;1;1;1;1;1;1;1;1;1;1;1;1;1;1;1;1;1;1;1;1;1;1;1;1;1;1;1;1;
15400000;1;01/06/1985;07:00;0;1;1349;1022;1201;1;30;1;1;1;;0;1349;1338;1327;1317;1309;1308;1312;1312;1303;1292;1283;1269;1252;1236;1222;1208;1195;1175;1164;1150;1138;1123;1110;1098;1086;1071;1063;1049;1034;1024;;1;1;1;1;1;1;1;1;1;1;1;1;1;1;1;1;1;1;1;1;1;1;1;1;1;1;1;1;1;1;0
15400000;1;01/06/1985;17:00;0;1;1349;1022;1201;1;30;1;1;1;;0;1342;1333;1323;1311;1307;1309;1315;1309;1298;1288;1278;1258;1246;1231;1214;1202;1188;1170;1158;1144;1131;1118;1107;1080;1080;1068;1057;1042;1029;1022;;1;1;1;1;1;1;1;1;1;1;1;1;1;1;1;1;1;1;1;1;1;1;1;1;1;1;1;1;1;1;0
15400000;1;01/06/1985;;1;1;1346;1023;1202;1;30;1;1;1;0;0;1346;1336;1325;1314;1308;1308;1314;1310;1300;1290;1280;1264;1249;1234;1218;1205;1192;1172;1161;1147;1134;1120;1108;1096;1083;1070;1060;1046;1032;1023;;1;1;1;1;1;1;1;1;1;1;1;1;1;1;1;1;1;1;1;1;1;1;1;1;1;1;1;1;1;1;
15400000;2;01/05/1985;;1;1;1564;1358;1461;5;31;1;1;1;0;0;1548;1555;1557;1560;1564;1560;1546;1536;1522;1504;1487;1473;1458;1444;1433;1429;1428;1428;1424;1428;1439;1440;1432;1418;1409;1399;1391;1381;1372;1366;1358;1;1;1;1;1;1;1;1;1;1;1;1;1;1;1;1;1;1;1;1;1;1;1;1;1;1;1;1;1;1;1
15400000;1;01/05/1985;07:00;0;1;1564;1356;1461;5;31;1;1;1;;0;1546;1555;1557;1559;1564;1562;1549;1537;1527;1508;1490;1475;1464;1448;1435;1430;1428;1429;1424;1426;1438;1441;1434;1420;1411;1400;1394;1384;1374;1367;1360;1;1;1;1;1;1;1;1;1;1;1;1;1;1;1;1;1;1;1;1;1;1;1;1;1;1;1;1;1;1;1
15400000;1;01/05/1985;17:00;0;1;1564;1356;1461;5;31;1;1;1;;0;1549;1555;1557;1562;1563;1559;1544;1534;1517;1500;1484;1471;1453;1440;1431;1428;1428;1427;1424;1431;1440;1439;1429;1417;1407;1398;1388;1378;1370;1364;1356;1;1;1;1;1;1;1;1;1;1;1;1;1;1;1;1;1;1;1;1;1;1;1;1;1;1;1;1;1;1;1
15400000;1;01/05/1985;;1;1;1564;1358;1461;5;31;1;1;1;0;0;1548;1555;1557;1560;1564;1560;1546;1536;1522;1504;1487;1473;1458;1444;1433;1429;1428;1428;1424;1428;1439;1440;1432;1418;1409;1399;1391;1381;1372;1366;1358;1;1;1;1;1;1;1;1;1;1;1;1;1;1;1;1;1;1;1;1;1;1;1;1;1;1;1;1;1;1;1
15400000;2;01/04/1985;;1;1;1543;1468;1506;11;1;1;1;1;0;0;1468;1470;1468;1471;1479;1480;1480;1494;1516;1532;1543;1543;1536;1528;1517;1506;1503;1504;1503;1504;1496;1490;1492;1501;1520;1530;1530;1526;1526;1534;;1;1;1;1;1;1;1;1;1;1;1;1;1;1;1;1;1;1;1;1;1;1;1;1;1;1;1;1;1;1;
15400000;1;01/04/1985;07:00;0;1;1545;1467;1506;12;3;1;1;1;;0;1469;1470;1468;1469;1478;1480;1480;1489;1511;1529;1542;1545;1538;1531;1520;1507;1503;1504;1502;1505;1498;1491;1489;1499;1514;1528;1531;1527;1526;1527;;1;1;1;1;1;1;1;1;1;1;1;1;1;1;1;1;1;1;1;1;1;1;1;1;1;1;1;1;1;1;0
15400000;1;01/04/1985;17:00;0;1;1545;1467;1506;12;3;1;1;1;;0;1468;1471;1467;1473;1480;1481;1480;1500;1520;1536;1544;1541;1533;1525;1514;1506;1503;1503;1504;1502;1494;1488;1494;1503;1525;1531;1530;1524;1527;1536;;1;1;1;1;1;1;1;1;1;1;1;1;1;1;1;1;1;1;1;1;1;1;1;1;1;1;1;1;1;1;0
15400000;1;01/04/1985;;1;1;1543;1468;1506;11;1;1;1;1;0;0;1468;1470;1468;1471;1479;1480;1480;1494;1516;1532;1543;1543;1536;1528;1517;1506;1503;1504;1503;1504;1496;1490;1492;1501;1520;1530;1530;1526;1526;1534;;1;1;1;1;1;1;1;1;1;1;1;1;1;1;1;1;1;1;1;1;1;1;1;1;1;1;1;1;1;1;
15400000;2;01/03/1985;;1;1;1540;1455;1493;19;7;1;1;1;0;0;1497;1486;1471;1463;1459;1458;1455;1462;1474;1486;1488;1491;1496;1496;1498;1514;1528;1538;1540;1534;1526;1509;1498;1492;1496;1502;1502;1496;1484;1474;1470;1;1;1;1;1;1;1;1;1;1;1;1;1;1;1;1;1;1;1;1;1;1;1;1;1;1;1;1;1;1;1
15400000;1;01/03/1985;17:00;0;1;1541;1439;1491;19;19;1;1;1;;0;1495;1484;1468;1462;1459;1458;1454;1466;1477;1488;1488;1491;1496;1496;1500;1517;1532;1539;1439;1533;1523;1507;1496;1492;1499;1502;1501;1492;1482;1473;1469;1;1;1;1;1;1;1;1;1;1;1;1;1;1;1;1;1;1;1;1;1;1;1;1;1;1;1;1;1;1;1
15400000;1;01/03/1985;07:00;0;1;1541;1439;1491;19;19;1;1;1;;0;1499;1488;1474;1464;1459;1457;1456;1459;1471;1484;1488;1491;1495;1497;1496;1510;1525;1536;1541;1536;1529;1511;1501;1492;1494;1502;1503;1499;1486;1475;1471;1;1;1;1;1;1;1;1;1;1;1;1;1;1;1;1;1;1;1;1;1;1;1;1;1;1;1;1;1;1;1
15400000;1;01/03/1985;;1;1;1540;1455;1493;19;7;1;1;1;0;0;1497;1486;1471;1463;1459;1458;1455;1462;1474;1486;1488;1491;1496;1496;1498;1514;1528;1538;1540;1534;1526;1509;1498;1492;1496;1502;1502;1496;1484;1474;1470;1;1;1;1;1;1;1;1;1;1;1;1;1;1;1;1;1;1;1;1;1;1;1;1;1;1;1;1;1;1;1
15400000;2;01/02/1985;;1;1;1512;1449;1476;26;7;1;1;1;0;0;1452;1459;1465;1467;1464;1456;1449;1450;1457;1466;1470;1472;1472;1468;1466;1464;1468;1471;1477;1484;1492;1500;1506;1509;1510;1512;1509;1504;;;;1;1;1;1;1;1;1;1;1;1;1;1;1;1;1;1;1;1;1;1;1;1;1;1;1;1;1;1;;;
15400000;1;01/02/1985;07:00;0;1;1512;1448;1476;26;8;1;1;1;;0;1450;1457;1465;1466;1465;1458;1449;1448;1455;1465;1470;1472;1472;1469;1467;1462;1468;1470;1475;1482;1490;1498;1505;1509;1510;1512;1510;1505;;;;1;1;1;1;1;1;1;1;1;1;1;1;1;1;1;1;1;1;1;1;1;1;1;1;1;1;1;1;0;0;0
15400000;1;01/02/1985;17:00;0;1;1512;1448;1476;26;8;1;1;1;;0;1454;1461;1465;1468;1463;1454;1449;1452;1459;1468;1471;1473;1472;1467;1465;1465;1469;1472;1479;1485;1495;1503;1508;1509;1510;1512;1508;1503;;;;1;1;1;1;1;1;1;1;1;1;1;1;1;1;1;1;1;1;1;1;1;1;1;1;1;1;1;1;0;0;0
15400000;1;01/02/1985;;1;1;1512;1449;1476;26;7;1;1;1;0;0;1452;1459;1465;1467;1464;1456;1449;1450;1457;1466;1470;1472;1472;1468;1466;1464;1468;1471;1477;1484;1492;1500;1506;1509;1510;1512;1509;1504;;;;1;1;1;1;1;1;1;1;1;1;1;1;1;1;1;1;1;1;1;1;1;1;1;1;1;1;1;1;;;
15400000;2;01/01/1985;;1;1;1466;1166;1356;24;1;1;1;1;0;0;1166;1178;1192;1198;1196;1211;1237;1256;1274;1288;1306;1330;1350;1369;1388;1402;1411;1420;1430;1438;1448;1458;1462;1466;1465;1462;1458;1452;1448;1445;1446;1;1;1;1;1;1;1;1;1;1;1;1;1;1;1;1;1;1;1;1;1;1;1;1;1;1;1;1;1;1;1
15400000;1;01/01/1985;07:00;0;1;1466;1164;1356;24;1;1;1;1;;0;1164;1175;1188;1198;1196;1205;1230;1250;1270;1285;1301;1323;1348;1363;1385;1400;1409;1418;1427;1436;1447;1455;1462;1466;1465;1464;1458;1454;1448;1446;1444;1;1;1;1;1;1;1;1;1;1;1;1;1;1;1;1;1;1;1;1;1;1;1;1;1;1;1;1;1;1;1
15400000;1;01/01/1985;17:00;0;1;1466;1164;1356;24;1;1;1;1;;0;1168;1182;1196;1198;1197;1217;1244;1261;1278;1290;1312;1336;1352;1375;1390;1404;1413;1422;1432;1440;1450;1460;1463;1465;1465;1459;1457;1450;1448;1444;1447;1;1;1;1;1;1;1;1;1;1;1;1;1;1;1;1;1;1;1;1;1;1;1;1;1;1;1;1;1;1;1
15400000;1;01/01/1985;;1;1;1466;1166;1356;24;1;1;1;1;0;0;1166;1178;1192;1198;1196;1211;1237;1256;1274;1288;1306;1330;1350;1369;1388;1402;1411;1420;1430;1438;1448;1458;1462;1466;1465;1462;1458;1452;1448;1445;1446;1;1;1;1;1;1;1;1;1;1;1;1;1;1;1;1;1;1;1;1;1;1;1;1;1;1;1;1;1;1;1
15400000;2;01/12/1984;;1;1;1198;1054;1123;15;3;1;1;1;0;0;1068;1056;1054;1056;1060;1060;1058;1071;1106;1125;1125;1132;1162;1191;1198;1184;1168;1150;1134;1120;1130;1155;1169;1166;1152;1132;1114;1112;1116;1132;1152;1;1;1;1;1;1;1;1;1;1;1;1;1;1;1;1;1;1;1;1;1;1;1;1;1;1;1;1;1;1;1
15400000;1;01/12/1984;07:00;0;1;1198;1053;1123;15;3;1;1;1;;0;1072;1058;1053;1053;1059;1059;1056;1066;1100;1123;1126;1126;1154;1187;1198;1187;1173;1156;1138;1123;1126;1150;1168;1167;1155;1136;1121;1114;1115;1128;1149;1;1;1;1;1;1;1;1;1;1;1;1;1;1;1;1;1;1;1;1;1;1;1;1;1;1;1;1;1;1;1
15400000;1;01/12/1984;17:00;0;1;1198;1053;1123;15;3;1;1;1;;0;1065;1055;1054;1059;1061;1060;1059;1076;1113;1127;1124;1137;1171;1195;1198;1180;1162;1145;1130;1118;1135;1160;1170;1165;1150;1127;1116;1111;1117;1136;1156;1;1;1;1;1;1;1;1;1;1;1;1;1;1;1;1;1;1;1;1;1;1;1;1;1;1;1;1;1;1;1
15400000;1;01/12/1984;;1;1;1198;1054;1123;15;3;1;1;1;0;0;1068;1056;1054;1056;1060;1060;1058;1071;1106;1125;1125;1132;1162;1191;1198;1184;1168;1150;1134;1120;1130;1155;1169;1166;1152;1132;1114;1112;1116;1132;1152;1;1;1;1;1;1;1;1;1;1;1;1;1;1;1;1;1;1;1;1;1;1;1;1;1;1;1;1;1;1;1
15400000;2;01/11/1984;;1;1;1113;634;899;28;4;1;1;1;0;0;666;651;639;634;645;692;750;771;771;771;792;855;904;921;922;919;931;959;987;1011;1017;1024;1052;1081;1092;1096;1107;1113;1104;1090;;1;1;1;1;1;1;1;1;1;1;1;1;1;1;1;1;1;1;1;1;1;1;1;1;1;1;1;1;1;1;
15400000;1;01/11/1984;07:00;0;1;1114;633;899;28;4;1;1;1;;0;669;654;641;634;638;671;741;770;772;769;784;840;897;920;924;918;926;952;980;1008;1016;1019;1044;1076;1091;1094;1104;1112;1108;1093;;1;1;1;1;1;1;1;1;1;1;1;1;1;1;1;1;1;1;1;1;1;1;1;1;1;1;1;1;1;1;0
15400000;1;01/11/1984;17:00;0;1;1114;633;899;28;4;1;1;1;;0;662;648;637;633;652;714;760;772;770;773;801;870;910;922;921;920;936;966;994;1014;1018;1029;1061;1086;1093;1098;1110;1114;1100;1086;;1;1;1;1;1;1;1;1;1;1;1;1;1;1;1;1;1;1;1;1;1;1;1;1;1;1;1;1;1;1;0
15400000;1;01/11/1984;;1;1;1113;634;899;28;4;1;1;1;0;0;666;651;639;634;645;692;750;771;771;771;792;855;904;921;922;919;931;959;987;1011;1017;1024;1052;1081;1092;1096;1107;1113;1104;1090;;1;1;1;1;1;1;1;1;1;1;1;1;1;1;1;1;1;1;1;1;1;1;1;1;1;1;1;1;1;1;
15400000;2;01/10/1984;;1;1;674;363;452;30;1;1;1;1;0;0;363;366;378;424;484;508;502;484;468;450;437;424;412;402;394;389;386;385;385;385;386;387;390;405;417;452;535;608;656;674;674;1;1;1;1;1;1;1;1;1;1;1;1;1;1;1;1;1;1;1;1;1;1;1;1;1;1;1;1;1;1;1
15400000;1;01/10/1984;07:00;0;1;676;363;452;31;1;1;1;1;;0;363;365;373;406;473;508;506;488;473;455;440;426;415;404;395;390;387;385;385;385;385;387;388;400;416;436;519;592;648;673;676;1;1;1;1;1;1;1;1;1;1;1;1;1;1;1;1;1;1;1;1;1;1;1;1;1;1;1;1;1;1;1
15400000;1;01/10/1984;17:00;0;1;676;363;452;31;1;1;1;1;;0;363;368;383;441;494;509;498;480;463;446;434;421;410;400;393;388;386;385;385;385;386;387;392;410;418;468;551;624;663;675;673;1;1;1;1;1;1;1;1;1;1;1;1;1;1;1;1;1;1;1;1;1;1;1;1;1;1;1;1;1;1;1
15400000;1;01/10/1984;;1;1;674;363;452;30;1;1;1;1;0;0;363;366;378;424;484;508;502;484;468;450;437;424;412;402;394;389;386;385;385;385;386;387;390;405;417;452;535;608;656;674;674;1;1;1;1;1;1;1;1;1;1;1;1;1;1;1;1;1;1;1;1;1;1;1;1;1;1;1;1;1;1;1
15400000;2;01/09/1984;;1;1;540;364;439;2;30;1;1;1;0;0;529;540;536;524;510;499;490;480;470;462;456;448;439;434;429;426;423;419;416;412;404;398;393;390;384;381;376;371;366;364;;1;1;1;1;1;1;1;1;1;1;1;1;1;1;1;1;1;1;1;1;1;1;1;1;1;1;1;1;1;1;
15400000;1;01/09/1984;07:00;0;1;540;363;439;2;30;1;1;1;;0;526;540;538;527;514;502;492;482;473;464;457;450;440;436;430;427;424;420;416;414;406;400;394;390;386;382;377;372;367;364;;1;1;1;1;1;1;1;1;1;1;1;1;1;1;1;1;1;1;1;1;1;1;1;1;1;1;1;1;1;1;0
15400000;1;01/09/1984;17:00;0;1;540;363;439;2;30;1;1;1;;0;532;540;533;520;507;496;487;478;468;460;454;445;438;432;428;426;422;418;415;411;403;397;392;389;383;380;374;370;366;363;;1;1;1;1;1;1;1;1;1;1;1;1;1;1;1;1;1;1;1;1;1;1;1;1;1;1;1;1;1;1;0
15400000;1;01/09/1984;;1;1;540;364;439;2;30;1;1;1;0;0;529;540;536;524;510;499;490;480;470;462;456;448;439;434;429;426;423;419;416;412;404;398;393;390;384;381;376;371;366;364;;1;1;1;1;1;1;1;1;1;1;1;1;1;1;1;1;1;1;1;1;1;1;1;1;1;1;1;1;1;1;
15400000;2;01/08/1984;;1;1;746;507;597;1;30;1;1;1;0;0;746;726;711;695;675;655;638;624;608;594;590;605;610;610;596;582;574;571;572;572;568;563;560;560;556;546;536;526;514;507;512;1;1;1;1;1;1;1;1;1;1;1;1;1;1;1;1;1;1;1;1;1;1;1;1;1;1;1;1;1;1;1
15400000;1;01/08/1984;07:00;0;1;752;506;597;1;30;1;1;1;;0;752;733;714;700;680;660;643;628;610;596;588;603;609;610;600;584;576;570;572;572;570;564;560;562;557;548;538;528;516;508;509;1;1;1;1;1;1;1;1;1;1;1;1;1;1;1;1;1;1;1;1;1;1;1;1;1;1;1;1;1;1;1
15400000;1;01/08/1984;17:00;0;1;752;506;597;1;30;1;1;1;;0;740;720;708;690;670;650;634;620;605;591;591;607;610;610;591;580;572;572;572;572;566;562;561;559;554;544;534;523;512;506;514;1;1;1;1;1;1;1;1;1;1;1;1;1;1;1;1;1;1;1;1;1;1;1;1;1;1;1;1;1;1;1
15400000;1;01/08/1984;;1;1;746;507;597;1;30;1;1;1;0;0;746;726;711;695;675;655;638;624;608;594;590;605;610;610;596;582;574;571;572;572;568;563;560;560;556;546;536;526;514;507;512;1;1;1;1;1;1;1;1;1;1;1;1;1;1;1;1;1;1;1;1;1;1;1;1;1;1;1;1;1;1;1
15400000;2;01/07/1984;;1;1;1142;766;951;1;31;1;1;1;0;0;1142;1135;1140;1132;1114;1086;1062;1034;1006;981;957;936;920;907;902;908;942;974;972;946;916;896;880;872;863;854;836;820;805;788;766;1;1;1;1;1;1;1;1;1;1;1;1;1;1;1;1;1;1;1;1;1;1;1;1;1;1;1;1;1;1;1
15400000;1;01/07/1984;07:00;0;1;1145;761;951;1;31;1;1;1;;0;1145;1135;1138;1136;1119;1092;1067;1040;1014;987;962;941;923;910;902;904;931;972;975;952;922;900;883;873;866;857;840;824;810;792;772;1;1;1;1;1;1;1;1;1;1;1;1;1;1;1;1;1;1;1;1;1;1;1;1;1;1;1;1;1;1;1
15400000;1;01/07/1984;17:00;0;1;1145;761;951;1;31;1;1;1;;0;1140;1135;1141;1128;1108;1081;1057;1028;999;975;952;932;916;904;902;913;952;976;969;939;910;892;878;870;860;852;831;817;800;784;761;1;1;1;1;1;1;1;1;1;1;1;1;1;1;1;1;1;1;1;1;1;1;1;1;1;1;1;1;1;1;1
15400000;1;01/07/1984;;1;1;1142;766;951;1;31;1;1;1;0;0;1142;1135;1140;1132;1114;1086;1062;1034;1006;981;957;936;920;907;902;908;942;974;972;946;916;896;880;872;863;854;836;820;805;788;766;1;1;1;1;1;1;1;1;1;1;1;1;1;1;1;1;1;1;1;1;1;1;1;1;1;1;1;1;1;1;1
15400000;2;01/06/1984;;1;1;1440;1152;1291;5;30;1;1;1;0;0;1412;1406;1408;1429;1440;1434;1419;1398;1378;1366;1353;1343;1329;1312;1291;1271;1251;1233;1223;1220;1224;1216;1200;1188;1180;1173;1166;1160;1158;1152;;1;1;1;1;1;1;1;1;1;1;1;1;1;1;1;1;1;1;1;1;1;1;1;1;1;1;1;1;1;1;
15400000;1;01/06/1984;07:00;0;1;1442;1150;1291;5;30;1;1;1;;0;1414;1406;1407;1425;1438;1436;1424;1404;1384;1368;1356;1347;1332;1315;1296;1274;1256;1236;1226;1219;1224;1220;1204;1190;1181;1176;1168;1161;1158;1154;;1;1;1;1;1;1;1;1;1;1;1;1;1;1;1;1;1;1;1;1;1;1;1;1;1;1;1;1;1;1;0
15400000;1;01/06/1984;17:00;0;1;1442;1150;1291;5;30;1;1;1;;0;1409;1406;1410;1433;1442;1432;1414;1392;1373;1364;1350;1339;1326;1308;1286;1268;1246;1230;1220;1221;1224;1212;1196;1185;1178;1170;1163;1160;1157;1150;;1;1;1;1;1;1;1;1;1;1;1;1;1;1;1;1;1;1;1;1;1;1;1;1;1;1;1;1;1;1;0
15400000;1;01/06/1984;;1;1;1440;1152;1291;5;30;1;1;1;0;0;1412;1406;1408;1429;1440;1434;1419;1398;1378;1366;1353;1343;1329;1312;1291;1271;1251;1233;1223;1220;1224;1216;1200;1188;1180;1173;1166;1160;1158;1152;;1;1;1;1;1;1;1;1;1;1;1;1;1;1;1;1;1;1;1;1;1;1;1;1;1;1;1;1;1;1;
15400000;2;01/05/1984;;1;1;1727;1421;1581;1;31;1;1;1;0;0;1727;1727;1721;1708;1697;1686;1674;1662;1649;1638;1628;1618;1612;1604;1595;1588;1576;1569;1560;1550;1538;1526;1512;1498;1481;1470;1463;1453;1442;1430;1421;1;1;1;1;1;1;1;1;1;1;1;1;1;1;1;1;1;1;1;1;1;1;1;1;1;1;1;1;1;1;1
15400000;1;01/05/1984;07:00;0;1;1727;1419;1581;1;31;1;1;1;;0;1727;1727;1723;1710;1699;1688;1677;1666;1652;1640;1630;1620;1614;1606;1597;1590;1579;1571;1564;1552;1541;1528;1514;1500;1486;1471;1466;1456;1445;1434;1423;1;1;1;1;1;1;1;1;1;1;1;1;1;1;1;1;1;1;1;1;1;1;1;1;1;1;1;1;1;1;1
15400000;1;01/05/1984;17:00;0;1;1727;1419;1581;1;31;1;1;1;;0;1727;1727;1719;1706;1695;1683;1672;1659;1646;1636;1625;1617;1610;1602;1593;1585;1574;1567;1557;1548;1536;1523;1509;1496;1476;1469;1460;1450;1440;1427;1419;1;1;1;1;1;1;1;1;1;1;1;1;1;1;1;1;1;1;1;1;1;1;1;1;1;1;1;1;1;1;1
15400000;1;01/05/1984;;1;1;1727;1421;1581;1;31;1;1;1;0;0;1727;1727;1721;1708;1697;1686;1674;1662;1649;1638;1628;1618;1612;1604;1595;1588;1576;1569;1560;1550;1538;1526;1512;1498;1481;1470;1463;1453;1442;1430;1421;1;1;1;1;1;1;1;1;1;1;1;1;1;1;1;1;1;1;1;1;1;1;1;1;1;1;1;1;1;1;1
15400000;2;01/04/1984;;1;1;1744;1676;1720;16;1;1;1;1;0;0;1676;1679;1684;1692;1702;1709;1715;1719;1725;1728;1731;1734;1736;1740;1742;1744;1742;1740;1737;1734;1728;1718;1712;1710;1714;1715;1718;1718;1719;1726;;1;1;1;1;1;1;1;1;1;1;1;1;1;1;1;1;1;1;1;1;1;1;1;1;1;1;1;1;1;1;
15400000;1;01/04/1984;07:00;0;1;1744;1676;1720;16;1;1;1;1;;0;1676;1678;1683;1690;1700;1708;1714;1718;1724;1728;1730;1734;1736;1740;1742;1744;1743;1740;1738;1734;1730;1719;1713;1710;1714;1715;1718;1718;1719;1725;;1;1;1;1;1;1;1;1;1;1;1;1;1;1;1;1;1;1;1;1;1;1;1;1;1;1;1;1;1;1;0
15400000;1;01/04/1984;17:00;0;1;1744;1676;1720;16;1;1;1;1;;0;1676;1680;1685;1693;1705;1710;1716;1720;1726;1729;1732;1735;1737;1741;1743;1744;1742;1740;1736;1733;1725;1717;1710;1711;1715;1715;1718;1718;1719;1727;;1;1;1;1;1;1;1;1;1;1;1;1;1;1;1;1;1;1;1;1;1;1;1;1;1;1;1;1;1;1;0
15400000;1;01/04/1984;;1;1;1744;1676;1720;16;1;1;1;1;0;0;1676;1679;1684;1692;1702;1709;1715;1719;1725;1728;1731;1734;1736;1740;1742;1744;1742;1740;1737;1734;1728;1718;1712;1710;1714;1715;1718;1718;1719;1726;;1;1;1;1;1;1;1;1;1;1;1;1;1;1;1;1;1;1;1;1;1;1;1;1;1;1;1;1;1;1;
15400000;2;01/03/1984;;1;1;1672;1595;1625;31;1;2;2;2;0;0;1595;1598;1600;1602;1605;1612;1617;1619;1622;1623;1624;1624;1623;1621;1615;1611;1609;1610;1614;1618;1620;1622;1626;1633;1642;1647;1654;1658;1660;1665;1672;2;2;2;2;2;2;2;2;2;2;2;2;2;2;2;2;2;1;1;1;1;1;1;1;1;1;1;1;1;1;1
15400000;1;01/03/1984;;1;1;1672;1567;1617;31;1;1;1;1;0;0;1567;1570;1574;1578;1582;1589;1593;1602;1605;1614;1618;1619;1618;1615;1614;1612;1610;1610;1614;1618;1620;1622;1626;1633;1642;1647;1654;1658;1660;1665;1672;1;1;1;1;1;1;1;1;1;1;1;1;1;1;1;1;1;1;1;1;1;1;1;1;1;1;1;1;1;1;1
15400000;2;01/02/1984;;1;1;1595;1441;1527;29;1;2;2;2;0;0;1441;1449;1457;1465;1473;1477;1484;1494;1502;1508;1511;1513;1515;1519;1521;1526;1534;1543;1553;1563;1570;1573;1575;1577;1582;1588;1590;1592;1595;;;2;2;2;2;2;2;2;2;2;2;2;2;2;2;2;2;2;2;2;2;2;2;2;2;2;2;2;2;2;;
15400000;1;01/02/1984;;1;1;1560;1389;1471;29;1;1;1;1;0;0;1389;1396;1404;1408;1414;1418;1426;1433;1436;1441;1446;1449;1454;1459;1464;1474;1481;1488;1496;1502;1508;1510;1519;1525;1531;1538;1548;1554;1560;;;1;1;1;1;1;1;1;1;1;1;1;1;1;1;1;1;1;1;1;1;1;1;1;1;1;1;1;1;1;;
15400000;2;01/01/1984;;1;1;1437;925;1284;26;1;2;2;2;0;0;925;941;962;1005;1045;1084;1120;1157;1196;1240;1273;1294;1314;1331;1344;1354;1362;1373;1381;1393;1406;1415;1423;1428;1435;1437;1437;1431;1429;1430;1435;2;2;2;2;2;2;2;2;2;2;2;2;2;2;2;2;2;2;2;2;2;2;2;2;2;2;2;2;2;2;2
15400000;1;01/01/1984;07:00;0;1;1385;880;1241;31;1;1;1;1;;0;880;910;930;940;970;1037;1069;1140;1170;1215;1242;1276;1288;1296;1301;1304;1310;1318;1326;1338;1365;1356;1364;1370;1373;1377;1379;1381;1380;1378;1383;1;1;1;1;1;1;1;1;1;1;1;1;1;1;1;1;1;1;1;1;1;1;1;1;1;1;1;1;1;1;1
15400000;1;01/01/1984;17:00;0;1;1385;880;1241;31;1;1;1;1;;0;900;923;936;956;994;1058;1079;1159;1179;1226;1260;1283;1290;1299;1302;1305;1313;1320;1335;1342;1360;1360;1366;1371;1377;1379;1380;1381;1379;1378;1385;1;1;1;1;1;1;1;1;1;1;1;1;1;1;1;1;1;1;1;1;1;1;1;1;1;1;1;1;1;1;1
15400000;1;01/01/1984;;1;1;1384;890;1241;31;1;1;1;1;0;0;890;916;933;948;982;1048;1073;1150;1174;1220;1251;1280;1289;1298;1302;1304;1312;1319;1330;1340;1348;1358;1365;1370;1375;1378;1380;1381;1380;1378;1384;1;1;1;1;1;1;1;1;1;1;1;1;1;1;1;1;1;1;1;1;1;1;1;1;1;1;1;1;1;1;1
15400000;2;01/12/1983;;1;1;920;713;838;10;23;2;2;2;0;0;766;785;804;828;852;859;864;876;904;920;918;906;903;904;899;890;866;848;826;800;753;728;713;739;756;777;797;825;859;891;909;1;1;1;1;1;1;1;1;1;1;1;1;1;1;1;1;1;1;1;2;2;2;2;2;2;2;2;2;2;2;2
15400000;1;01/12/1983;07:00;0;1;924;718;829;10;26;1;1;1;1060;1;763;783;797;823;847;858;862;870;898;916;920;909;904;904;900;893;873;852;832;812;795;775;757;738;725;718;720;743;790;830;859;1;1;1;1;1;1;1;1;1;1;1;1;1;1;1;1;1;1;1;1;1;1;1;1;1;1;1;1;1;1;1
15400000;1;01/12/1983;17:00;0;1;924;718;829;10;26;1;1;1;1060;1;770;787;810;834;856;860;867;883;909;924;917;904;902;904;898;887;860;844;820;803;785;766;748;731;719;718;724;756;812;846;870;1;1;1;1;1;1;1;1;1;1;1;1;1;1;1;1;1;1;1;1;1;1;1;1;1;1;1;1;1;1;1
15400000;1;01/12/1983;;1;1;920;718;829;10;26;1;1;1;0;0;766;785;804;828;852;859;864;876;904;920;918;906;903;904;899;890;866;848;826;808;790;770;752;734;722;718;722;750;801;838;864;1;1;1;1;1;1;1;1;1;1;1;1;1;1;1;1;1;1;1;1;1;1;1;1;1;1;1;1;1;1;1
15400000;2;01/11/1983;;1;1;739;484;618;30;8;1;1;1;0;0;530;540;545;538;525;506;492;484;494;514;550;570;568;564;580;622;665;685;692;706;722;724;721;718;714;710;706;704;716;739;;1;1;1;1;1;1;1;1;1;1;1;1;1;1;1;1;1;1;1;1;1;1;1;1;1;1;1;1;1;1;
15400000;1;01/11/1983;07:00;0;1;748;483;618;30;8;1;1;1;1060;1;528;539;543;541;530;510;495;483;490;509;543;569;570;565;573;610;658;682;690;703;720;724;722;719;715;710;707;703;710;730;;1;1;1;1;1;1;1;1;1;1;1;1;1;1;1;1;1;1;1;1;1;1;1;1;1;1;1;1;1;1;0
15400000;1;01/11/1983;17:00;0;1;748;483;618;30;8;1;1;1;1060;1;532;542;547;534;520;503;488;486;498;520;558;572;567;563;588;633;672;688;693;710;724;724;720;717;713;709;705;704;722;748;;1;1;1;1;1;1;1;1;1;1;1;1;1;1;1;1;1;1;1;1;1;1;1;1;1;1;1;1;1;1;0
15400000;1;01/11/1983;;1;1;739;484;618;30;8;1;1;1;0;0;530;540;545;538;525;506;492;484;494;514;550;570;568;564;580;622;665;685;692;706;722;724;721;718;714;710;706;704;716;739;;1;1;1;1;1;1;1;1;1;1;1;1;1;1;1;1;1;1;1;1;1;1;1;1;1;1;1;1;1;1;
15400000;2;01/10/1983;;1;1;528;418;457;29;13;1;1;1;0;0;456;449;444;439;435;434;441;442;438;434;428;420;418;418;418;422;421;418;418;426;460;488;500;496;491;505;519;526;528;524;523;1;1;1;1;1;1;1;1;1;1;1;1;1;1;1;1;1;1;1;1;1;1;1;1;1;1;1;1;1;1;1
15400000;1;01/10/1983;07:00;0;1;528;417;457;28;14;1;1;1;1060;1;457;450;446;440;436;434;439;442;439;436;430;420;419;418;417;421;421;419;417;421;455;483;499;499;491;500;518;523;528;524;523;1;1;1;1;1;1;1;1;1;1;1;1;1;1;1;1;1;1;1;1;1;1;1;1;1;1;1;1;1;1;1
15400000;1;01/10/1983;17:00;0;1;528;417;457;28;14;1;1;1;1060;1;454;448;443;438;434;433;443;441;437;433;425;419;418;417;420;422;421;418;419;430;465;493;500;494;491;510;520;528;528;524;523;1;1;1;1;1;1;1;1;1;1;1;1;1;1;1;1;1;1;1;1;1;1;1;1;1;1;1;1;1;1;1
15400000;1;01/10/1983;;1;1;528;418;457;29;13;1;1;1;0;0;456;449;444;439;435;434;441;442;438;434;428;420;418;418;418;422;421;418;418;426;460;488;500;496;491;505;519;526;528;524;523;1;1;1;1;1;1;1;1;1;1;1;1;1;1;1;1;1;1;1;1;1;1;1;1;1;1;1;1;1;1;1
15400000;2;01/09/1983;;1;1;581;462;523;19;30;1;1;1;0;0;572;560;548;534;523;515;508;508;512;515;519;524;528;531;534;542;552;566;581;558;535;520;512;508;498;490;482;475;468;462;;1;1;1;1;1;1;1;1;1;1;1;1;1;1;1;1;1;1;1;1;1;1;1;1;1;1;1;1;1;1;
15400000;1;01/09/1983;07:00;0;1;582;460;523;19;30;1;1;1;1060;1;574;564;550;539;525;517;510;508;511;514;518;523;526;530;533;540;550;562;580;565;540;523;513;510;500;492;484;477;470;464;;1;1;1;1;1;1;1;1;1;1;1;1;1;1;1;1;1;1;1;1;1;1;1;1;1;1;1;1;1;1;0
15400000;1;01/09/1983;17:00;0;1;582;460;523;19;30;1;1;1;1060;1;569;557;545;530;521;513;507;509;512;516;520;524;529;532;536;543;555;570;582;550;530;518;512;506;495;488;481;473;467;460;;1;1;1;1;1;1;1;1;1;1;1;1;1;1;1;1;1;1;1;1;1;1;1;1;1;1;1;1;1;1;0
15400000;1;01/09/1983;;1;1;581;462;523;19;30;1;1;1;0;0;572;560;548;534;523;515;508;508;512;515;519;524;528;531;534;542;552;566;581;558;535;520;512;508;498;490;482;475;468;462;;1;1;1;1;1;1;1;1;1;1;1;1;1;1;1;1;1;1;1;1;1;1;1;1;1;1;1;1;1;1;
15400000;2;01/08/1983;;1;1;890;592;730;1;31;2;2;2;0;0;890;867;850;835;821;808;798;784;771;762;756;751;745;738;731;725;720;715;709;703;696;686;676;666;670;658;648;636;620;607;592;2;2;2;2;2;2;2;2;2;2;2;2;2;2;2;2;2;2;2;2;2;2;2;2;1;1;1;1;1;1;1
15400000;1;01/08/1983;07:00;0;1;1004;588;816;1;31;1;1;1;1060;1;1004;998;996;994;991;988;984;980;971;950;920;900;870;852;830;810;800;783;766;750;730;710;696;683;672;660;650;640;623;610;596;1;1;1;1;1;1;1;1;1;1;1;1;1;1;1;1;1;1;1;1;1;1;1;1;1;1;1;1;1;1;1
15400000;1;01/08/1983;17:00;0;1;1004;588;816;1;31;1;1;1;1060;1;1002;997;995;993;990;986;983;976;960;930;910;880;860;842;820;805;790;772;761;742;720;702;690;678;667;655;645;632;616;604;588;1;1;1;1;1;1;1;1;1;1;1;1;1;1;1;1;1;1;1;1;1;1;1;1;1;1;1;1;1;1;1
15400000;1;01/08/1983;;1;1;1003;592;816;1;31;1;1;1;0;0;1003;998;996;994;990;987;984;978;966;940;915;890;865;847;825;808;795;778;764;746;725;706;693;680;670;658;648;636;620;607;592;1;1;1;1;1;1;1;1;1;1;1;1;1;1;1;1;1;1;1;1;1;1;1;1;1;1;1;1;1;1;1
15400000;2;01/07/1983;;1;1;1178;914;1112;21;31;2;2;2;0;0;1134;1146;1148;1144;1135;1127;1124;1122;1120;1118;1116;1114;1116;1119;1124;1132;1142;1162;1169;1175;1178;1176;1164;1144;1120;1084;1056;1032;985;945;914;1;1;1;1;1;1;1;1;1;1;1;1;1;1;1;1;1;1;1;1;1;1;1;1;1;1;1;2;2;2;2
15400000;1;01/07/1983;07:00;0;1;1179;1005;1118;21;31;1;1;1;1060;1;1129;1145;1149;1146;1138;1128;1124;1122;1120;1118;1116;1114;1115;1118;1122;1130;1136;1160;1168;1174;1177;1177;1168;1150;1126;1091;1062;1040;1020;1011;1007;1;1;1;1;1;1;1;1;1;1;1;1;1;1;1;1;1;1;1;1;1;1;1;1;1;1;1;1;1;1;1
15400000;1;01/07/1983;17:00;0;1;1179;1005;1118;21;31;1;1;1;1060;1;1138;1147;1148;1143;1132;1126;1123;1121;1119;1117;1115;1114;1117;1120;1125;1133;1147;1164;1170;1176;1179;1174;1160;1138;1114;1076;1050;1030;1015;1009;1005;1;1;1;1;1;1;1;1;1;1;1;1;1;1;1;1;1;1;1;1;1;1;1;1;1;1;1;1;1;1;1
15400000;1;01/07/1983;;1;1;1178;1006;1119;21;31;1;1;1;0;0;1134;1146;1148;1144;1135;1127;1124;1122;1120;1118;1116;1114;1116;1119;1124;1132;1142;1162;1169;1175;1178;1176;1164;1144;1120;1084;1056;1035;1018;1010;1006;1;1;1;1;1;1;1;1;1;1;1;1;1;1;1;1;1;1;1;1;1;1;1;1;1;1;1;1;1;1;1
15400000;2;01/06/1983;;1;1;1328;1120;1226;1;29;1;1;1;0;0;1328;1305;1286;1274;1274;1268;1256;1238;1230;1224;1226;1230;1232;1234;1252;1267;1271;1266;1252;1238;1230;1216;1195;1175;1164;1149;1140;1128;1120;1123;;1;1;1;1;1;1;1;1;1;1;1;1;1;1;1;1;1;1;1;1;1;1;1;1;1;1;1;1;1;1;
15400000;1;01/06/1983;07:00;0;1;1336;1120;1226;1;29;1;1;1;1060;1;1336;1310;1290;1274;1273;1271;1260;1240;1233;1224;1225;1230;1232;1233;1245;1266;1270;1271;1253;1241;1233;1220;1200;1178;1166;1153;1143;1130;1120;1122;;1;1;1;1;1;1;1;1;1;1;1;1;1;1;1;1;1;1;1;1;1;1;1;1;1;1;1;1;1;1;0
15400000;1;01/06/1983;17:00;0;1;1336;1120;1226;1;29;1;1;1;1060;1;1320;1300;1281;1273;1274;1265;1251;1236;1223;1223;1226;1231;1232;1235;1258;1268;1272;1260;1250;1236;1228;1211;1190;1172;1161;1145;1137;1125;1121;1124;;1;1;1;1;1;1;1;1;1;1;1;1;1;1;1;1;1;1;1;1;1;1;1;1;1;1;1;1;1;1;0
15400000;1;01/06/1983;;1;1;1328;1120;1226;1;29;1;1;1;0;0;1328;1305;1286;1274;1274;1268;1256;1238;1230;1224;1226;1230;1232;1234;1252;1267;1271;1266;1252;1238;1230;1216;1195;1175;1164;1149;1140;1128;1120;1123;;1;1;1;1;1;1;1;1;1;1;1;1;1;1;1;1;1;1;1;1;1;1;1;1;1;1;1;1;1;1;
15400000;2;01/05/1983;;1;1;1436;1343;1391;20;17;1;1;1;0;0;1404;1409;1414;1410;1405;1410;1410;1404;1398;1394;1391;1394;1399;1390;1366;1348;1343;1370;1415;1436;1434;1412;1386;1372;1364;1366;1372;1378;1382;1375;1357;1;1;1;1;1;1;1;1;1;1;1;1;1;1;1;1;1;1;1;1;1;1;1;1;1;1;1;1;1;1;1
15400000;1;01/05/1983;07:00;0;1;1439;1340;1391;20;17;1;1;1;1060;1;1404;1407;1413;1411;1405;1410;1411;1407;1399;1394;1391;1391;1399;1396;1371;1351;1340;1360;1413;1433;1436;1417;1388;1374;1365;1365;1369;1377;1382;1378;1363;1;1;1;1;1;1;1;1;1;1;1;1;1;1;1;1;1;1;1;1;1;1;1;1;1;1;1;1;1;1;1
15400000;1;01/05/1983;17:00;0;1;1439;1340;1391;20;17;1;1;1;1060;1;1405;1411;1414;1408;1405;1411;1410;1402;1396;1393;1391;1396;1399;1383;1362;1346;1346;1380;1417;1439;1433;1408;1383;1369;1362;1366;1374;1380;1381;1372;1351;1;1;1;1;1;1;1;1;1;1;1;1;1;1;1;1;1;1;1;1;1;1;1;1;1;1;1;1;1;1;1
15400000;1;01/05/1983;;1;1;1436;1343;1391;20;17;1;1;1;0;0;1404;1409;1414;1410;1405;1410;1410;1404;1398;1394;1391;1394;1399;1390;1366;1348;1343;1370;1415;1436;1434;1412;1386;1372;1364;1366;1372;1378;1382;1375;1357;1;1;1;1;1;1;1;1;1;1;1;1;1;1;1;1;1;1;1;1;1;1;1;1;1;1;1;1;1;1;1
15400000;2;01/04/1983;;1;1;1443;1357;1408;11;26;1;1;1;0;0;1416;1399;1395;1404;1407;1401;1395;1405;1423;1440;1443;1440;1438;1434;1424;1412;1414;1415;1415;1420;1425;1418;1403;1387;1374;1357;1365;1381;1398;1403;;1;1;1;1;1;1;1;1;1;1;1;1;1;1;1;1;1;1;1;1;1;1;1;1;1;1;1;1;1;1;
15400000;1;01/04/1983;07:00;0;1;1596;1508;1565;22;23;1;1;1;1060;1;1553;1556;1558;1560;1573;1575;1576;1577;1578;1580;1582;1586;1571;1572;1574;1576;1578;1580;1584;1587;1590;1594;1508;1510;1520;1524;1590;1550;1551;1556;;1;1;1;1;1;1;1;1;1;1;1;1;1;1;1;1;1;1;1;1;1;1;1;1;1;1;1;1;1;1;0
15400000;1;01/04/1983;17:00;0;1;1596;1508;1565;22;23;1;1;1;1060;1;1554;1557;1559;1568;1574;1575;1576;1578;1579;1551;1583;1570;1571;1573;1575;1577;1579;1582;1586;1588;1593;1596;1509;1512;1522;1530;1570;1552;1554;1557;;1;1;1;1;1;1;1;1;1;1;1;1;1;1;1;1;1;1;1;1;1;1;1;1;1;1;1;1;1;1;0
15400000;1;01/04/1983;;1;1;1443;1357;1408;11;26;1;1;1;0;0;1416;1399;1395;1404;1407;1401;1395;1405;1423;1440;1443;1440;1438;1434;1424;1412;1414;1415;1415;1420;1425;1418;1403;1387;1374;1357;1365;1381;1398;1403;;1;1;1;1;1;1;1;1;1;1;1;1;1;1;1;1;1;1;1;1;1;1;1;1;1;1;1;1;1;1;
15400000;2;01/03/1983;;1;1;1534;1445;1492;26;31;1;1;1;0;0;1483;1485;1482;1478;1469;1463;1458;1461;1466;1467;1474;1471;1469;1471;1477;1491;1499;1506;1509;1517;1526;1528;1527;1530;1532;1534;1534;1526;1505;1475;1445;1;1;1;1;1;1;1;1;1;1;1;1;1;1;1;1;1;1;1;1;1;1;1;1;1;1;1;1;1;1;1
15400000;1;01/03/1983;07:00;0;1;1566;1470;1518;26;4;1;1;1;1060;1;1475;1477;1478;1474;1472;1474;1470;1473;1475;1483;1488;1493;1500;1503;1510;1520;1528;1533;1539;1543;1549;1553;1557;1560;1565;1560;1563;1562;1550;1551;1553;1;1;1;1;1;1;1;1;1;1;1;1;1;1;1;1;1;1;1;1;1;1;1;1;1;1;1;1;1;1;1
15400000;1;01/03/1983;17:00;0;1;1566;1470;1518;26;4;1;1;1;1060;1;1476;1477;1478;1470;1473;1474;1470;1474;1476;1488;1489;1496;1507;1506;1518;1523;1530;1536;1540;1545;1550;1555;1558;1563;1565;1566;1560;1561;1552;1552;1553;1;1;1;1;1;1;1;1;1;1;1;1;1;1;1;1;1;1;1;1;1;1;1;1;1;1;1;1;1;1;1
15400000;1;01/03/1983;;1;1;1534;1445;1492;26;31;1;1;1;0;0;1483;1485;1482;1478;1469;1463;1458;1461;1466;1467;1474;1471;1469;1471;1477;1491;1499;1506;1509;1517;1526;1528;1527;1530;1532;1534;1534;1526;1505;1475;1445;1;1;1;1;1;1;1;1;1;1;1;1;1;1;1;1;1;1;1;1;1;1;1;1;1;1;1;1;1;1;1
15400000;2;01/02/1983;;1;1;1483;1316;1401;28;1;1;1;1;0;0;1316;1354;1375;1387;1396;1399;1399;1395;1385;1375;1368;1361;1364;1372;1373;1368;1366;1368;1375;1396;1426;1445;1462;1471;1478;1482;1482;1483;;;;1;1;1;1;1;1;1;1;1;1;1;1;1;1;1;1;1;1;1;1;1;1;1;1;1;1;1;1;;;
15400000;1;01/02/1983;07:00;0;1;1483;1306;1400;26;1;1;1;1;1060;1;1306;1347;1369;1385;1394;1398;1400;1396;1390;1376;1370;1360;1363;1370;1372;1370;1365;1367;1369;1391;1420;1439;1460;1470;1475;1481;1482;1482;;;;1;1;1;1;1;1;1;1;1;1;1;1;1;1;1;1;1;1;1;1;1;1;1;1;1;1;1;1;0;0;0
15400000;1;01/02/1983;17:00;0;1;1483;1306;1400;26;1;1;1;1;1060;1;1326;1360;1380;1389;1397;1399;1398;1393;1380;1373;1365;1361;1365;1373;1374;1366;1366;1368;1380;1400;1431;1450;1463;1472;1480;1483;1481;1483;;;;1;1;1;1;1;1;1;1;1;1;1;1;1;1;1;1;1;1;1;1;1;1;1;1;1;1;1;1;0;0;0
15400000;1;01/02/1983;;1;1;1483;1316;1401;28;1;1;1;1;0;0;1316;1354;1375;1387;1396;1399;1399;1395;1385;1375;1368;1361;1364;1372;1373;1368;1366;1368;1375;1396;1426;1445;1462;1471;1478;1482;1482;1483;;;;1;1;1;1;1;1;1;1;1;1;1;1;1;1;1;1;1;1;1;1;1;1;1;1;1;1;1;1;;;
15400000;2;01/01/1983;;1;1;1346;1195;1261;22;9;1;1;1;0;0;1285;1268;1248;1227;1213;1209;1208;1200;1195;1199;1205;1209;1221;1232;1237;1247;1253;1258;1269;1300;1333;1346;1344;1325;1313;1308;1298;1291;1284;1282;1293;1;1;1;1;1;1;1;1;1;1;1;1;1;1;1;1;1;1;1;1;1;1;1;1;1;1;1;1;1;1;1
15400000;1;01/01/1983;07:00;0;1;1348;1194;1261;22;9;1;1;1;1060;1;1290;1270;1255;1234;1215;1208;1208;1202;1194;1198;1203;1208;1219;1230;1235;1246;1250;1257;1260;1290;1328;1344;1347;1330;1315;1310;1300;1292;1286;1280;1290;1;1;1;1;1;1;1;1;1;1;1;1;1;1;1;1;1;1;1;1;1;1;1;1;1;1;1;1;1;1;1
15400000;1;01/01/1983;17:00;0;1;1348;1194;1261;22;9;1;1;1;1060;1;1280;1265;1240;1220;1211;1209;1207;1198;1196;1199;1206;1210;1223;1233;1239;1248;1255;1259;1278;1310;1338;1348;1340;1320;1310;1305;1296;1290;1282;1283;1296;1;1;1;1;1;1;1;1;1;1;1;1;1;1;1;1;1;1;1;1;1;1;1;1;1;1;1;1;1;1;1
15400000;1;01/01/1983;;1;1;1346;1195;1261;22;9;1;1;1;0;0;1285;1268;1248;1227;1213;1209;1208;1200;1195;1199;1205;1209;1221;1232;1237;1247;1253;1258;1269;1300;1333;1346;1344;1325;1313;1308;1298;1291;1284;1282;1293;1;1;1;1;1;1;1;1;1;1;1;1;1;1;1;1;1;1;1;1;1;1;1;1;1;1;1;1;1;1;1
15400000;2;01/12/1982;;1;1;1292;1104;1174;31;8;1;1;1;0;0;1187;1179;1166;1149;1137;1116;1106;1104;1114;1124;1128;1138;1148;1167;1166;1158;1153;1157;1169;1174;1192;1187;1193;1181;1186;1199;1220;1254;1275;1287;1292;1;1;1;1;1;1;1;1;1;1;1;1;1;1;1;1;1;1;1;1;1;1;1;1;1;1;1;1;1;1;1
15400000;1;01/12/1982;07:00;0;1;1293;1100;1174;31;8;1;1;1;;0;1188;1181;1172;1153;1140;1121;1108;1100;1110;1123;1126;1131;1146;1166;1168;1160;1152;1154;1167;1173;1200;1183;1192;1180;1182;1193;1210;1243;1270;1283;1291;1;1;1;1;1;1;1;1;1;1;1;1;1;1;1;1;1;1;1;1;1;1;1;1;1;1;1;1;1;1;1
15400000;1;01/12/1982;17:00;0;1;1293;1100;1174;31;8;1;1;1;;0;1186;1176;1160;1145;1133;1110;1104;1108;1117;1124;1130;1145;1150;1168;1164;1156;1153;1160;1170;1174;1184;1190;1193;1181;1190;1204;1230;1265;1280;1290;1293;1;1;1;1;1;1;1;1;1;1;1;1;1;1;1;1;1;1;1;1;1;1;1;1;1;1;1;1;1;1;1
15400000;1;01/12/1982;;1;1;1292;1104;1174;31;8;1;1;1;0;0;1187;1179;1166;1149;1137;1116;1106;1104;1114;1124;1128;1138;1148;1167;1166;1158;1153;1157;1169;1174;1192;1187;1193;1181;1186;1199;1220;1254;1275;1287;1292;1;1;1;1;1;1;1;1;1;1;1;1;1;1;1;1;1;1;1;1;1;1;1;1;1;1;1;1;1;1;1
15400000;2;01/11/1982;;1;1;1184;823;1021;30;8;1;1;1;0;0;914;916;905;883;865;847;827;823;864;918;972;1023;1044;1052;1058;1062;1068;1094;1109;1111;1114;1119;1125;1119;1107;1104;1108;1141;1168;1184;;1;1;1;1;1;1;1;1;1;1;1;1;1;1;1;1;1;1;1;1;1;1;1;1;1;1;1;1;1;1;
15400000;1;01/11/1982;07:00;0;1;1188;820;1021;30;7;1;1;1;;0;910;918;910;889;870;853;833;822;839;900;960;1010;1043;1050;1056;1061;1068;1088;1108;1110;1113;1118;1124;1120;1112;1103;1105;1130;1163;1180;;1;1;1;1;1;1;1;1;1;1;1;1;1;1;1;1;1;1;1;1;1;1;1;1;1;1;1;1;1;1;0
15400000;1;01/11/1982;17:00;0;1;1188;820;1021;30;7;1;1;1;;0;917;918;900;876;859;840;820;823;889;936;983;1036;1045;1054;1060;1063;1068;1100;1109;1112;1115;1120;1126;1118;1102;1104;1110;1151;1172;1188;;1;1;1;1;1;1;1;1;1;1;1;1;1;1;1;1;1;1;1;1;1;1;1;1;1;1;1;1;1;1;0
15400000;1;01/11/1982;;1;1;1184;823;1021;30;8;1;1;1;0;0;914;916;905;883;865;847;827;823;864;918;972;1023;1044;1052;1058;1062;1068;1094;1109;1111;1114;1119;1125;1119;1107;1104;1108;1141;1168;1184;;1;1;1;1;1;1;1;1;1;1;1;1;1;1;1;1;1;1;1;1;1;1;1;1;1;1;1;1;1;1;
15400000;2;01/10/1982;;1;1;972;620;784;16;9;1;1;1;0;0;676;664;651;642;637;628;622;622;620;628;675;752;810;860;910;972;944;935;926;884;847;822;806;791;806;821;836;852;868;884;899;1;1;1;1;1;1;1;1;1;1;1;1;1;1;1;1;1;1;1;1;1;1;1;1;1;1;1;1;1;1;1
15400000;1;01/10/1982;;1;1;972;620;784;16;9;1;1;1;0;0;676;664;651;642;637;628;622;622;620;628;675;752;810;860;910;972;944;935;926;884;847;822;806;791;806;821;836;852;868;884;899;1;1;1;1;1;1;1;1;1;1;1;1;1;1;1;1;1;1;1;1;1;1;1;1;1;1;1;1;1;1;1
15400000;2;01/09/1982;;1;1;669;448;525;30;20;1;1;1;0;0;567;559;555;551;547;543;535;528;523;510;496;489;486;486;484;481;474;468;457;448;452;465;484;505;534;563;602;631;647;669;;1;1;1;1;1;1;1;1;1;1;1;1;1;1;1;1;1;1;1;1;1;1;1;1;1;1;1;1;1;1;
15400000;1;01/09/1982;07:00;0;1;678;448;525;30;20;1;1;1;;0;569;560;556;552;547;544;537;529;524;516;498;490;486;486;484;483;476;496;460;448;450;460;479;496;528;554;592;628;640;660;;1;1;1;1;1;1;1;1;1;1;1;1;1;1;1;1;1;1;1;1;1;1;1;1;1;1;1;1;1;1;0
15400000;1;01/09/1982;17:00;0;1;678;448;525;30;20;1;1;1;;0;564;557;554;549;546;541;532;527;521;504;494;488;486;485;484;479;472;467;454;448;454;470;488;514;540;572;612;634;654;678;;1;1;1;1;1;1;1;1;1;1;1;1;1;1;1;1;1;1;1;1;1;1;1;1;1;1;1;1;1;1;0
15400000;1;01/09/1982;;1;1;669;448;525;30;20;1;1;1;0;0;567;559;555;551;547;543;535;528;523;510;496;489;486;486;484;481;474;468;457;448;452;465;484;505;534;563;602;631;647;669;;1;1;1;1;1;1;1;1;1;1;1;1;1;1;1;1;1;1;1;1;1;1;1;1;1;1;1;1;1;1;
15400000;2;01/08/1982;;1;1;885;575;727;1;31;1;1;1;0;0;885;834;816;804;793;786;782;779;782;792;810;819;810;796;777;750;720;701;677;669;668;666;667;669;652;637;627;617;594;582;575;1;1;1;1;1;1;1;1;1;1;1;1;1;1;1;1;1;1;1;1;1;1;1;1;1;1;1;1;1;1;1
15400000;1;01/08/1982;07:00;0;1;910;573;726;1;31;1;1;1;;0;910;839;819;806;795;787;782;779;781;788;805;818;811;801;782;760;725;705;680;669;668;666;666;668;656;641;629;619;601;583;576;1;1;1;1;1;1;1;1;1;1;1;1;1;1;1;1;1;1;1;1;1;1;1;1;1;1;1;1;1;1;1
15400000;1;01/08/1982;17:00;0;1;910;573;726;1;31;1;1;1;;0;859;829;812;801;791;784;781;779;782;796;816;819;791;791;772;739;714;696;673;668;667;665;668;670;648;633;624;615;587;580;573;1;1;1;1;1;1;1;1;1;1;1;1;1;1;1;1;1;1;1;1;1;1;1;1;1;1;1;1;1;1;1
15400000;1;01/08/1982;;1;1;885;575;727;1;31;1;1;1;0;0;885;834;816;804;793;786;782;779;782;792;810;819;810;796;777;750;720;701;677;669;668;666;667;669;652;637;627;617;594;582;575;1;1;1;1;1;1;1;1;1;1;1;1;1;1;1;1;1;1;1;1;1;1;1;1;1;1;1;1;1;1;1
15400000;2;01/07/1982;;1;1;1182;930;1065;1;31;1;1;1;0;0;1182;1166;1148;1125;1107;1096;1084;1075;1063;1047;1038;1014;998;1014;1035;1055;1078;1112;1145;1152;1141;1116;1078;1056;1038;1025;1007;977;965;950;930;1;1;1;1;1;1;1;1;1;1;1;1;1;1;1;1;1;1;1;1;1;1;1;1;1;1;1;1;1;1;1
15400000;1;01/07/1982;;1;1;1182;930;1065;1;31;1;1;1;0;0;1182;1166;1148;1125;1107;1096;1084;1075;1063;1047;1038;1014;998;1014;1035;1055;1078;1112;1145;1152;1141;1116;1078;1056;1038;1025;1007;977;965;950;930;1;1;1;1;1;1;1;1;1;1;1;1;1;1;1;1;1;1;1;1;1;1;1;1;1;1;1;1;1;1;1
15400000;2;01/06/1982;;1;1;1472;1206;1313;1;30;1;1;1;0;0;1472;1462;1451;1429;1405;1392;1378;1357;1335;1321;1312;1303;1294;1282;1272;1265;1261;1261;1267;1274;1286;1292;1275;1262;1258;1271;1266;1245;1228;1206;;1;1;1;1;1;1;1;1;1;1;1;1;1;1;1;1;1;1;1;1;1;1;1;1;1;1;1;1;1;1;
15400000;1;01/06/1982;;1;1;1472;1206;1313;1;30;1;1;1;0;0;1472;1462;1451;1429;1405;1392;1378;1357;1335;1321;1312;1303;1294;1282;1272;1265;1261;1261;1267;1274;1286;1292;1275;1262;1258;1271;1266;1245;1228;1206;;1;1;1;1;1;1;1;1;1;1;1;1;1;1;1;1;1;1;1;1;1;1;1;1;1;1;1;1;1;1;
15400000;2;01/05/1982;;1;1;1686;1476;1559;1;31;1;1;1;0;0;1686;1684;1682;1672;1662;1647;1627;1612;1593;1584;1573;1562;1552;1539;1521;1523;1523;1525;1523;1522;1509;1506;1507;1513;1518;1514;1509;1495;1481;1482;1476;1;1;1;1;1;1;1;1;1;1;1;1;1;1;1;1;1;1;1;1;1;1;1;1;1;1;1;1;1;1;1
15400000;1;01/05/1982;07:00;0;1;1687;1470;1558;2;31;1;1;1;;0;1686;1687;1682;1672;1662;1652;1631;1612;1596;1586;1576;1563;1552;1543;1520;1523;1522;1525;1525;1522;1510;1506;1506;1509;1518;1517;1509;1500;1480;1482;1481;1;1;1;1;1;1;1;1;1;1;1;1;1;1;1;1;1;1;1;1;1;1;1;1;1;1;1;1;1;1;1
15400000;1;01/05/1982;17:00;0;1;1687;1470;1558;2;31;1;1;1;;0;1686;1680;1682;1672;1662;1642;1622;1611;1590;1581;1570;1560;1551;1535;1521;1522;1523;1525;1520;1521;1507;1506;1507;1516;1518;1510;1508;1490;1482;1480;1470;1;1;1;1;1;1;1;1;1;1;1;1;1;1;1;1;1;1;1;1;1;1;1;1;1;1;1;1;1;1;1
15400000;1;01/05/1982;;1;1;1686;1476;1559;1;31;1;1;1;0;0;1686;1684;1682;1672;1662;1647;1627;1612;1593;1584;1573;1562;1552;1539;1521;1523;1523;1525;1523;1522;1509;1506;1507;1513;1518;1514;1509;1495;1481;1482;1476;1;1;1;1;1;1;1;1;1;1;1;1;1;1;1;1;1;1;1;1;1;1;1;1;1;1;1;1;1;1;1
15400000;2;01/04/1982;;1;1;1715;1676;1696;23;15;1;1;1;0;0;1684;1688;1692;1699;1704;1706;1707;1706;1705;1698;1688;1686;1688;1678;1676;1682;1687;1691;1696;1700;1704;1710;1715;1714;1711;1704;1695;1696;1682;1685;;1;1;1;1;1;1;1;1;1;1;1;1;1;1;1;1;1;1;1;1;1;1;1;1;1;1;1;1;1;1;
15400000;1;01/04/1982;07:00;0;1;1716;1675;1696;24;15;1;1;1;;0;1683;1686;1691;1698;1702;1706;1706;1706;1705;1700;1690;1686;1687;1680;1675;1679;1686;1690;1693;1698;1703;1710;1715;1716;1712;1706;1700;1696;1680;1685;;1;1;1;1;1;1;1;1;1;1;1;1;1;1;1;1;1;1;1;1;1;1;1;1;1;1;1;1;1;1;0
15400000;1;01/04/1982;17:00;0;1;1716;1675;1696;24;15;1;1;1;;0;1684;1690;1692;1700;1706;1706;1707;1705;1704;1696;1685;1686;1689;1676;1677;1685;1688;1691;1698;1702;1704;1710;1715;1712;1710;1702;1689;1695;1683;1685;;1;1;1;1;1;1;1;1;1;1;1;1;1;1;1;1;1;1;1;1;1;1;1;1;1;1;1;1;1;1;0
15400000;1;01/04/1982;;1;1;1715;1676;1696;23;15;1;1;1;0;0;1684;1688;1692;1699;1704;1706;1707;1706;1705;1698;1688;1686;1688;1678;1676;1682;1687;1691;1696;1700;1704;1710;1715;1714;1711;1704;1695;1696;1682;1685;;1;1;1;1;1;1;1;1;1;1;1;1;1;1;1;1;1;1;1;1;1;1;1;1;1;1;1;1;1;1;
15400000;2;01/03/1982;;1;1;1678;1572;1635;31;3;1;1;1;0;0;1574;1573;1572;1573;1576;1589;1590;1591;1599;1605;1608;1613;1621;1631;1647;1657;1660;1669;1672;1674;1673;1674;1676;1676;1669;1668;1666;1670;1672;1673;1678;1;1;1;1;1;1;1;1;1;1;1;1;1;1;1;1;1;1;1;1;1;1;1;1;1;1;1;1;1;1;1
15400000;1;01/03/1982;07:00;0;1;1679;1572;1635;31;2;1;1;1;;0;1574;1574;1572;1573;1574;1588;1590;1590;1597;1603;1607;1610;1619;1628;1640;1656;1658;1667;1670;1673;1673;1673;1675;1676;1670;1668;1666;1670;1672;1672;1676;1;1;1;1;1;1;1;1;1;1;1;1;1;1;1;1;1;1;1;1;1;1;1;1;1;1;1;1;1;1;1
15400000;1;01/03/1982;17:00;0;1;1679;1572;1635;31;2;1;1;1;;0;1574;1572;1572;1573;1577;1589;1590;1593;1600;1606;1609;1616;1622;1634;1654;1657;1661;1670;1673;1674;1673;1674;1676;1676;1668;1667;1666;1670;1672;1674;1679;1;1;1;1;1;1;1;1;1;1;1;1;1;1;1;1;1;1;1;1;1;1;1;1;1;1;1;1;1;1;1
15400000;1;01/03/1982;;1;1;1678;1572;1635;31;3;1;1;1;0;0;1574;1573;1572;1573;1576;1589;1590;1591;1599;1605;1608;1613;1621;1631;1647;1657;1660;1669;1672;1674;1673;1674;1676;1676;1669;1668;1666;1670;1672;1673;1678;1;1;1;1;1;1;1;1;1;1;1;1;1;1;1;1;1;1;1;1;1;1;1;1;1;1;1;1;1;1;1
15400000;2;01/02/1982;;1;1;1571;1493;1532;28;8;1;1;1;0;0;1510;1514;1519;1518;1513;1501;1499;1493;1494;1499;1505;1509;1513;1522;1526;1537;1547;1548;1550;1547;1560;1565;1568;1566;1569;1570;1570;1571;;;;1;1;1;1;1;1;1;1;1;1;1;1;1;1;1;1;1;1;1;1;1;1;1;1;1;1;1;1;;;
15400000;1;01/02/1982;07:00;0;1;1599;1318;1538;10;3;1;1;1;;0;1509;1511;1318;1519;1516;1502;1500;1590;1593;1599;1501;1508;1512;1520;1524;1536;1546;1548;1549;1558;1559;1563;1567;1566;1560;1570;1570;1569;;;;1;1;1;1;1;1;1;1;1;1;1;1;1;1;1;1;1;1;1;1;1;1;1;1;1;1;1;1;0;0;0
15400000;1;01/02/1982;17:00;0;1;1599;1318;1538;10;3;1;1;1;;0;1510;1517;1519;1517;1510;1500;1572;1592;1594;1500;1508;1510;1513;1523;1528;1538;1548;1548;1500;1546;1560;1567;1568;1566;1569;1570;1569;1573;;;;1;1;1;1;1;1;1;1;1;1;1;1;1;1;1;1;1;1;1;1;1;1;1;1;1;1;1;1;0;0;0
15400000;1;01/02/1982;;1;1;1571;1493;1532;28;8;1;1;1;0;0;1510;1514;1519;1518;1513;1501;1499;1493;1494;1499;1505;1509;1513;1522;1526;1537;1547;1548;1550;1547;1560;1565;1568;1566;1569;1570;1570;1571;;;;1;1;1;1;1;1;1;1;1;1;1;1;1;1;1;1;1;1;1;1;1;1;1;1;1;1;1;1;;;
15400000;2;01/01/1982;;1;1;1509;1160;1376;31;3;1;1;1;0;0;1184;1165;1160;1180;1219;1251;1283;1305;1320;1334;1344;1353;1364;1376;1385;1393;1409;1419;1430;1442;1454;1461;1469;1471;1476;1485;1499;1494;1503;1508;1509;1;1;1;1;1;1;1;1;1;1;1;1;1;1;1;1;1;1;1;1;1;1;1;1;1;1;1;1;1;1;1
15400000;1;01/01/1982;;1;1;1509;1160;1376;31;3;1;1;1;0;0;1184;1165;1160;1180;1219;1251;1283;1305;1320;1334;1344;1353;1364;1376;1385;1393;1409;1419;1430;1442;1454;1461;1469;1471;1476;1485;1499;1494;1503;1508;1509;1;1;1;1;1;1;1;1;1;1;1;1;1;1;1;1;1;1;1;1;1;1;1;1;1;1;1;1;1;1;1
15400000;2;01/12/1981;;1;1;1211;847;1072;29;3;1;1;1;0;0;859;848;847;853;880;952;985;1021;1056;1062;1047;1039;1049;1066;1083;1093;1099;1103;1103;1106;1126;1161;1185;1197;1197;1191;1193;1203;1211;1210;1199;1;1;1;1;1;1;1;1;1;1;1;1;1;1;1;1;1;1;1;1;1;1;1;1;1;1;1;1;1;1;1
15400000;1;01/12/1981;;1;1;1211;847;1072;29;3;1;1;1;0;0;859;848;847;853;880;952;985;1021;1056;1062;1047;1039;1049;1066;1083;1093;1099;1103;1103;1106;1126;1161;1185;1197;1197;1191;1193;1203;1211;1210;1199;1;1;1;1;1;1;1;1;1;1;1;1;1;1;1;1;1;1;1;1;1;1;1;1;1;1;1;1;1;1;1
15400000;2;01/11/1981;;1;1;891;717;810;16;6;1;1;1;0;0;783;770;751;731;719;717;722;758;808;813;796;783;791;838;882;891;879;862;842;827;816;807;800;798;800;831;870;876;876;864;;1;1;1;1;1;1;1;1;1;1;1;1;1;1;1;1;1;1;1;1;1;1;1;1;1;1;1;1;1;1;
15400000;1;01/11/1981;;1;1;891;717;810;16;6;1;1;1;0;0;783;770;751;731;719;717;722;758;808;813;796;783;791;838;882;891;879;862;842;827;816;807;800;798;800;831;870;876;876;864;;1;1;1;1;1;1;1;1;1;1;1;1;1;1;1;1;1;1;1;1;1;1;1;1;1;1;1;1;1;1;
15400000;2;01/10/1981;;1;1;781;380;528;31;8;1;1;1;0;0;400;413;421;419;411;400;388;380;384;391;402;400;397;396;420;495;546;558;554;558;579;596;613;641;679;719;752;761;759;766;781;1;1;1;1;1;1;1;1;1;1;1;1;1;1;1;1;1;1;1;1;1;1;1;1;1;1;1;1;1;1;1
15400000;1;01/10/1981;;1;1;781;380;528;31;8;1;1;1;0;0;400;413;421;419;411;400;388;380;384;391;402;400;397;396;420;495;546;558;554;558;579;596;613;641;679;719;752;761;759;766;781;1;1;1;1;1;1;1;1;1;1;1;1;1;1;1;1;1;1;1;1;1;1;1;1;1;1;1;1;1;1;1
15400000;2;01/09/1981;;1;1;460;352;386;1;19;1;1;1;0;0;460;444;432;420;410;401;393;390;395;395;389;380;370;362;358;357;356;355;352;352;358;365;377;392;398;393;385;379;376;384;;1;1;1;1;1;1;1;1;1;1;1;1;1;1;1;1;1;1;1;1;1;1;1;1;1;1;1;1;1;1;
15400000;1;01/09/1981;;1;1;460;352;386;1;19;1;1;1;0;0;460;444;432;420;410;401;393;390;395;395;389;380;370;362;358;357;356;355;352;352;358;365;377;392;398;393;385;379;376;384;;1;1;1;1;1;1;1;1;1;1;1;1;1;1;1;1;1;1;1;1;1;1;1;1;1;1;1;1;1;1;
15400000;2;01/08/1981;;1;1;565;433;487;1;15;1;1;1;0;0;565;547;537;526;514;503;491;484;473;464;456;446;439;436;433;444;456;467;474;480;479;472;469;483;514;529;528;518;505;490;474;1;1;1;1;1;1;1;1;1;1;1;1;1;1;1;1;1;1;1;1;1;1;1;1;1;1;1;1;1;1;1
15400000;1;01/08/1981;;1;1;565;433;487;1;15;1;1;1;0;0;565;547;537;526;514;503;491;484;473;464;456;446;439;436;433;444;456;467;474;480;479;472;469;483;514;529;528;518;505;490;474;1;1;1;1;1;1;1;1;1;1;1;1;1;1;1;1;1;1;1;1;1;1;1;1;1;1;1;1;1;1;1
15400000;2;01/07/1981;;1;1;1025;584;777;1;31;1;1;1;0;0;1025;1003;978;955;934;912;895;873;857;843;829;815;800;786;769;755;740;728;714;710;712;705;687;669;660;652;643;631;615;599;584;1;1;1;1;1;1;1;1;1;1;1;1;1;1;1;1;1;1;1;1;1;1;1;1;1;1;1;1;1;1;1
15400000;1;01/07/1981;;1;1;1025;584;777;1;31;1;1;1;0;0;1025;1003;978;955;934;912;895;873;857;843;829;815;800;786;769;755;740;728;714;710;712;705;687;669;660;652;643;631;615;599;584;1;1;1;1;1;1;1;1;1;1;1;1;1;1;1;1;1;1;1;1;1;1;1;1;1;1;1;1;1;1;1
15400000;2;01/06/1981;;1;1;1308;1045;1204;10;30;1;1;1;0;0;1303;1301;1289;1280;1272;1258;1250;1274;1303;1308;1296;1284;1268;1251;1228;1207;1186;1161;1144;1137;1133;1130;1134;1145;1144;1128;1105;1084;1064;1045;;1;1;1;1;1;1;1;1;1;1;1;1;1;1;1;1;1;1;1;1;1;1;1;1;1;1;1;1;1;1;
15400000;1;01/06/1981;;1;1;1308;1045;1204;10;30;1;1;1;0;0;1303;1301;1289;1280;1272;1258;1250;1274;1303;1308;1296;1284;1268;1251;1228;1207;1186;1161;1144;1137;1133;1130;1134;1145;1144;1128;1105;1084;1064;1045;;1;1;1;1;1;1;1;1;1;1;1;1;1;1;1;1;1;1;1;1;1;1;1;1;1;1;1;1;1;1;
15400000;2;01/05/1981;;1;1;1445;1299;1357;1;31;1;1;1;0;0;1445;1431;1410;1398;1397;1397;1393;1379;1358;1346;1339;1325;1320;1322;1322;1332;1346;1352;1353;1354;1376;1386;1388;1373;1353;1339;1326;1316;1305;1300;1299;1;1;1;1;1;1;1;1;1;1;1;1;1;1;1;1;1;1;1;1;1;1;1;1;1;1;1;1;1;1;1
15400000;1;01/05/1981;;1;1;1445;1299;1357;1;31;1;1;1;0;0;1445;1431;1410;1398;1397;1397;1393;1379;1358;1346;1339;1325;1320;1322;1322;1332;1346;1352;1353;1354;1376;1386;1388;1373;1353;1339;1326;1316;1305;1300;1299;1;1;1;1;1;1;1;1;1;1;1;1;1;1;1;1;1;1;1;1;1;1;1;1;1;1;1;1;1;1;1
15400000;2;01/04/1981;;1;1;1548;1436;1509;1;29;1;1;1;0;0;1548;1546;1541;1538;1535;1534;1531;1529;1529;1524;1515;1508;1501;1493;1490;1501;1506;1512;1507;1504;1515;1521;1523;1521;1510;1489;1466;1444;1436;1440;;1;1;1;1;1;1;1;1;1;1;1;1;1;1;1;1;1;1;1;1;1;1;1;1;1;1;1;1;1;1;
15400000;1;01/04/1981;;1;1;1548;1436;1509;1;29;1;1;1;0;0;1548;1546;1541;1538;1535;1534;1531;1529;1529;1524;1515;1508;1501;1493;1490;1501;1506;1512;1507;1504;1515;1521;1523;1521;1510;1489;1466;1444;1436;1440;;1;1;1;1;1;1;1;1;1;1;1;1;1;1;1;1;1;1;1;1;1;1;1;1;1;1;1;1;1;1;
15400000;2;01/03/1981;;1;1;1549;1480;1510;30;1;1;1;1;0;0;1480;1488;1492;1502;1504;1506;1506;1500;1501;1502;1503;1500;1498;1496;1497;1499;1499;1501;1502;1500;1501;1505;1511;1517;1524;1534;1538;1543;1548;1549;1549;1;1;1;1;1;1;1;1;1;1;1;1;1;1;1;1;1;1;1;1;1;1;1;1;1;1;1;1;1;1;1
15400000;1;01/03/1981;;1;1;1549;1480;1510;30;1;1;1;1;0;0;1480;1488;1492;1502;1504;1506;1506;1500;1501;1502;1503;1500;1498;1496;1497;1499;1499;1501;1502;1500;1501;1505;1511;1517;1524;1534;1538;1543;1548;1549;1549;1;1;1;1;1;1;1;1;1;1;1;1;1;1;1;1;1;1;1;1;1;1;1;1;1;1;1;1;1;1;1
15400000;2;01/02/1981;;1;1;1470;1224;1325;28;1;2;2;2;0;0;1224;1229;1232;1236;1242;1244;1244;1242;1237;1235;1236;1249;1274;1293;1308;1318;1374;1381;1390;1399;1405;1416;1427;1436;1445;1455;1465;1470;;;;2;2;2;2;2;2;2;1;2;2;2;2;2;2;2;2;1;1;1;1;1;1;1;1;1;1;1;1;;;
15400000;1;01/02/1981;;1;1;1470;1242;1343;28;8;1;1;1;0;0;1260;1265;1268;1266;1258;1251;1246;1242;1253;1270;1284;1303;1319;1335;1351;1362;1374;1381;1390;1399;1405;1416;1427;1436;1445;1455;1465;1470;;;;1;1;1;1;1;1;1;1;1;1;1;1;1;1;1;1;1;1;1;1;1;1;1;1;1;1;1;1;;;
15400000;2;01/01/1981;;1;1;1228;749;997;29;5;2;2;2;0;0;783;771;766;756;749;751;750;752;768;814;868;908;967;994;1015;1038;1066;1083;1089;1098;1133;1180;1201;1150;1170;1193;1212;1221;1228;1225;1221;1;1;1;1;1;1;1;1;1;1;1;1;1;1;1;1;1;1;1;1;1;1;1;2;2;2;2;2;2;2;2
15400000;1;01/01/1981;;1;1;1257;749;1007;30;5;1;1;1;0;0;783;771;766;756;749;751;750;752;768;814;868;908;967;994;1015;1038;1066;1083;1089;1098;1133;1180;1201;1214;1221;1226;1235;1244;1252;1257;1256;1;1;1;1;1;1;1;1;1;1;1;1;1;1;1;1;1;1;1;1;1;1;1;1;1;1;1;1;1;1;1
15400000;2;01/12/1980;;1;1;884;627;795;9;1;1;1;1;0;0;627;685;728;740;753;782;849;881;884;872;857;833;813;795;789;794;809;816;814;813;818;820;815;798;780;749;753;781;799;800;795;1;1;1;1;1;1;1;1;1;1;1;1;1;1;1;1;1;1;1;1;1;1;1;1;1;1;1;1;1;1;1
15400000;1;01/12/1980;;1;1;884;627;795;9;1;1;1;1;0;0;627;685;728;740;753;782;849;881;884;872;857;833;813;795;789;794;809;816;814;813;818;820;815;798;780;749;753;781;799;800;795;1;1;1;1;1;1;1;1;1;1;1;1;1;1;1;1;1;1;1;1;1;1;1;1;1;1;1;1;1;1;1
15400000;2;01/11/1980;;1;1;705;582;648;10;29;1;1;1;0;0;665;663;652;637;622;613;624;671;703;705;698;678;657;650;654;657;674;687;682;674;668;653;640;624;614;608;601;592;582;586;;1;1;1;1;1;1;1;1;1;1;1;1;1;1;1;1;1;1;1;1;1;1;1;1;1;1;1;1;1;1;
15400000;1;01/11/1980;;1;1;705;582;648;10;29;1;1;1;0;0;665;663;652;637;622;613;624;671;703;705;698;678;657;650;654;657;674;687;682;674;668;653;640;624;614;608;601;592;582;586;;1;1;1;1;1;1;1;1;1;1;1;1;1;1;1;1;1;1;1;1;1;1;1;1;1;1;1;1;1;1;
15400000;2;01/10/1980;;1;1;729;430;597;21;7;1;1;1;0;0;439;452;458;451;443;434;430;432;450;529;629;660;697;685;662;636;629;647;693;728;729;715;699;688;669;657;643;635;624;629;645;1;1;1;1;1;1;1;1;1;1;1;1;1;1;1;1;1;1;1;1;1;1;1;1;1;1;1;1;1;1;1
15400000;1;01/10/1980;;1;1;729;430;597;21;7;1;1;1;0;0;439;452;458;451;443;434;430;432;450;529;629;660;697;685;662;636;629;647;693;728;729;715;699;688;669;657;643;635;624;629;645;1;1;1;1;1;1;1;1;1;1;1;1;1;1;1;1;1;1;1;1;1;1;1;1;1;1;1;1;1;1;1
15400000;2;01/09/1980;;1;1;673;430;548;5;28;1;1;1;0;0;577;598;633;667;673;651;636;627;609;594;587;592;598;597;583;564;548;534;523;509;499;484;469;455;448;439;434;430;432;438;;1;1;1;1;1;1;1;1;1;1;1;1;1;1;1;1;1;1;1;1;1;1;1;1;1;1;1;1;1;1;
15400000;1;01/09/1980;;1;1;673;430;548;5;28;1;1;1;0;0;577;598;633;667;673;651;636;627;609;594;587;592;598;597;583;564;548;534;523;509;499;484;469;455;448;439;434;430;432;438;;1;1;1;1;1;1;1;1;1;1;1;1;1;1;1;1;1;1;1;1;1;1;1;1;1;1;1;1;1;1;
15400000;2;01/08/1980;;1;1;648;557;602;24;16;1;1;1;0;0;643;632;618;609;607;608;614;610;615;618;599;584;574;566;559;557;557;562;574;582;586;602;632;648;642;629;620;618;609;594;583;1;1;1;1;1;1;1;1;1;1;1;1;1;1;1;1;1;1;1;1;1;1;1;1;1;1;1;1;1;1;1
15400000;1;01/08/1980;;1;1;648;557;602;24;16;1;1;1;0;0;643;632;618;609;607;608;614;610;615;618;599;584;574;566;559;557;557;562;574;582;586;602;632;648;642;629;620;618;609;594;583;1;1;1;1;1;1;1;1;1;1;1;1;1;1;1;1;1;1;1;1;1;1;1;1;1;1;1;1;1;1;1
15400000;2;01/07/1980;;1;1;1043;652;840;1;31;1;1;1;0;0;1043;1025;1008;993;977;963;948;934;920;909;899;887;875;862;845;832;815;805;794;790;787;775;762;744;729;715;704;692;678;667;652;1;1;1;1;1;1;1;1;1;1;1;1;1;1;1;1;1;1;1;1;1;1;1;1;1;1;1;1;1;1;1
15400000;1;01/07/1980;;1;1;1043;652;840;1;31;1;1;1;0;0;1043;1025;1008;993;977;963;948;934;920;909;899;887;875;862;845;832;815;805;794;790;787;775;762;744;729;715;704;692;678;667;652;1;1;1;1;1;1;1;1;1;1;1;1;1;1;1;1;1;1;1;1;1;1;1;1;1;1;1;1;1;1;1
15400000;2;01/06/1980;;1;1;1267;1062;1174;1;30;1;1;1;0;0;1267;1252;1240;1227;1209;1200;1198;1197;1196;1196;1197;1190;1182;1169;1159;1144;1131;1147;1194;1212;1212;1194;1173;1149;1133;1119;1108;1098;1079;1062;;1;1;1;1;1;1;1;1;1;1;1;1;1;1;1;1;1;1;1;1;1;1;1;1;1;1;1;1;1;1;
15400000;1;01/06/1980;;1;1;1267;1062;1174;1;30;1;1;1;0;0;1267;1252;1240;1227;1209;1200;1198;1197;1196;1196;1197;1190;1182;1169;1159;1144;1131;1147;1194;1212;1212;1194;1173;1149;1133;1119;1108;1098;1079;1062;;1;1;1;1;1;1;1;1;1;1;1;1;1;1;1;1;1;1;1;1;1;1;1;1;1;1;1;1;1;1;
15400000;2;01/05/1980;;1;1;1401;1283;1329;8;31;1;1;1;0;0;1350;1339;1340;1343;1364;1386;1398;1401;1387;1375;1362;1351;1343;1328;1309;1303;1300;1298;1293;1291;1297;1299;1300;1303;1311;1318;1324;1318;1304;1294;1283;1;1;1;1;1;1;1;1;1;1;1;1;1;1;1;1;1;1;1;1;1;1;1;1;1;1;1;1;1;1;1
15400000;1;01/05/1980;;1;1;1401;1283;1329;8;31;1;1;1;0;0;1350;1339;1340;1343;1364;1386;1398;1401;1387;1375;1362;1351;1343;1328;1309;1303;1300;1298;1293;1291;1297;1299;1300;1303;1311;1318;1324;1318;1304;1294;1283;1;1;1;1;1;1;1;1;1;1;1;1;1;1;1;1;1;1;1;1;1;1;1;1;1;1;1;1;1;1;1
15400000;2;01/04/1980;;1;1;1542;1363;1495;5;30;1;1;1;0;0;1523;1528;1531;1536;1542;1542;1538;1532;1530;1530;1530;1534;1534;1533;1529;1522;1508;1501;1500;1500;1499;1494;1478;1458;1439;1427;1412;1391;1369;1363;;1;1;1;1;1;1;1;1;1;1;1;1;1;1;1;1;1;1;1;1;1;1;1;1;1;1;1;1;1;1;
15400000;1;01/04/1980;;1;1;1542;1363;1495;5;30;1;1;1;0;0;1523;1528;1531;1536;1542;1542;1538;1532;1530;1530;1530;1534;1534;1533;1529;1522;1508;1501;1500;1500;1499;1494;1478;1458;1439;1427;1412;1391;1369;1363;;1;1;1;1;1;1;1;1;1;1;1;1;1;1;1;1;1;1;1;1;1;1;1;1;1;1;1;1;1;1;
15400000;2;01/03/1980;;1;1;1521;1397;1478;31;1;1;1;1;0;0;1397;1405;1411;1415;1416;1421;1429;1448;1455;1463;1469;1471;1476;1480;1485;1492;1497;1501;1506;1509;1510;1509;1510;1511;1514;1517;1518;1517;1517;1519;1521;1;1;1;1;1;1;1;1;1;1;1;1;1;1;1;1;1;1;1;1;1;1;1;1;1;1;1;1;1;1;1
15400000;1;01/03/1980;;1;1;1521;1397;1478;31;1;1;1;1;0;0;1397;1405;1411;1415;1416;1421;1429;1448;1455;1463;1469;1471;1476;1480;1485;1492;1497;1501;1506;1509;1510;1509;1510;1511;1514;1517;1518;1517;1517;1519;1521;1;1;1;1;1;1;1;1;1;1;1;1;1;1;1;1;1;1;1;1;1;1;1;1;1;1;1;1;1;1;1
15400000;2;01/02/1980;;1;1;1387;1241;1282;29;11;1;1;1;0;0;1244;1263;1274;1283;1294;1283;1276;1266;1254;1246;1241;1250;1254;1255;1256;1257;1259;1261;1276;1285;1282;1280;1280;1288;1303;1336;1359;1372;1387;;;1;1;1;1;1;1;1;1;1;1;1;1;1;1;1;1;1;1;1;1;1;1;1;1;1;1;1;1;1;;
15400000;1;01/02/1980;;1;1;1387;1241;1282;29;11;1;1;1;0;0;1244;1263;1274;1283;1294;1283;1276;1266;1254;1246;1241;1250;1254;1255;1256;1257;1259;1261;1276;1285;1282;1280;1280;1288;1303;1336;1359;1372;1387;;;1;1;1;1;1;1;1;1;1;1;1;1;1;1;1;1;1;1;1;1;1;1;1;1;1;1;1;1;1;;
15400000;2;01/01/1980;;1;1;1226;978;1094;31;1;1;1;1;0;0;978;981;992;999;1003;1012;1009;1003;987;991;1029;1052;1071;1100;1144;1169;1182;1187;1178;1159;1142;1126;1116;1109;1109;1120;1145;1177;1198;1212;1226;1;1;1;1;1;1;1;1;1;1;1;1;1;1;1;1;1;1;1;1;1;1;1;1;1;1;1;1;1;1;1
15400000;1;01/01/1980;;1;1;1226;978;1094;31;1;1;1;1;0;0;978;981;992;999;1003;1012;1009;1003;987;991;1029;1052;1071;1100;1144;1169;1182;1187;1178;1159;1142;1126;1116;1109;1109;1120;1145;1177;1198;1212;1226;1;1;1;1;1;1;1;1;1;1;1;1;1;1;1;1;1;1;1;1;1;1;1;1;1;1;1;1;1;1;1
15400000;2;01/12/1979;;1;1;956;601;732;31;1;1;1;1;0;0;601;609;640;703;709;698;676;657;638;628;632;656;664;648;633;623;603;606;636;747;809;837;844;848;850;863;883;911;941;955;956;1;1;1;1;1;1;1;1;1;1;1;1;1;1;1;1;1;1;1;1;1;1;1;1;1;1;1;1;1;1;1
15400000;1;01/12/1979;;1;1;956;601;732;31;1;1;1;1;0;0;601;609;640;703;709;698;676;657;638;628;632;656;664;648;633;623;603;606;636;747;809;837;844;848;850;863;883;911;941;955;956;1;1;1;1;1;1;1;1;1;1;1;1;1;1;1;1;1;1;1;1;1;1;1;1;1;1;1;1;1;1;1
15400000;2;01/11/1979;;1;1;697;380;519;24;5;1;1;1;0;0;398;390;387;384;380;380;380;383;397;411;435;452;458;447;448;486;540;586;609;624;640;677;695;697;694;672;652;638;624;606;;1;1;1;1;1;1;1;1;1;1;1;1;1;1;1;1;1;1;1;1;1;1;1;1;1;1;1;1;1;1;
15400000;1;01/11/1979;;1;1;697;380;519;24;5;1;1;1;0;0;398;390;387;384;380;380;380;383;397;411;435;452;458;447;448;486;540;586;609;624;640;677;695;697;694;672;652;638;624;606;;1;1;1;1;1;1;1;1;1;1;1;1;1;1;1;1;1;1;1;1;1;1;1;1;1;1;1;1;1;1;
15400000;2;01/10/1979;;1;1;489;387;433;26;8;1;1;1;0;0;450;438;424;412;404;395;390;387;389;404;429;440;440;439;439;439;439;438;436;431;429;429;438;460;479;489;478;464;447;430;412;1;1;1;1;1;1;1;1;1;1;1;1;1;1;1;1;1;1;1;1;1;1;1;1;1;1;1;1;1;1;1
15400000;1;01/10/1979;;1;1;489;387;433;26;8;1;1;1;0;0;450;438;424;412;404;395;390;387;389;404;429;440;440;439;439;439;439;438;436;431;429;429;438;460;479;489;478;464;447;430;412;1;1;1;1;1;1;1;1;1;1;1;1;1;1;1;1;1;1;1;1;1;1;1;1;1;1;1;1;1;1;1
15400000;2;01/09/1979;;1;1;570;361;422;26;21;1;1;1;0;0;430;426;420;417;410;409;406;403;391;383;377;372;372;377;382;407;408;389;379;369;361;364;395;497;558;570;535;512;488;467;;1;1;1;1;1;1;1;1;1;1;1;1;1;1;1;1;1;1;1;1;1;1;1;1;1;1;1;1;1;1;
15400000;1;01/09/1979;;1;1;570;361;422;26;21;1;1;1;0;0;430;426;420;417;410;409;406;403;391;383;377;372;372;377;382;407;408;389;379;369;361;364;395;497;558;570;535;512;488;467;;1;1;1;1;1;1;1;1;1;1;1;1;1;1;1;1;1;1;1;1;1;1;1;1;1;1;1;1;1;1;
15400000;2;01/08/1979;;1;1;635;438;502;1;31;1;1;1;0;0;635;620;608;595;581;567;554;541;531;519;508;499;492;484;478;467;461;455;447;441;442;452;464;473;487;487;479;466;455;447;438;1;1;1;1;1;1;1;1;1;1;1;1;1;1;1;1;1;1;1;1;1;1;1;1;1;1;1;1;1;1;1
15400000;1;01/08/1979;;1;1;635;438;502;1;31;1;1;1;0;0;635;620;608;595;581;567;554;541;531;519;508;499;492;484;478;467;461;455;447;441;442;452;464;473;487;487;479;466;455;447;438;1;1;1;1;1;1;1;1;1;1;1;1;1;1;1;1;1;1;1;1;1;1;1;1;1;1;1;1;1;1;1
15400000;2;01/07/1979;;1;1;911;649;767;1;31;1;1;1;0;0;911;898;886;873;862;849;835;819;808;795;784;782;788;792;787;775;762;756;749;745;731;715;702;689;682;679;672;667;665;658;649;1;1;1;1;1;1;1;1;1;1;1;1;1;1;1;1;1;1;1;1;1;1;1;1;1;1;1;1;1;1;1
15400000;1;01/07/1979;;1;1;911;649;767;1;31;1;1;1;0;0;911;898;886;873;862;849;835;819;808;795;784;782;788;792;787;775;762;756;749;745;731;715;702;689;682;679;672;667;665;658;649;1;1;1;1;1;1;1;1;1;1;1;1;1;1;1;1;1;1;1;1;1;1;1;1;1;1;1;1;1;1;1
15400000;2;01/06/1979;;1;1;1352;926;1130;1;30;1;1;1;0;0;1352;1329;1308;1285;1270;1254;1240;1225;1209;1193;1181;1167;1154;1141;1129;1118;1109;1103;1090;1075;1061;1048;1037;1023;1005;987;972;956;944;926;;1;1;1;1;1;1;1;1;1;1;1;1;1;1;1;1;1;1;1;1;1;1;1;1;1;1;1;1;1;1;
15400000;1;01/06/1979;;1;1;1352;926;1130;1;30;1;1;1;0;0;1352;1329;1308;1285;1270;1254;1240;1225;1209;1193;1181;1167;1154;1141;1129;1118;1109;1103;1090;1075;1061;1048;1037;1023;1005;987;972;956;944;926;;1;1;1;1;1;1;1;1;1;1;1;1;1;1;1;1;1;1;1;1;1;1;1;1;1;1;1;1;1;1;
15400000;2;01/05/1979;;1;1;1619;1361;1459;1;28;2;2;2;0;0;1619;1553;1563;1544;1526;1512;1507;1508;1510;1513;1515;1513;1498;1490;1476;1464;1452;1441;1428;1420;1413;1408;1398;1388;1381;1369;1365;1361;1368;1372;1366;2;2;1;1;1;1;1;1;1;1;1;1;1;1;1;1;1;1;1;1;1;1;1;1;1;1;1;1;1;1;1
15400000;1;01/05/1979;;1;1;1594;1361;1459;1;28;1;1;1;0;0;1594;1580;1563;1544;1526;1512;1507;1508;1510;1513;1515;1513;1498;1490;1476;1464;1452;1441;1428;1420;1413;1408;1398;1388;1381;1369;1365;1361;1368;1372;1366;1;1;1;1;1;1;1;1;1;1;1;1;1;1;1;1;1;1;1;1;1;1;1;1;1;1;1;1;1;1;1
15400000;2;01/04/1979;;1;1;1666;1520;1621;11;21;2;2;2;0;0;1664;1660;1655;1650;1646;1647;1651;1657;1662;1665;1666;1663;1658;1648;1639;1626;1605;1561;1541;1528;1520;1522;1542;1575;1610;1626;1634;1642;1645;1636;;2;2;2;2;2;2;2;2;2;2;2;2;2;2;2;2;2;2;2;2;2;2;2;2;2;2;2;2;2;2;
15400000;1;01/04/1979;;1;1;1648;1554;1607;2;22;1;1;1;0;0;1644;1648;1648;1644;1641;1643;1643;1640;1636;1632;1632;1631;1628;1622;1614;1603;1585;1574;1568;1559;1555;1554;1555;1557;1568;1582;1593;1598;1600;1601;;1;1;1;1;1;1;1;1;1;1;1;1;1;1;1;1;1;1;1;1;1;1;1;1;1;1;1;1;1;1;
15400000;2;01/03/1979;;1;1;1677;1472;1567;28;7;2;2;2;0;0;1509;1503;1495;1486;1478;1474;1472;1476;1482;1488;1490;1495;1501;1507;1518;1532;1554;1582;1616;1628;1637;1645;1652;1659;1666;1672;1676;1677;1677;1672;1667;1;1;1;1;1;1;1;1;1;1;1;1;1;1;1;1;2;2;2;2;2;2;2;2;2;2;2;2;2;2;2
15400000;1;01/03/1979;;1;1;1640;1472;1546;31;7;1;1;1;0;0;1509;1503;1495;1486;1478;1474;1472;1476;1482;1488;1490;1495;1501;1507;1518;1532;1547;1561;1571;1578;1585;1591;1598;1604;1611;1615;1621;1628;1633;1636;1640;1;1;1;1;1;1;1;1;1;1;1;1;1;1;1;1;1;1;1;1;1;1;1;1;1;1;1;1;1;1;1
15400000;2;01/02/1979;;1;1;1602;1409;1534;11;1;2;2;2;0;0;1409;1423;1438;1461;1481;1500;1523;1548;1574;1597;1602;1594;1577;1566;1553;1541;1543;1559;1576;1593;1583;1556;1535;1529;1527;1524;1517;1510;;;;1;1;2;2;2;2;2;2;2;2;2;2;2;2;2;2;2;2;2;2;2;2;2;1;1;1;1;1;;;
15400000;1;01/02/1979;;1;1;1530;1409;1506;23;1;1;1;1;0;0;1409;1423;1442;1457;1472;1487;1498;1503;1511;1519;1525;1527;1526;1525;1526;1525;1525;1527;1527;1528;1529;1529;1530;1529;1527;1524;1517;1510;;;;1;1;1;1;1;1;1;1;1;1;1;1;1;1;1;1;1;1;1;1;1;1;1;1;1;1;1;1;;;
15400000;2;01/01/1979;;1;1;1406;1302;1379;23;1;1;1;1;0;0;1302;1316;1326;1331;1341;1353;1363;1373;1380;1380;1381;1386;1394;1396;1398;1396;1388;1382;1381;1386;1393;1399;1406;1404;1400;1398;1396;1400;1405;1406;1404;1;1;1;1;1;1;1;1;1;1;1;1;1;1;1;1;1;1;1;1;1;1;1;1;1;1;1;1;1;1;1
15400000;1;01/01/1979;;1;1;1406;1302;1379;23;1;1;1;1;0;0;1302;1316;1326;1331;1341;1353;1363;1373;1380;1380;1381;1386;1394;1396;1398;1396;1388;1382;1381;1386;1393;1399;1406;1404;1400;1398;1396;1400;1405;1406;1404;1;1;1;1;1;1;1;1;1;1;1;1;1;1;1;1;1;1;1;1;1;1;1;1;1;1;1;1;1;1;1
15400000;2;01/12/1978;;1;1;1283;722;1088;31;1;1;1;1;0;0;722;737;753;794;870;919;937;941;948;984;1016;1021;1033;1067;1156;1226;1239;1240;1221;1213;1218;1230;1239;1247;1253;1247;1242;1240;1243;1258;1283;1;1;1;1;1;1;1;1;1;1;1;1;1;1;1;1;1;1;1;1;1;1;1;1;1;1;1;1;1;1;1
15400000;1;01/12/1978;07:00;0;1;980;780;848;31;5;1;1;1;;0;782;783;783;783;781;781;780;782;782;782;785;793;804;812;818;826;834;844;852;861;872;884;896;907;920;929;939;948;958;966;975;1;1;1;1;1;1;1;1;1;1;1;1;1;1;1;1;1;1;1;1;1;1;1;1;1;1;1;1;1;1;1
15400000;1;01/12/1978;17:00;0;1;980;780;848;31;5;1;1;1;;0;782;783;783;782;780;782;781;782;782;783;787;798;808;815;822;830;838;848;855;866;878;890;902;913;924;934;944;954;962;970;980;1;1;1;1;1;1;1;1;1;1;1;1;1;1;1;1;1;1;1;1;1;1;1;1;1;1;1;1;1;1;1
15400000;1;01/12/1978;;1;1;1283;722;1088;31;1;1;1;1;0;0;722;737;753;794;870;919;937;941;948;984;1016;1021;1033;1067;1156;1226;1239;1240;1221;1213;1218;1230;1239;1247;1253;1247;1242;1240;1243;1258;1283;1;1;1;1;1;1;1;1;1;1;1;1;1;1;1;1;1;1;1;1;1;1;1;1;1;1;1;1;1;1;1
15400000;2;01/11/1978;;1;1;654;516;601;30;1;1;1;1;0;0;516;529;544;561;579;594;599;598;601;609;615;618;634;651;653;644;627;616;608;605;608;607;605;600;595;589;583;578;617;654;;1;1;1;1;1;1;1;1;1;1;1;1;1;1;1;1;1;1;1;1;1;1;1;1;1;1;1;1;1;1;
15400000;1;01/11/1978;;1;1;654;516;601;30;1;1;1;1;0;0;516;529;544;561;579;594;599;598;601;609;615;618;634;651;653;644;627;616;608;605;608;607;605;600;595;589;583;578;617;654;;1;1;1;1;1;1;1;1;1;1;1;1;1;1;1;1;1;1;1;1;1;1;1;1;1;1;1;1;1;1;
15400000;2;01/10/1978;;1;1;509;332;381;31;20;1;1;1;0;0;341;345;352;358;362;368;378;391;411;411;404;391;381;369;361;354;349;342;335;332;339;343;349;354;370;403;423;441;463;493;509;1;1;1;1;1;1;1;1;1;1;1;1;1;1;1;1;1;1;1;1;1;1;1;1;1;1;1;1;1;1;1
15400000;1;01/10/1978;;1;1;509;332;381;31;20;1;1;1;0;0;341;345;352;358;362;368;378;391;411;411;404;391;381;369;361;354;349;342;335;332;339;343;349;354;370;403;423;441;463;493;509;1;1;1;1;1;1;1;1;1;1;1;1;1;1;1;1;1;1;1;1;1;1;1;1;1;1;1;1;1;1;1
15400000;2;01/09/1978;;1;1;347;292;319;1;12;1;1;1;0;0;347;341;337;330;325;320;314;309;302;298;294;292;296;307;321;327;329;327;320;314;313;310;309;310;317;325;333;339;339;339;;1;1;1;1;1;1;1;1;1;1;1;1;1;1;1;1;1;1;1;1;1;1;1;1;1;1;1;1;1;1;
15400000;1;01/09/1978;;1;1;347;292;319;1;12;1;1;1;0;0;347;341;337;330;325;320;314;309;302;298;294;292;296;307;321;327;329;327;320;314;313;310;309;310;317;325;333;339;339;339;;1;1;1;1;1;1;1;1;1;1;1;1;1;1;1;1;1;1;1;1;1;1;1;1;1;1;1;1;1;1;
15400000;2;01/08/1978;;1;1;640;354;471;1;31;1;1;1;0;0;640;635;624;604;583;567;552;546;537;527;514;500;484;472;456;445;435;424;420;415;410;405;398;392;389;384;379;374;365;359;354;1;1;1;1;1;1;1;1;1;1;1;1;1;1;1;1;1;1;1;1;1;1;1;1;1;1;1;1;1;1;1
15400000;1;01/08/1978;;1;1;640;354;471;1;31;1;1;1;0;0;640;635;624;604;583;567;552;546;537;527;514;500;484;472;456;445;435;424;420;415;410;405;398;392;389;384;379;374;365;359;354;1;1;1;1;1;1;1;1;1;1;1;1;1;1;1;1;1;1;1;1;1;1;1;1;1;1;1;1;1;1;1
15400000;2;01/07/1978;;1;1;887;645;805;2;31;1;1;1;0;0;885;887;883;873;863;862;874;885;882;868;853;847;842;838;833;825;813;807;802;795;778;763;753;748;750;748;727;703;678;656;645;1;1;1;1;1;1;1;1;1;1;1;1;1;1;1;1;1;1;1;1;1;1;1;1;1;1;1;1;1;1;1
15400000;1;01/07/1978;;1;1;887;645;805;2;31;1;1;1;0;0;885;887;883;873;863;862;874;885;882;868;853;847;842;838;833;825;813;807;802;795;778;763;753;748;750;748;727;703;678;656;645;1;1;1;1;1;1;1;1;1;1;1;1;1;1;1;1;1;1;1;1;1;1;1;1;1;1;1;1;1;1;1
15400000;2;01/06/1978;;1;1;1142;881;1003;1;30;1;1;1;0;0;1142;1125;1120;1115;1112;1127;1136;1137;1124;1097;1074;1049;1028;1005;985;969;955;941;929;914;895;882;901;921;927;917;904;889;884;881;;1;1;1;1;1;1;1;1;1;1;1;1;1;1;1;1;1;1;1;1;1;1;1;1;1;1;1;1;1;1;
15400000;1;01/06/1978;;1;1;1142;881;1003;1;30;1;1;1;0;0;1142;1125;1120;1115;1112;1127;1136;1137;1124;1097;1074;1049;1028;1005;985;969;955;941;929;914;895;882;901;921;927;917;904;889;884;881;;1;1;1;1;1;1;1;1;1;1;1;1;1;1;1;1;1;1;1;1;1;1;1;1;1;1;1;1;1;1;
15400000;2;01/05/1978;;1;1;1398;1140;1245;1;25;1;1;1;0;0;1398;1385;1372;1355;1343;1328;1320;1319;1311;1295;1280;1272;1270;1273;1269;1258;1235;1225;1209;1191;1173;1159;1153;1149;1140;1144;1155;1160;1158;1150;1147;1;1;1;1;1;1;1;1;1;1;1;1;1;1;1;1;1;1;1;1;1;1;1;1;1;1;1;1;1;1;1
15400000;1;01/05/1978;;1;1;1398;1140;1245;1;25;1;1;1;0;0;1398;1385;1372;1355;1343;1328;1320;1319;1311;1295;1280;1272;1270;1273;1269;1258;1235;1225;1209;1191;1173;1159;1153;1149;1140;1144;1155;1160;1158;1150;1147;1;1;1;1;1;1;1;1;1;1;1;1;1;1;1;1;1;1;1;1;1;1;1;1;1;1;1;1;1;1;1
15400000;2;01/04/1978;;1;1;1688;1376;1474;1;21;2;2;2;0;0;1688;1675;1624;1576;1564;1555;1549;1552;1546;1534;1515;1495;1466;1444;1425;1415;1410;1404;1394;1380;1376;1387;1388;1400;1403;1410;1415;1416;1415;1408;;2;2;2;2;2;2;2;1;1;1;1;1;1;1;1;1;1;1;1;1;1;1;1;1;1;1;1;1;1;1;
15400000;1;01/04/1978;;1;1;1584;1376;1464;1;21;1;1;1;0;0;1584;1575;1568;1559;1550;1549;1550;1552;1546;1534;1515;1495;1466;1444;1425;1415;1410;1404;1394;1380;1376;1387;1388;1400;1403;1410;1415;1416;1415;1408;;1;1;1;1;1;1;1;1;1;1;1;1;1;1;1;1;1;1;1;1;1;1;1;1;1;1;1;1;1;1;
15400000;2;01/03/1978;;1;1;1739;1672;1706;10;1;2;2;2;0;0;1672;1679;1685;1695;1708;1718;1720;1731;1738;1739;1736;1733;1729;1721;1715;1709;1703;1694;1689;1688;1688;1691;1694;1696;1697;1698;1700;1703;1710;1711;1703;2;2;2;2;2;2;2;2;2;2;2;2;2;2;2;2;2;2;2;2;2;2;2;2;2;2;2;2;2;2;2
15400000;1;01/03/1978;;1;1;1611;1499;1585;13;1;1;1;1;0;0;1499;1522;1529;1539;1549;1563;1574;1587;1599;1606;1609;1610;1611;1610;1606;1600;1598;1590;1587;1598;1595;1595;1596;1596;1597;1597;1598;1600;1599;1594;1591;1;1;1;1;1;1;1;1;1;1;1;1;1;1;1;1;1;1;1;1;1;1;1;1;1;1;1;1;1;1;1
15400000;2;01/02/1978;;1;1;1652;1393;1497;28;1;2;2;2;0;0;1393;1404;1413;1434;1467;1486;1493;1483;1477;1478;1491;1503;1516;1508;1504;1500;1493;1485;1472;1460;1468;1488;1516;1546;1567;1589;1617;1652;;;;1;1;2;2;2;2;2;2;2;2;2;2;2;2;2;2;2;2;2;2;2;2;2;2;2;2;2;2;;;
15400000;1;01/02/1978;;1;1;1493;1393;1449;28;1;1;1;1;0;0;1393;1404;1411;1416;1424;1430;1439;1449;1447;1449;1456;1455;1459;1460;1461;1465;1466;1466;1461;1459;1457;1451;1448;1447;1452;1469;1481;1493;;;;1;1;1;1;1;1;1;1;1;1;1;1;1;1;1;1;1;1;1;1;1;1;1;1;1;1;1;1;;;
15400000;2;01/01/1978;;1;1;1385;1187;1298;31;1;1;1;1;0;0;1187;1205;1237;1254;1268;1266;1267;1268;1269;1258;1247;1241;1241;1250;1273;1290;1312;1322;1333;1344;1352;1358;1353;1346;1337;1342;1348;1355;1363;1374;1385;1;1;1;1;1;1;1;1;1;1;1;1;1;1;1;1;1;1;1;1;1;1;1;1;1;1;1;1;1;1;1
15400000;1;01/01/1978;;1;1;1385;1187;1298;31;1;1;1;1;0;0;1187;1205;1237;1254;1268;1266;1267;1268;1269;1258;1247;1241;1241;1250;1273;1290;1312;1322;1333;1344;1352;1358;1353;1346;1337;1342;1348;1355;1363;1374;1385;1;1;1;1;1;1;1;1;1;1;1;1;1;1;1;1;1;1;1;1;1;1;1;1;1;1;1;1;1;1;1
15400000;2;01/12/1977;;1;1;1151;969;1061;31;3;1;1;1;0;0;987;973;969;975;1000;1009;998;984;978;990;1015;1046;1067;1084;1098;1088;1080;1083;1097;1122;1142;1145;1133;1114;1102;1093;1085;1080;1085;1109;1151;1;1;1;1;1;1;1;1;1;1;1;1;1;1;1;1;1;1;1;1;1;1;1;1;1;1;1;1;1;1;1
15400000;1;01/12/1977;;1;1;1151;969;1061;31;3;1;1;1;0;0;987;973;969;975;1000;1009;998;984;978;990;1015;1046;1067;1084;1098;1088;1080;1083;1097;1122;1142;1145;1133;1114;1102;1093;1085;1080;1085;1109;1151;1;1;1;1;1;1;1;1;1;1;1;1;1;1;1;1;1;1;1;1;1;1;1;1;1;1;1;1;1;1;1
15400000;2;01/11/1977;;1;1;1026;581;803;24;1;1;1;1;0;0;581;589;609;634;646;645;640;630;626;619;619;638;688;726;757;781;812;863;919;973;1000;1012;1019;1026;1021;1014;1006;1003;1006;998;;1;1;1;1;1;1;1;1;1;1;1;1;1;1;1;1;1;1;1;1;1;1;1;1;1;1;1;1;1;1;
15400000;1;01/11/1977;;1;1;1026;581;803;24;1;1;1;1;0;0;581;589;609;634;646;645;640;630;626;619;619;638;688;726;757;781;812;863;919;973;1000;1012;1019;1026;1021;1014;1006;1003;1006;998;;1;1;1;1;1;1;1;1;1;1;1;1;1;1;1;1;1;1;1;1;1;1;1;1;1;1;1;1;1;1;
15400000;2;01/10/1977;;1;1;643;448;564;9;1;1;1;1;0;0;448;457;468;484;497;505;552;613;643;643;631;612;591;572;552;539;536;531;544;563;577;577;570;568;570;604;618;621;614;601;593;1;1;1;1;1;1;1;1;1;1;1;1;1;1;1;1;1;1;1;1;1;1;1;1;1;1;1;1;1;1;1
15400000;1;01/10/1977;;1;1;643;448;564;9;1;1;1;1;0;0;448;457;468;484;497;505;552;613;643;643;631;612;591;572;552;539;536;531;544;563;577;577;570;568;570;604;618;621;614;601;593;1;1;1;1;1;1;1;1;1;1;1;1;1;1;1;1;1;1;1;1;1;1;1;1;1;1;1;1;1;1;1
15400000;2;01/09/1977;;1;1;525;440;469;13;29;1;1;1;0;0;468;458;453;449;445;448;456;460;471;493;513;522;525;516;507;497;485;474;462;451;449;450;457;460;459;455;450;445;440;444;;1;1;1;1;1;1;1;1;1;1;1;1;1;1;1;1;1;1;1;1;1;1;1;1;1;1;1;1;1;1;
15400000;1;01/09/1977;;1;1;525;440;469;13;29;1;1;1;0;0;468;458;453;449;445;448;456;460;471;493;513;522;525;516;507;497;485;474;462;451;449;450;457;460;459;455;450;445;440;444;;1;1;1;1;1;1;1;1;1;1;1;1;1;1;1;1;1;1;1;1;1;1;1;1;1;1;1;1;1;1;
15400000;2;01/08/1977;;1;1;651;479;568;11;31;1;1;1;0;0;628;617;609;598;587;573;559;560;587;629;651;644;623;605;584;571;565;559;555;549;544;540;541;542;537;528;519;512;504;495;479;1;1;1;1;1;1;1;1;1;1;1;1;1;1;1;1;1;1;1;1;1;1;1;1;1;1;1;1;1;1;1
15400000;1;01/08/1977;;1;1;651;479;568;11;31;1;1;1;0;0;628;617;609;598;587;573;559;560;587;629;651;644;623;605;584;571;565;559;555;549;544;540;541;542;537;528;519;512;504;495;479;1;1;1;1;1;1;1;1;1;1;1;1;1;1;1;1;1;1;1;1;1;1;1;1;1;1;1;1;1;1;1
15400000;2;01/07/1977;;1;1;925;643;783;1;31;1;1;1;0;0;925;905;883;867;857;835;818;805;792;778;774;783;789;800;824;841;848;844;818;793;766;744;727;716;708;701;694;681;668;658;643;1;1;1;1;1;1;1;1;1;1;1;1;1;1;1;1;1;1;1;1;1;1;1;1;1;1;1;1;1;1;1
15400000;1;01/07/1977;;1;1;925;643;783;1;31;1;1;1;0;0;925;905;883;867;857;835;818;805;792;778;774;783;789;800;824;841;848;844;818;793;766;744;727;716;708;701;694;681;668;658;643;1;1;1;1;1;1;1;1;1;1;1;1;1;1;1;1;1;1;1;1;1;1;1;1;1;1;1;1;1;1;1
15400000;2;01/06/1977;;1;1;1161;939;1053;1;27;1;1;1;0;0;1161;1151;1147;1140;1130;1124;1118;1111;1107;1098;1096;1085;1076;1068;1057;1050;1044;1037;1040;1039;1031;1016;997;982;964;947;939;939;946;942;;1;1;1;1;1;1;1;1;1;1;1;1;1;1;1;1;1;1;1;1;1;1;1;1;1;1;1;1;1;1;
15400000;1;01/06/1977;;1;1;1161;939;1053;1;27;1;1;1;0;0;1161;1151;1147;1140;1130;1124;1118;1111;1107;1098;1096;1085;1076;1068;1057;1050;1044;1037;1040;1039;1031;1016;997;982;964;947;939;939;946;942;;1;1;1;1;1;1;1;1;1;1;1;1;1;1;1;1;1;1;1;1;1;1;1;1;1;1;1;1;1;1;
15400000;2;01/05/1977;;1;1;1444;1170;1343;9;31;1;1;1;0;0;1443;1435;1429;1427;1427;1429;1432;1433;1444;1441;1431;1415;1399;1384;1370;1365;1366;1362;1347;1327;1307;1286;1270;1255;1240;1226;1212;1198;1187;1178;1170;1;1;1;1;1;1;1;1;1;1;1;1;1;1;1;1;1;1;1;1;1;1;1;1;1;1;1;1;1;1;1
15400000;1;01/05/1977;;1;1;1444;1170;1343;9;31;1;1;1;0;0;1443;1435;1429;1427;1427;1429;1432;1433;1444;1441;1431;1415;1399;1384;1370;1365;1366;1362;1347;1327;1307;1286;1270;1255;1240;1226;1212;1198;1187;1178;1170;1;1;1;1;1;1;1;1;1;1;1;1;1;1;1;1;1;1;1;1;1;1;1;1;1;1;1;1;1;1;1
15400000;2;01/04/1977;;1;1;1681;1416;1536;8;24;2;2;2;0;0;1632;1632;1629;1676;1673;1675;1679;1681;1680;1673;1658;1638;1578;1498;1454;1427;1476;1464;1455;1445;1437;1429;1420;1416;1417;1422;1429;1460;1459;1455;;2;2;2;2;2;2;2;2;2;2;2;2;2;2;2;2;1;1;2;2;2;2;2;2;2;1;2;1;1;1;
15400000;1;01/04/1977;;1;1;1589;1376;1503;1;24;1;1;1;0;0;1589;1588;1586;1583;1581;1580;1583;1583;1584;1582;1579;1571;1554;1535;1515;1497;1476;1464;1444;1423;1406;1394;1383;1376;1392;1422;1444;1460;1459;1455;;1;1;1;1;1;1;1;1;1;1;1;1;1;1;1;1;1;1;1;1;1;1;1;1;1;1;1;1;1;1;
15400000;2;01/03/1977;;1;1;1651;1463;1603;19;1;2;2;2;0;0;1463;1473;1492;1513;1530;1546;1563;1582;1603;1618;1624;1629;1633;1636;1639;1642;1645;1647;1651;1645;1640;1637;1633;1630;1624;1619;1622;1624;1625;1627;1629;2;2;2;2;2;2;2;2;2;2;2;2;2;2;2;2;2;2;2;2;2;2;2;2;2;2;2;2;2;2;2
15400000;1;01/03/1977;;1;1;1623;1487;1583;13;1;1;1;1;0;0;1487;1499;1508;1520;1532;1553;1572;1585;1600;1609;1617;1620;1623;1622;1620;1620;1619;1616;1608;1600;1599;1596;1594;1589;1582;1576;1571;1577;1577;1584;1586;1;1;1;1;1;1;1;1;1;1;1;1;1;1;1;1;1;1;1;1;1;1;1;1;1;1;1;1;1;1;1
15400000;2;01/02/1977;;1;1;1451;1273;1343;28;7;2;2;2;0;0;1318;1316;1307;1299;1287;1278;1273;1281;1289;1300;1312;1321;1327;1329;1330;1339;1349;1369;1378;1382;1389;1359;1373;1385;1403;1422;1438;1451;;;;1;1;1;1;1;1;1;1;1;1;1;1;1;1;1;1;1;1;1;2;2;2;2;2;2;2;2;2;;;
15400000;1;01/02/1977;;1;1;1479;1273;1354;28;7;1;1;1;0;0;1318;1316;1307;1299;1287;1278;1273;1281;1289;1300;1312;1321;1327;1329;1330;1339;1349;1369;1378;1391;1402;1412;1422;1432;1444;1462;1473;1479;;;;1;1;1;1;1;1;1;1;1;1;1;1;1;1;1;1;1;1;1;1;1;1;1;1;1;1;1;1;;;
15400000;2;01/01/1977;;1;1;1316;992;1240;31;1;1;1;1;0;0;992;1014;1067;1117;1145;1171;1196;1206;1219;1243;1254;1272;1281;1290;1288;1285;1277;1266;1261;1270;1283;1297;1305;1307;1302;1297;1296;1302;1309;1310;1316;1;1;1;1;1;1;1;1;1;1;1;1;1;1;1;1;1;1;1;1;1;1;1;1;1;1;1;1;1;1;1
15400000;1;01/01/1977;;1;1;1316;992;1240;31;1;1;1;1;0;0;992;1014;1067;1117;1145;1171;1196;1206;1219;1243;1254;1272;1281;1290;1288;1285;1277;1266;1261;1270;1283;1297;1305;1307;1302;1297;1296;1302;1309;1310;1316;1;1;1;1;1;1;1;1;1;1;1;1;1;1;1;1;1;1;1;1;1;1;1;1;1;1;1;1;1;1;1
15400000;2;01/12/1976;;1;1;982;620;802;31;2;1;1;1;0;0;628;620;640;677;707;734;744;741;732;717;706;699;696;687;688;712;772;817;852;865;889;912;930;942;950;950;958;962;969;976;982;1;1;1;1;1;1;1;1;1;1;1;1;1;1;1;1;1;1;1;1;1;1;1;1;1;1;1;1;1;1;1
15400000;1;01/12/1976;;1;1;982;620;802;31;2;1;1;1;0;0;628;620;640;677;707;734;744;741;732;717;706;699;696;687;688;712;772;817;852;865;889;912;930;942;950;950;958;962;969;976;982;1;1;1;1;1;1;1;1;1;1;1;1;1;1;1;1;1;1;1;1;1;1;1;1;1;1;1;1;1;1;1
15400000;2;01/11/1976;;1;1;728;426;596;26;2;1;1;1;0;0;427;426;426;436;463;492;509;518;547;593;627;648;663;678;679;667;653;637;623;607;598;589;594;626;696;728;722;699;669;645;;1;1;1;1;1;1;1;1;1;1;1;1;1;1;1;1;1;1;1;1;1;1;1;1;1;1;1;1;1;1;
15400000;1;01/11/1976;;1;1;728;426;596;26;2;1;1;1;0;0;427;426;426;436;463;492;509;518;547;593;627;648;663;678;679;667;653;637;623;607;598;589;594;626;696;728;722;699;669;645;;1;1;1;1;1;1;1;1;1;1;1;1;1;1;1;1;1;1;1;1;1;1;1;1;1;1;1;1;1;1;
15400000;2;01/10/1976;;1;1;439;364;401;29;25;1;1;1;0;0;409;406;400;400;405;407;404;400;399;407;424;436;434;424;410;398;387;378;370;369;369;368;367;365;364;374;405;429;439;438;431;1;1;1;1;1;1;1;1;1;1;1;1;1;1;1;1;1;1;1;1;1;1;1;1;1;1;1;1;1;1;1
15400000;1;01/10/1976;;1;1;439;364;401;29;25;1;1;1;0;0;409;406;400;400;405;407;404;400;399;407;424;436;434;424;410;398;387;378;370;369;369;368;367;365;364;374;405;429;439;438;431;1;1;1;1;1;1;1;1;1;1;1;1;1;1;1;1;1;1;1;1;1;1;1;1;1;1;1;1;1;1;1
15400000;2;01/09/1976;;1;1;439;328;378;26;15;1;1;1;0;0;421;416;408;399;394;389;385;377;372;366;359;352;338;329;328;329;331;335;338;336;335;349;386;415;434;439;428;420;416;412;;1;1;1;1;1;1;1;1;1;1;1;1;1;1;1;1;1;1;1;1;1;1;1;1;1;1;1;1;1;1;
15400000;1;01/09/1976;;1;1;439;328;378;26;15;1;1;1;0;0;421;416;408;399;394;389;385;377;372;366;359;352;338;329;328;329;331;335;338;336;335;349;386;415;434;439;428;420;416;412;;1;1;1;1;1;1;1;1;1;1;1;1;1;1;1;1;1;1;1;1;1;1;1;1;1;1;1;1;1;1;
15400000;2;01/08/1976;;1;1;497;405;434;1;13;1;1;1;0;0;497;492;479;468;461;455;444;434;425;416;408;406;405;409;422;431;434;427;419;416;411;417;421;431;438;440;439;436;431;428;426;1;1;1;1;1;1;1;1;1;1;1;1;1;1;1;1;1;1;1;1;1;1;1;1;1;1;1;1;1;1;1
15400000;1;01/08/1976;;1;1;497;405;434;1;13;1;1;1;0;0;497;492;479;468;461;455;444;434;425;416;408;406;405;409;422;431;434;427;419;416;411;417;421;431;438;440;439;436;431;428;426;1;1;1;1;1;1;1;1;1;1;1;1;1;1;1;1;1;1;1;1;1;1;1;1;1;1;1;1;1;1;1
15400000;2;01/07/1976;;1;1;800;499;661;5;31;1;1;1;0;0;788;780;783;795;800;798;792;778;764;745;727;712;695;679;664;648;638;631;623;619;613;597;584;573;558;545;535;524;513;502;499;1;1;1;1;1;1;1;1;1;1;1;1;1;1;1;1;1;1;1;1;1;1;1;1;1;1;1;1;1;1;1
15400000;1;01/07/1976;;1;1;800;499;661;5;31;1;1;1;0;0;788;780;783;795;800;798;792;778;764;745;727;712;695;679;664;648;638;631;623;619;613;597;584;573;558;545;535;524;513;502;499;1;1;1;1;1;1;1;1;1;1;1;1;1;1;1;1;1;1;1;1;1;1;1;1;1;1;1;1;1;1;1
15400000;2;01/06/1976;;1;1;1202;799;1007;1;30;1;1;1;0;0;1202;1178;1159;1137;1134;1135;1133;1124;1110;1098;1085;1065;1053;1043;1033;1022;1004;985;965;945;931;912;895;875;863;849;839;828;815;799;;1;1;1;1;1;1;1;1;1;1;1;1;1;1;1;1;1;1;1;1;1;1;1;1;1;1;1;1;1;1;
15400000;1;01/06/1976;;1;1;1202;799;1007;1;30;1;1;1;0;0;1202;1178;1159;1137;1134;1135;1133;1124;1110;1098;1085;1065;1053;1043;1033;1022;1004;985;965;945;931;912;895;875;863;849;839;828;815;799;;1;1;1;1;1;1;1;1;1;1;1;1;1;1;1;1;1;1;1;1;1;1;1;1;1;1;1;1;1;1;
15400000;2;01/05/1976;;1;1;1379;1222;1294;1;22;1;1;1;0;0;1379;1377;1365;1353;1342;1333;1328;1328;1329;1325;1315;1305;1294;1281;1287;1296;1299;1286;1270;1251;1234;1222;1227;1240;1254;1270;1286;1288;1275;1254;1230;1;1;1;1;1;1;1;1;1;1;1;1;1;1;1;1;1;1;1;1;1;1;1;1;1;1;1;1;1;1;1
15400000;1;01/05/1976;;1;1;1379;1222;1294;1;22;1;1;1;0;0;1379;1377;1365;1353;1342;1333;1328;1328;1329;1325;1315;1305;1294;1281;1287;1296;1299;1286;1270;1251;1234;1222;1227;1240;1254;1270;1286;1288;1275;1254;1230;1;1;1;1;1;1;1;1;1;1;1;1;1;1;1;1;1;1;1;1;1;1;1;1;1;1;1;1;1;1;1
15400000;2;01/04/1976;;1;1;1587;1389;1495;1;30;1;1;1;0;0;1587;1587;1583;1573;1561;1546;1534;1523;1514;1509;1505;1499;1493;1488;1488;1488;1505;1518;1517;1506;1496;1476;1464;1448;1435;1418;1409;1401;1394;1389;;1;1;1;1;1;1;1;1;1;1;1;1;1;1;1;1;1;1;1;1;1;1;1;1;1;1;1;1;1;1;
15400000;1;01/04/1976;;1;1;1587;1389;1495;1;30;1;1;1;0;0;1587;1587;1583;1573;1561;1546;1534;1523;1514;1509;1505;1499;1493;1488;1488;1488;1505;1518;1517;1506;1496;1476;1464;1448;1435;1418;1409;1401;1394;1389;;1;1;1;1;1;1;1;1;1;1;1;1;1;1;1;1;1;1;1;1;1;1;1;1;1;1;1;1;1;1;
15400000;2;01/03/1976;;1;1;1598;1525;1566;18;8;1;1;1;0;0;1569;1570;1564;1550;1548;1538;1532;1525;1526;1541;1552;1563;1573;1580;1588;1590;1596;1598;1598;1596;1587;1582;1575;1564;1552;1547;1553;1559;1568;1572;1580;1;1;1;1;1;1;1;1;1;1;1;1;1;1;1;1;1;1;1;1;1;1;1;1;1;1;1;1;1;1;1
15400000;1;01/03/1976;;1;1;1598;1525;1566;18;8;1;1;1;0;0;1569;1570;1564;1550;1548;1538;1532;1525;1526;1541;1552;1563;1573;1580;1588;1590;1596;1598;1598;1596;1587;1582;1575;1564;1552;1547;1553;1559;1568;1572;1580;1;1;1;1;1;1;1;1;1;1;1;1;1;1;1;1;1;1;1;1;1;1;1;1;1;1;1;1;1;1;1
15400000;2;01/02/1976;;1;1;1570;1427;1500;27;1;1;1;1;0;0;1427;1436;1438;1446;1447;1449;1459;1466;1476;1477;1480;1488;1488;1495;1499;1500;1501;1510;1515;1521;1528;1531;1541;1549;1558;1563;1570;1570;1570;;;1;1;1;1;1;1;1;1;1;1;1;1;1;1;1;1;1;1;1;1;1;1;1;1;1;1;1;1;1;;
15400000;1;01/02/1976;;1;1;1570;1427;1500;27;1;1;1;1;0;0;1427;1436;1438;1446;1447;1449;1459;1466;1476;1477;1480;1488;1488;1495;1499;1500;1501;1510;1515;1521;1528;1531;1541;1549;1558;1563;1570;1570;1570;;;1;1;1;1;1;1;1;1;1;1;1;1;1;1;1;1;1;1;1;1;1;1;1;1;1;1;1;1;1;;
15400000;2;01/01/1976;;1;1;1420;1082;1291;31;1;1;1;1;0;0;1082;1089;1092;1104;1126;1155;1198;1236;1258;1268;1270;1289;1300;1301;1308;1312;1318;1329;1332;1343;1356;1368;1379;1386;1388;1393;1399;1399;1408;1419;1420;1;1;1;1;1;1;1;1;1;1;1;1;1;1;1;1;1;1;1;1;1;1;1;1;1;1;1;1;1;1;1
15400000;1;01/01/1976;;1;1;1420;1082;1291;31;1;1;1;1;0;0;1082;1089;1092;1104;1126;1155;1198;1236;1258;1268;1270;1289;1300;1301;1308;1312;1318;1329;1332;1343;1356;1368;1379;1386;1388;1393;1399;1399;1408;1419;1420;1;1;1;1;1;1;1;1;1;1;1;1;1;1;1;1;1;1;1;1;1;1;1;1;1;1;1;1;1;1;1
15400000;2;01/12/1975;;1;1;1077;864;1005;31;1;1;1;1;0;0;864;940;975;998;1033;1061;1067;1045;1024;1007;979;963;950;950;957;978;1002;1022;1027;1023;1018;1010;1004;997;998;1014;1030;1037;1047;1063;1077;1;1;1;1;1;1;1;1;1;1;1;1;1;1;1;1;1;1;1;1;1;1;1;1;1;1;1;1;1;1;1
15400000;1;01/12/1975;;1;1;1077;864;1005;31;1;1;1;1;0;0;864;940;975;998;1033;1061;1067;1045;1024;1007;979;963;950;950;957;978;1002;1022;1027;1023;1018;1010;1004;997;998;1014;1030;1037;1047;1063;1077;1;1;1;1;1;1;1;1;1;1;1;1;1;1;1;1;1;1;1;1;1;1;1;1;1;1;1;1;1;1;1
15400000;2;01/11/1975;;1;1;793;438;609;30;8;1;1;1;0;0;546;529;492;475;459;448;445;438;440;464;509;564;593;609;614;605;598;609;657;708;720;721;720;721;732;750;761;771;779;793;;1;1;1;1;1;1;1;1;1;1;1;1;1;1;1;1;1;1;1;1;1;1;1;1;1;1;1;1;1;1;
15400000;1;01/11/1975;;1;1;793;438;609;30;8;1;1;1;0;0;546;529;492;475;459;448;445;438;440;464;509;564;593;609;614;605;598;609;657;708;720;721;720;721;732;750;761;771;779;793;;1;1;1;1;1;1;1;1;1;1;1;1;1;1;1;1;1;1;1;1;1;1;1;1;1;1;1;1;1;1;
15400000;2;01/10/1975;;1;1;649;419;572;5;1;1;1;1;0;0;419;439;514;605;649;649;638;627;619;608;597;585;575;566;560;555;549;547;547;549;550;551;565;582;597;588;585;585;588;581;563;1;1;1;1;1;1;1;1;1;1;1;1;1;1;1;1;1;1;1;1;1;1;1;1;1;1;1;1;1;1;1
15400000;1;01/10/1975;;1;1;649;419;572;5;1;1;1;1;0;0;419;439;514;605;649;649;638;627;619;608;597;585;575;566;560;555;549;547;547;549;550;551;565;582;597;588;585;585;588;581;563;1;1;1;1;1;1;1;1;1;1;1;1;1;1;1;1;1;1;1;1;1;1;1;1;1;1;1;1;1;1;1
15400000;2;01/09/1975;;1;1;480;340;406;25;17;1;1;1;0;0;419;420;420;425;421;419;415;407;397;387;379;375;368;360;354;346;340;347;345;366;395;422;440;464;480;479;467;454;438;425;;1;1;1;1;1;1;1;1;1;1;1;1;1;1;1;1;1;1;1;1;1;1;1;1;1;1;1;1;1;1;
15400000;1;01/09/1975;;1;1;480;340;406;25;17;1;1;1;0;0;419;420;420;425;421;419;415;407;397;387;379;375;368;360;354;346;340;347;345;366;395;422;440;464;480;479;467;454;438;425;;1;1;1;1;1;1;1;1;1;1;1;1;1;1;1;1;1;1;1;1;1;1;1;1;1;1;1;1;1;1;
15400000;2;01/08/1975;;1;1;684;420;524;1;31;1;1;1;0;0;684;665;654;636;625;611;595;583;569;555;544;525;515;504;489;484;480;499;506;507;494;483;476;468;459;457;449;443;435;425;420;1;1;1;1;1;1;1;1;1;1;1;1;1;1;1;1;1;1;1;1;1;1;1;1;1;1;1;1;1;1;1
15400000;1;01/08/1975;;1;1;684;420;524;1;31;1;1;1;0;0;684;665;654;636;625;611;595;583;569;555;544;525;515;504;489;484;480;499;506;507;494;483;476;468;459;457;449;443;435;425;420;1;1;1;1;1;1;1;1;1;1;1;1;1;1;1;1;1;1;1;1;1;1;1;1;1;1;1;1;1;1;1
15400000;2;01/07/1975;;1;1;911;702;818;8;31;1;1;1;0;0;822;833;852;869;882;892;909;911;905;890;869;844;825;813;795;779;764;761;788;808;816;803;792;812;811;804;784;764;742;724;702;1;1;1;1;1;1;1;1;1;1;1;1;1;1;1;1;1;1;1;1;1;1;1;1;1;1;1;1;1;1;1
15400000;1;01/07/1975;;1;1;911;702;818;8;31;1;1;1;0;0;822;833;852;869;882;892;909;911;905;890;869;844;825;813;795;779;764;761;788;808;816;803;792;812;811;804;784;764;742;724;702;1;1;1;1;1;1;1;1;1;1;1;1;1;1;1;1;1;1;1;1;1;1;1;1;1;1;1;1;1;1;1
15400000;2;01/06/1975;;1;1;1078;810;969;1;28;1;1;1;0;0;1078;1066;1055;1048;1049;1049;1055;1054;1061;1069;1069;1059;1037;1021;1007;993;974;954;938;923;906;897;886;871;855;837;823;810;810;817;;1;1;1;1;1;1;1;1;1;1;1;1;1;1;1;1;1;1;1;1;1;1;1;1;1;1;1;1;1;1;
15400000;1;01/06/1975;;1;1;1078;810;969;1;28;1;1;1;0;0;1078;1066;1055;1048;1049;1049;1055;1054;1061;1069;1069;1059;1037;1021;1007;993;974;954;938;923;906;897;886;871;855;837;823;810;810;817;;1;1;1;1;1;1;1;1;1;1;1;1;1;1;1;1;1;1;1;1;1;1;1;1;1;1;1;1;1;1;
15400000;2;01/05/1975;;1;1;1318;1096;1234;8;31;1;1;1;0;0;1310;1316;1311;1309;1307;1305;1312;1318;1313;1307;1295;1276;1265;1251;1238;1232;1227;1223;1217;1209;1202;1200;1196;1187;1177;1167;1148;1130;1115;1106;1096;1;1;1;1;1;1;1;1;1;1;1;1;1;1;1;1;1;1;1;1;1;1;1;1;1;1;1;1;1;1;1
15400000;1;01/05/1975;;1;1;1318;1096;1234;8;31;1;1;1;0;0;1310;1316;1311;1309;1307;1305;1312;1318;1313;1307;1295;1276;1265;1251;1238;1232;1227;1223;1217;1209;1202;1200;1196;1187;1177;1167;1148;1130;1115;1106;1096;1;1;1;1;1;1;1;1;1;1;1;1;1;1;1;1;1;1;1;1;1;1;1;1;1;1;1;1;1;1;1
15400000;2;01/04/1975;;1;1;1540;1317;1470;11;30;1;1;1;0;0;1519;1521;1527;1527;1525;1523;1524;1529;1536;1539;1540;1534;1516;1504;1493;1486;1477;1474;1470;1465;1457;1445;1426;1414;1395;1376;1357;1344;1327;1317;;1;1;1;1;1;1;1;1;1;1;1;1;1;1;1;1;1;1;1;1;1;1;1;1;1;1;1;1;1;1;
15400000;1;01/04/1975;;1;1;1540;1317;1470;11;30;1;1;1;0;0;1519;1521;1527;1527;1525;1523;1524;1529;1536;1539;1540;1534;1516;1504;1493;1486;1477;1474;1470;1465;1457;1445;1426;1414;1395;1376;1357;1344;1327;1317;;1;1;1;1;1;1;1;1;1;1;1;1;1;1;1;1;1;1;1;1;1;1;1;1;1;1;1;1;1;1;
15400000;2;01/03/1975;;1;1;1540;1507;1525;17;1;1;1;1;0;0;1507;1517;1519;1520;1521;1519;1518;1514;1511;1513;1515;1518;1522;1529;1532;1537;1540;1540;1540;1539;1537;1533;1534;1539;1532;1528;1530;1528;1526;1519;1510;1;1;1;1;1;1;1;1;1;1;1;1;1;1;1;1;1;1;1;1;1;1;1;1;1;1;1;1;1;1;1
15400000;1;01/03/1975;;1;1;1540;1507;1525;17;1;1;1;1;0;0;1507;1517;1519;1520;1521;1519;1518;1514;1511;1513;1515;1518;1522;1529;1532;1537;1540;1540;1540;1539;1537;1533;1534;1539;1532;1528;1530;1528;1526;1519;1510;1;1;1;1;1;1;1;1;1;1;1;1;1;1;1;1;1;1;1;1;1;1;1;1;1;1;1;1;1;1;1
15400000;2;01/02/1975;;1;1;1499;1332;1401;28;1;1;1;1;0;0;1332;1347;1348;1347;1354;1367;1376;1377;1378;1377;1377;1378;1381;1387;1391;1398;1408;1413;1419;1427;1429;1433;1438;1448;1458;1469;1485;1499;;;;1;1;1;1;1;1;1;1;1;1;1;1;1;1;1;1;1;1;1;1;1;1;1;1;1;1;1;1;;;
15400000;1;01/02/1975;;1;1;1499;1332;1401;28;1;1;1;1;0;0;1332;1347;1348;1347;1354;1367;1376;1377;1378;1377;1377;1378;1381;1387;1391;1398;1408;1413;1419;1427;1429;1433;1438;1448;1458;1469;1485;1499;;;;1;1;1;1;1;1;1;1;1;1;1;1;1;1;1;1;1;1;1;1;1;1;1;1;1;1;1;1;;;
15400000;2;01/01/1975;;1;1;1320;1001;1132;31;1;1;1;1;0;0;1001;1008;1016;1031;1054;1078;1099;1107;1095;1083;1061;1047;1038;1033;1053;1080;1115;1151;1169;1181;1201;1207;1199;1198;1199;1207;1223;1251;1282;1297;1320;1;1;1;1;1;1;1;1;1;1;1;1;1;1;1;1;1;1;1;1;1;1;1;1;1;1;1;1;1;1;1
15400000;1;01/01/1975;;1;1;1320;1001;1132;31;1;1;1;1;0;0;1001;1008;1016;1031;1054;1078;1099;1107;1095;1083;1061;1047;1038;1033;1053;1080;1115;1151;1169;1181;1201;1207;1199;1198;1199;1207;1223;1251;1282;1297;1320;1;1;1;1;1;1;1;1;1;1;1;1;1;1;1;1;1;1;1;1;1;1;1;1;1;1;1;1;1;1;1
15400000;2;01/12/1974;;1;1;1007;629;838;31;1;1;1;1;0;0;629;638;655;675;704;739;837;881;897;879;869;856;847;830;798;787;779;772;769;799;846;861;866;912;937;955;968;986;993;999;1007;1;1;1;1;1;1;1;1;1;1;1;1;1;1;1;1;1;1;1;1;1;1;1;1;1;1;1;1;1;1;1
15400000;1;01/12/1974;;1;1;1007;629;838;31;1;1;1;1;0;0;629;638;655;675;704;739;837;881;897;879;869;856;847;830;798;787;779;772;769;799;846;861;866;912;937;955;968;986;993;999;1007;1;1;1;1;1;1;1;1;1;1;1;1;1;1;1;1;1;1;1;1;1;1;1;1;1;1;1;1;1;1;1
15400000;2;01/11/1974;;1;1;830;620;712;20;29;1;1;1;0;0;633;681;708;719;741;759;760;749;732;724;711;686;665;658;663;693;723;761;783;830;815;791;762;735;705;672;646;628;620;621;;1;1;1;1;1;1;1;1;1;1;1;1;1;1;1;1;1;1;1;1;1;1;1;1;1;1;1;1;1;1;
15400000;1;01/11/1974;;1;1;830;620;712;20;29;1;1;1;0;0;633;681;708;719;741;759;760;749;732;724;711;686;665;658;663;693;723;761;783;830;815;791;762;735;705;672;646;628;620;621;;1;1;1;1;1;1;1;1;1;1;1;1;1;1;1;1;1;1;1;1;1;1;1;1;1;1;1;1;1;1;
15400000;2;01/10/1974;;1;1;590;308;438;31;4;1;1;1;0;0;317;312;310;308;308;323;344;362;368;366;363;360;367;394;444;468;472;460;447;436;453;482;511;532;552;581;586;586;583;581;590;1;1;1;1;1;1;1;1;1;1;1;1;1;1;1;1;1;1;1;1;1;1;1;1;1;1;1;1;1;1;1
15400000;1;01/10/1974;;1;1;590;308;438;31;4;1;1;1;0;0;317;312;310;308;308;323;344;362;368;366;363;360;367;394;444;468;472;460;447;436;453;482;511;532;552;581;586;586;583;581;590;1;1;1;1;1;1;1;1;1;1;1;1;1;1;1;1;1;1;1;1;1;1;1;1;1;1;1;1;1;1;1
15400000;2;01/09/1974;;1;1;487;324;404;1;30;1;1;1;0;0;487;478;466;457;451;446;443;442;438;433;426;422;418;412;409;408;406;399;397;393;383;373;361;354;346;340;337;333;328;324;;1;1;1;1;1;1;1;1;1;1;1;1;1;1;1;1;1;1;1;1;1;1;1;1;1;1;1;1;1;1;
15400000;1;01/09/1974;;1;1;487;324;404;1;30;1;1;1;0;0;487;478;466;457;451;446;443;442;438;433;426;422;418;412;409;408;406;399;397;393;383;373;361;354;346;340;337;333;328;324;;1;1;1;1;1;1;1;1;1;1;1;1;1;1;1;1;1;1;1;1;1;1;1;1;1;1;1;1;1;1;
15400000;2;01/08/1974;;1;1;649;466;537;1;23;1;1;1;0;0;649;644;627;618;608;595;579;565;551;537;525;520;525;539;538;529;518;509;503;492;481;470;466;473;494;514;526;528;522;513;495;1;1;1;1;1;1;1;1;1;1;1;1;1;1;1;1;1;1;1;1;1;1;1;1;1;1;1;1;1;1;1
15400000;1;01/08/1974;07:00;0;1;;;;;;0;0;0;;0;364;362;354;343;331;318;310;300;;;;;;;;;;;;;;;;;;;;;;;;1;1;1;1;1;1;1;1;0;0;0;0;0;0;0;0;0;0;0;0;0;0;0;0;0;0;0;0;0;0;0
15400000;1;01/08/1974;17:00;0;1;;;;;;0;0;0;;0;364;360;352;338;321;314;306;;;;;;;;;;;;;;;;;;;;;;;;;1;1;1;1;1;1;1;0;0;0;0;0;0;0;0;0;0;0;0;0;0;0;0;0;0;0;0;0;0;0;0
15400000;1;01/08/1974;;1;1;649;466;537;1;23;1;1;1;0;0;649;644;627;618;608;595;579;565;551;537;525;520;525;539;538;529;518;509;503;492;481;470;466;473;494;514;526;528;522;513;495;1;1;1;1;1;1;1;1;1;1;1;1;1;1;1;1;1;1;1;1;1;1;1;1;1;1;1;1;1;1;1
15400000;2;01/07/1974;;1;1;909;645;755;2;23;1;1;1;0;0;907;909;894;879;862;843;828;814;800;794;796;812;808;797;781;763;746;727;711;686;667;655;645;650;659;667;674;669;666;658;650;1;1;1;1;1;1;1;1;1;1;1;1;1;1;1;1;1;1;1;1;1;1;1;1;1;1;1;1;1;1;1
15400000;1;01/07/1974;07:00;0;1;630;353;471;1;23;1;1;1;;0;626;630;616;598;586;567;550;535;520;516;525;535;533;523;503;472;456;435;421;395;378;363;353;365;368;380;388;385;375;370;364;1;1;1;1;1;1;1;1;1;1;1;1;1;1;1;1;1;1;1;1;1;1;1;1;1;1;1;1;1;1;1
15400000;1;01/07/1974;17:00;0;1;630;353;471;1;23;1;1;1;;0;630;626;610;595;578;560;539;527;518;521;528;536;531;516;488;472;456;421;421;395;378;363;353;365;372;382;388;382;372;364;364;1;1;1;1;1;1;1;1;1;1;1;1;1;1;1;1;1;1;1;1;1;1;1;1;1;1;1;1;1;1;1
15400000;1;01/07/1974;;1;1;909;645;755;2;23;1;1;1;0;0;907;909;894;879;862;843;828;814;800;794;796;812;808;797;781;763;746;727;711;686;667;655;645;650;659;667;674;669;666;658;650;1;1;1;1;1;1;1;1;1;1;1;1;1;1;1;1;1;1;1;1;1;1;1;1;1;1;1;1;1;1;1
15400000;2;01/06/1974;;1;1;1168;879;1048;1;29;1;1;1;0;0;1168;1163;1160;1158;1149;1136;1116;1100;1102;1119;1125;1115;1088;1076;1060;1055;1050;1050;1047;1036;1017;1005;981;960;933;916;905;887;879;892;;1;1;1;1;1;1;1;1;1;1;1;1;1;1;1;1;1;1;1;1;1;1;1;1;1;1;1;1;1;1;
15400000;1;01/06/1974;07:00;0;1;894;598;768;1;29;1;1;1;;0;894;889;883;876;870;855;839;824;826;846;850;835;813;800;784;778;772;772;770;756;740;722;702;682;659;640;623;604;599;606;;1;1;1;1;1;1;1;1;1;1;1;1;1;1;1;1;1;1;1;1;1;1;1;1;1;1;1;1;1;1;0
15400000;1;01/06/1974;17:00;0;1;894;598;768;1;29;1;1;1;;0;890;886;880;873;864;848;829;824;834;850;846;825;806;790;780;775;772;772;762;749;731;712;693;672;649;630;611;600;598;617;;1;1;1;1;1;1;1;1;1;1;1;1;1;1;1;1;1;1;1;1;1;1;1;1;1;1;1;1;1;1;0
15400000;1;01/06/1974;;1;1;1168;879;1048;1;29;1;1;1;0;0;1168;1163;1160;1158;1149;1136;1116;1100;1102;1119;1125;1115;1088;1076;1060;1055;1050;1050;1047;1036;1017;1005;981;960;933;916;905;887;879;892;;1;1;1;1;1;1;1;1;1;1;1;1;1;1;1;1;1;1;1;1;1;1;1;1;1;1;1;1;1;1;
15400000;2;01/05/1974;;1;1;1509;1178;1332;2;31;1;1;1;0;0;1501;1509;1503;1488;1476;1449;1427;1416;1408;1402;1385;1357;1344;1334;1325;1316;1311;1308;1296;1279;1274;1265;1251;1237;1227;1219;1213;1207;1197;1187;1178;1;1;1;1;1;1;1;1;1;1;1;1;1;1;1;1;1;1;1;1;1;1;1;1;1;1;1;1;1;1;1
15400000;1;01/05/1974;;1;1;1509;1178;1332;2;31;1;1;1;0;0;1501;1509;1503;1488;1476;1449;1427;1416;1408;1402;1385;1357;1344;1334;1325;1316;1311;1308;1296;1279;1274;1265;1251;1237;1227;1219;1213;1207;1197;1187;1178;1;1;1;1;1;1;1;1;1;1;1;1;1;1;1;1;1;1;1;1;1;1;1;1;1;1;1;1;1;1;1
15400000;2;01/04/1974;;1;1;1538;1449;1502;1;7;1;1;1;0;0;1538;1521;1504;1485;1465;1452;1449;1462;1478;1497;1507;1521;1524;1521;1520;1521;1523;1525;1535;1531;1530;1520;1506;1497;1490;1489;1490;1489;1488;1489;;1;1;1;1;1;1;1;1;1;1;1;1;1;1;1;1;1;1;1;1;1;1;1;1;1;1;1;1;1;1;
15400000;1;01/04/1974;;1;1;1538;1449;1502;1;7;1;1;1;0;0;1538;1521;1504;1485;1465;1452;1449;1462;1478;1497;1507;1521;1524;1521;1520;1521;1523;1525;1535;1531;1530;1520;1506;1497;1490;1489;1490;1489;1488;1489;;1;1;1;1;1;1;1;1;1;1;1;1;1;1;1;1;1;1;1;1;1;1;1;1;1;1;1;1;1;1;
15400000;2;01/03/1974;;1;1;1650;1554;1615;18;31;1;1;1;0;0;1577;1585;1590;1594;1602;1609;1610;1614;1613;1621;1628;1629;1629;1633;1639;1641;1649;1650;1650;1646;1637;1631;1629;1624;1620;1614;1606;1594;1581;1567;1554;1;1;1;1;1;1;1;1;1;1;1;1;1;1;1;1;1;1;1;1;1;1;1;1;1;1;1;1;1;1;1
15400000;1;01/03/1974;;1;1;1650;1554;1615;18;31;1;1;1;0;0;1577;1585;1590;1594;1602;1609;1610;1614;1613;1621;1628;1629;1629;1633;1639;1641;1649;1650;1650;1646;1637;1631;1629;1624;1620;1614;1606;1594;1581;1567;1554;1;1;1;1;1;1;1;1;1;1;1;1;1;1;1;1;1;1;1;1;1;1;1;1;1;1;1;1;1;1;1
15400000;2;01/02/1974;;1;1;1569;1382;1462;28;2;1;1;1;0;0;1385;1382;1389;1394;1396;1397;1399;1403;1406;1405;1407;1420;1432;1447;1460;1475;1482;1492;1505;1520;1521;1525;1528;1531;1542;1552;1562;1569;;;;1;1;1;1;1;1;1;1;1;1;1;1;1;1;1;1;1;1;1;1;1;1;1;1;1;1;1;1;;;
15400000;1;01/02/1974;;1;1;1569;1382;1462;28;2;1;1;1;0;0;1385;1382;1389;1394;1396;1397;1399;1403;1406;1405;1407;1420;1432;1447;1460;1475;1482;1492;1505;1520;1521;1525;1528;1531;1542;1552;1562;1569;;;;1;1;1;1;1;1;1;1;1;1;1;1;1;1;1;1;1;1;1;1;1;1;1;1;1;1;1;1;;;
15400000;2;01/01/1974;;1;1;1397;1198;1311;25;1;1;1;1;0;0;1198;1208;1230;1250;1270;1286;1282;1268;1260;1255;1252;1251;1259;1272;1282;1291;1300;1305;1314;1347;1360;1367;1381;1390;1397;1394;1394;1393;1393;1392;1389;1;1;1;1;1;1;1;1;1;1;1;1;1;1;1;1;1;1;1;1;1;1;1;1;1;1;1;1;1;1;1
15400000;1;01/01/1974;;1;1;1397;1198;1311;25;1;1;1;1;0;0;1198;1208;1230;1250;1270;1286;1282;1268;1260;1255;1252;1251;1259;1272;1282;1291;1300;1305;1314;1347;1360;1367;1381;1390;1397;1394;1394;1393;1393;1392;1389;1;1;1;1;1;1;1;1;1;1;1;1;1;1;1;1;1;1;1;1;1;1;1;1;1;1;1;1;1;1;1
15400000;2;01/12/1973;;1;1;1183;934;1045;31;1;1;1;1;0;0;934;982;1010;1025;1024;1016;995;983;974;972;970;971;981;1034;1061;1067;1058;1048;1040;1038;1049;1048;1047;1052;1086;1115;1138;1157;1165;1172;1183;1;1;1;1;1;1;1;1;1;1;1;1;1;1;1;1;1;1;1;1;1;1;1;1;1;1;1;1;1;1;1
15400000;1;01/12/1973;;1;1;1183;934;1045;31;1;1;1;1;0;0;934;982;1010;1025;1024;1016;995;983;974;972;970;971;981;1034;1061;1067;1058;1048;1040;1038;1049;1048;1047;1052;1086;1115;1138;1157;1165;1172;1183;1;1;1;1;1;1;1;1;1;1;1;1;1;1;1;1;1;1;1;1;1;1;1;1;1;1;1;1;1;1;1
15400000;2;01/11/1973;;1;1;863;544;745;30;1;1;1;1;0;0;544;567;577;570;557;549;550;595;665;727;780;816;820;818;819;818;818;819;824;832;837;833;820;809;808;816;825;838;844;863;;1;1;1;1;1;1;1;1;1;1;1;1;1;1;1;1;1;1;1;1;1;1;1;1;1;1;1;1;1;1;
15400000;1;01/11/1973;;1;1;863;544;745;30;1;1;1;1;0;0;544;567;577;570;557;549;550;595;665;727;780;816;820;818;819;818;818;819;824;832;837;833;820;809;808;816;825;838;844;863;;1;1;1;1;1;1;1;1;1;1;1;1;1;1;1;1;1;1;1;1;1;1;1;1;1;1;1;1;1;1;
15400000;2;01/10/1973;;1;1;578;387;459;27;8;1;1;1;0;0;422;428;421;403;397;391;388;387;387;392;401;405;401;397;393;395;404;409;436;464;499;531;558;572;577;576;578;576;564;553;539;1;1;1;1;1;1;1;1;1;1;1;1;1;1;1;1;1;1;1;1;1;1;1;1;1;1;1;1;1;1;1
15400000;1;01/10/1973;;1;1;578;387;459;27;8;1;1;1;0;0;422;428;421;403;397;391;388;387;387;392;401;405;401;397;393;395;404;409;436;464;499;531;558;572;577;576;578;576;564;553;539;1;1;1;1;1;1;1;1;1;1;1;1;1;1;1;1;1;1;1;1;1;1;1;1;1;1;1;1;1;1;1
15400000;2;01/09/1973;;1;1;565;381;454;6;26;1;1;1;0;0;477;472;485;535;562;565;550;529;511;496;483;468;456;446;440;440;443;445;441;431;417;407;397;391;386;381;381;389;398;412;;1;1;1;1;1;1;1;1;1;1;1;1;1;1;1;1;1;1;1;1;1;1;1;1;1;1;1;1;1;1;
15400000;1;01/09/1973;;1;1;565;381;454;6;26;1;1;1;0;0;477;472;485;535;562;565;550;529;511;496;483;468;456;446;440;440;443;445;441;431;417;407;397;391;386;381;381;389;398;412;;1;1;1;1;1;1;1;1;1;1;1;1;1;1;1;1;1;1;1;1;1;1;1;1;1;1;1;1;1;1;
15400000;2;01/08/1973;;1;1;634;487;571;1;31;1;1;1;0;0;634;624;611;605;587;572;558;556;571;594;612;616;608;595;577;570;555;558;577;589;595;587;574;563;548;533;519;510;504;498;487;1;1;1;1;1;1;1;1;1;1;1;1;1;1;1;1;1;1;1;1;1;1;1;1;1;1;1;1;1;1;1
15400000;1;01/08/1973;;1;1;634;487;571;1;31;1;1;1;0;0;634;624;611;605;587;572;558;556;571;594;612;616;608;595;577;570;555;558;577;589;595;587;574;563;548;533;519;510;504;498;487;1;1;1;1;1;1;1;1;1;1;1;1;1;1;1;1;1;1;1;1;1;1;1;1;1;1;1;1;1;1;1
15400000;2;01/07/1973;;1;1;920;645;766;1;31;1;1;1;0;0;920;905;887;874;862;849;843;839;833;826;821;807;795;774;752;739;734;730;726;714;702;684;682;692;700;698;694;687;676;660;645;1;1;1;1;1;1;1;1;1;1;1;1;1;1;1;1;1;1;1;1;1;1;1;1;1;1;1;1;1;1;1
15400000;1;01/07/1973;;1;1;920;645;766;1;31;1;1;1;0;0;920;905;887;874;862;849;843;839;833;826;821;807;795;774;752;739;734;730;726;714;702;684;682;692;700;698;694;687;676;660;645;1;1;1;1;1;1;1;1;1;1;1;1;1;1;1;1;1;1;1;1;1;1;1;1;1;1;1;1;1;1;1
15400000;2;01/06/1973;;1;1;1122;943;1053;1;30;1;1;1;0;0;1122;1105;1090;1092;1091;1087;1089;1094;1100;1103;1105;1100;1094;1084;1067;1054;1047;1042;1040;1042;1043;1035;1020;995;982;982;988;986;965;943;;1;1;1;1;1;1;1;1;1;1;1;1;1;1;1;1;1;1;1;1;1;1;1;1;1;1;1;1;1;1;
15400000;1;01/06/1973;;1;1;1122;943;1053;1;30;1;1;1;0;0;1122;1105;1090;1092;1091;1087;1089;1094;1100;1103;1105;1100;1094;1084;1067;1054;1047;1042;1040;1042;1043;1035;1020;995;982;982;988;986;965;943;;1;1;1;1;1;1;1;1;1;1;1;1;1;1;1;1;1;1;1;1;1;1;1;1;1;1;1;1;1;1;
15400000;2;01/05/1973;;1;1;1370;1139;1266;1;31;1;1;1;0;0;1370;1361;1351;1350;1346;1335;1325;1322;1322;1324;1322;1312;1294;1272;1263;1267;1273;1284;1286;1270;1248;1231;1207;1192;1180;1168;1164;1160;1151;1147;1139;1;1;1;1;1;1;1;1;1;1;1;1;1;1;1;1;1;1;1;1;1;1;1;1;1;1;1;1;1;1;1
15400000;1;01/05/1973;;1;1;1370;1139;1266;1;31;1;1;1;0;0;1370;1361;1351;1350;1346;1335;1325;1322;1322;1324;1322;1312;1294;1272;1263;1267;1273;1284;1286;1270;1248;1231;1207;1192;1180;1168;1164;1160;1151;1147;1139;1;1;1;1;1;1;1;1;1;1;1;1;1;1;1;1;1;1;1;1;1;1;1;1;1;1;1;1;1;1;1
15400000;2;01/04/1973;;1;1;1540;1380;1491;15;30;1;1;1;0;0;1510;1510;1521;1524;1526;1516;1515;1510;1508;1508;1510;1518;1530;1534;1540;1539;1530;1525;1513;1500;1484;1469;1462;1455;1447;1437;1424;1408;1388;1380;;1;1;1;1;1;1;1;1;1;1;1;1;1;1;1;1;1;1;1;1;1;1;1;1;1;1;1;1;1;1;
15400000;1;01/04/1973;;1;1;1540;1380;1491;15;30;1;1;1;0;0;1510;1510;1521;1524;1526;1516;1515;1510;1508;1508;1510;1518;1530;1534;1540;1539;1530;1525;1513;1500;1484;1469;1462;1455;1447;1437;1424;1408;1388;1380;;1;1;1;1;1;1;1;1;1;1;1;1;1;1;1;1;1;1;1;1;1;1;1;1;1;1;1;1;1;1;
15400000;2;01/03/1973;;1;1;1544;1492;1522;20;1;1;1;1;0;0;1492;1500;1500;1500;1503;1503;1504;1506;1503;1509;1515;1520;1521;1526;1526;1527;1530;1537;1542;1544;1541;1538;1538;1537;1537;1539;1540;1539;1529;1523;1509;1;1;1;1;1;1;1;1;1;1;1;1;1;1;1;1;1;1;1;1;1;1;1;1;1;1;1;1;1;1;1
15400000;1;01/03/1973;;1;1;1544;1492;1522;20;1;1;1;1;0;0;1492;1500;1500;1500;1503;1503;1504;1506;1503;1509;1515;1520;1521;1526;1526;1527;1530;1537;1542;1544;1541;1538;1538;1537;1537;1539;1540;1539;1529;1523;1509;1;1;1;1;1;1;1;1;1;1;1;1;1;1;1;1;1;1;1;1;1;1;1;1;1;1;1;1;1;1;1
15400000;2;01/02/1973;;1;1;1486;1326;1414;28;1;1;1;1;0;0;1326;1339;1352;1362;1373;1375;1378;1385;1389;1392;1392;1393;1395;1402;1408;1422;1427;1431;1439;1448;1455;1460;1463;1465;1470;1479;1485;1486;;;;1;1;1;1;1;1;1;1;1;1;1;1;1;1;1;1;1;1;1;1;1;1;1;1;1;1;1;1;;;
15400000;1;01/02/1973;;1;1;1486;1326;1414;28;1;1;1;1;0;0;1326;1339;1352;1362;1373;1375;1378;1385;1389;1392;1392;1393;1395;1402;1408;1422;1427;1431;1439;1448;1455;1460;1463;1465;1470;1479;1485;1486;;;;1;1;1;1;1;1;1;1;1;1;1;1;1;1;1;1;1;1;1;1;1;1;1;1;1;1;1;1;;;
15400000;2;01/01/1973;;1;1;1320;1068;1167;31;9;1;1;1;0;0;1162;1153;1135;1118;1103;1088;1075;1069;1068;1085;1105;1123;1130;1124;1113;1106;1117;1132;1141;1155;1175;1209;1226;1242;1253;1265;1277;1292;1302;1313;1320;1;1;1;1;1;1;1;1;1;1;1;1;1;1;1;1;1;1;1;1;1;1;1;1;1;1;1;1;1;1;1
15400000;1;01/01/1973;;1;1;1320;1068;1167;31;9;1;1;1;0;0;1162;1153;1135;1118;1103;1088;1075;1069;1068;1085;1105;1123;1130;1124;1113;1106;1117;1132;1141;1155;1175;1209;1226;1242;1253;1265;1277;1292;1302;1313;1320;1;1;1;1;1;1;1;1;1;1;1;1;1;1;1;1;1;1;1;1;1;1;1;1;1;1;1;1;1;1;1
15400000;2;01/12/1972;;1;1;1168;838;1015;31;5;1;1;1;0;0;905;882;863;851;838;843;880;918;935;946;950;947;957;984;1002;1012;1024;1035;1055;1077;1096;1115;1135;1149;1153;1148;1146;1147;1155;1162;1168;1;1;1;1;1;1;1;1;1;1;1;1;1;1;1;1;1;1;1;1;1;1;1;1;1;1;1;1;1;1;1
15400000;1;01/12/1972;;1;1;1168;838;1015;31;5;1;1;1;0;0;905;882;863;851;838;843;880;918;935;946;950;947;957;984;1002;1012;1024;1035;1055;1077;1096;1115;1135;1149;1153;1148;1146;1147;1155;1162;1168;1;1;1;1;1;1;1;1;1;1;1;1;1;1;1;1;1;1;1;1;1;1;1;1;1;1;1;1;1;1;1
15400000;2;01/11/1972;;1;1;938;480;600;29;3;1;1;1;0;0;505;488;480;482;495;522;530;520;512;507;515;517;518;515;508;495;481;488;505;532;570;607;637;698;798;875;914;932;938;924;;1;1;1;1;1;1;1;1;1;1;1;1;1;1;1;1;1;1;1;1;1;1;1;1;1;1;1;1;1;1;
15400000;1;01/11/1972;07:00;0;1;660;212;325;28;3;1;1;1;;0;222;216;212;212;213;236;240;238;228;219;228;240;241;240;236;227;218;215;230;254;290;345;378;395;494;584;635;658;660;650;;1;1;1;1;1;1;1;1;1;1;1;1;1;1;1;1;1;1;1;1;1;1;1;1;1;1;1;1;1;1;0
15400000;1;01/11/1972;17:00;0;1;660;212;325;28;3;1;1;1;;0;218;214;212;212;218;240;242;234;231;222;235;240;240;238;231;222;217;220;240;272;319;358;386;440;535;614;650;660;656;640;;1;1;1;1;1;1;1;1;1;1;1;1;1;1;1;1;1;1;1;1;1;1;1;1;1;1;1;1;1;1;0
15400000;1;01/11/1972;;1;1;938;480;600;29;3;1;1;1;0;0;505;488;480;482;495;522;530;520;512;507;515;517;518;515;508;495;481;488;505;532;570;607;637;698;798;875;914;932;938;924;;1;1;1;1;1;1;1;1;1;1;1;1;1;1;1;1;1;1;1;1;1;1;1;1;1;1;1;1;1;1;
15400000;2;01/10/1972;;1;1;765;521;646;21;31;1;1;1;0;0;677;650;620;595;575;571;585;612;633;673;714;710;697;675;658;650;651;667;710;751;765;750;714;682;652;617;585;564;555;538;521;1;1;1;1;1;1;1;1;1;1;1;1;1;1;1;1;1;1;1;1;1;1;1;1;1;1;1;1;1;1;1
15400000;1;01/10/1972;;1;1;765;521;646;21;31;1;1;1;0;0;677;650;620;595;575;571;585;612;633;673;714;710;697;675;658;650;651;667;710;751;765;750;714;682;652;617;585;564;555;538;521;1;1;1;1;1;1;1;1;1;1;1;1;1;1;1;1;1;1;1;1;1;1;1;1;1;1;1;1;1;1;1
15400000;2;01/09/1972;;1;1;771;490;617;7;21;1;1;1;0;0;512;530;595;662;717;755;771;764;738;715;685;662;638;613;585;568;535;513;499;498;490;530;540;610;633;639;640;639;625;605;;1;1;1;1;1;1;1;1;1;1;1;1;1;1;1;1;1;1;1;1;1;1;1;1;1;1;1;1;1;1;
15400000;1;01/09/1972;;1;1;771;490;617;7;21;1;1;1;0;0;512;530;595;662;717;755;771;764;738;715;685;662;638;613;585;568;535;513;499;498;490;530;540;610;633;639;640;639;625;605;;1;1;1;1;1;1;1;1;1;1;1;1;1;1;1;1;1;1;1;1;1;1;1;1;1;1;1;1;1;1;
15400000;2;01/08/1972;;1;1;657;377;503;11;27;1;1;1;0;0;522;512;495;489;509;556;574;578;596;637;657;646;620;592;564;548;524;490;468;447;428;415;402;391;384;380;377;386;431;458;502;1;1;1;1;1;1;1;1;1;1;1;1;1;1;1;1;1;1;1;1;1;1;1;1;1;1;1;1;1;1;1
15400000;1;01/08/1972;;1;1;657;377;503;11;27;1;1;1;0;0;522;512;495;489;509;556;574;578;596;637;657;646;620;592;564;548;524;490;468;447;428;415;402;391;384;380;377;386;431;458;502;1;1;1;1;1;1;1;1;1;1;1;1;1;1;1;1;1;1;1;1;1;1;1;1;1;1;1;1;1;1;1
15400000;2;01/07/1972;;1;1;784;478;570;1;29;1;1;1;0;0;784;756;733;711;691;670;643;628;617;605;593;577;563;550;539;530;526;520;508;497;493;483;481;494;501;501;492;479;478;502;521;1;1;1;1;1;1;1;1;1;1;1;1;1;1;1;1;1;1;1;1;1;1;1;1;1;1;1;1;1;1;1
15400000;1;01/07/1972;07:00;0;1;509;184;280;1;29;1;1;1;;0;509;481;455;430;408;391;360;344;331;320;308;294;277;254;244;244;232;239;224;209;205;194;190;198;210;211;205;190;184;206;230;1;1;1;1;1;1;1;1;1;1;1;1;1;1;1;1;1;1;1;1;1;1;1;1;1;1;1;1;1;1;1
15400000;1;01/07/1972;17:00;0;1;509;184;280;1;29;1;1;1;;0;490;461;440;420;400;368;350;337;324;312;301;283;256;248;236;236;240;230;210;206;200;190;193;208;211;210;198;186;190;217;233;1;1;1;1;1;1;1;1;1;1;1;1;1;1;1;1;1;1;1;1;1;1;1;1;1;1;1;1;1;1;1
15400000;1;01/07/1972;;1;1;784;478;570;1;29;1;1;1;0;0;784;756;733;711;691;670;643;628;617;605;593;577;563;550;539;530;526;520;508;497;493;483;481;494;501;501;492;479;478;502;521;1;1;1;1;1;1;1;1;1;1;1;1;1;1;1;1;1;1;1;1;1;1;1;1;1;1;1;1;1;1;1
15400000;2;01/06/1972;;1;1;984;800;900;4;19;1;1;1;0;0;967;977;983;984;965;946;928;927;931;932;924;905;890;875;855;841;815;803;800;821;870;930;948;938;922;912;887;865;843;818;;1;1;1;1;1;1;1;1;1;1;1;1;1;1;1;1;1;1;1;1;1;1;1;1;1;1;1;1;1;1;
15400000;1;01/06/1972;;1;1;984;800;900;4;19;1;1;1;0;0;967;977;983;984;965;946;928;927;931;932;924;905;890;875;855;841;815;803;800;821;870;930;948;938;922;912;887;865;843;818;;1;1;1;1;1;1;1;1;1;1;1;1;1;1;1;1;1;1;1;1;1;1;1;1;1;1;1;1;1;1;
15400000;2;01/05/1972;;1;1;1279;943;1123;5;30;1;1;1;0;0;1251;1241;1255;1272;1279;1274;1255;1231;1205;1180;1163;1146;1132;1128;1129;1133;1131;1122;1130;1118;1096;1072;1050;1031;1017;999;976;962;945;943;955;1;1;1;1;1;1;1;1;1;1;1;1;1;1;1;1;1;1;1;1;1;1;1;1;1;1;1;1;1;1;1
15400000;1;01/05/1972;;1;1;1279;943;1123;5;30;1;1;1;0;0;1251;1241;1255;1272;1279;1274;1255;1231;1205;1180;1163;1146;1132;1128;1129;1133;1131;1122;1130;1118;1096;1072;1050;1031;1017;999;976;962;945;943;955;1;1;1;1;1;1;1;1;1;1;1;1;1;1;1;1;1;1;1;1;1;1;1;1;1;1;1;1;1;1;1
15400000;2;01/04/1972;;1;1;1505;1270;1439;13;30;1;1;1;0;0;1447;1457;1467;1473;1480;1479;1473;1466;1463;1488;1498;1500;1505;1488;1485;1479;1468;1461;1455;1445;1439;1432;1420;1405;1384;1367;1346;1322;1297;1270;;1;1;1;1;1;1;1;1;1;1;1;1;1;1;1;1;1;1;1;1;1;1;1;1;1;1;1;1;1;1;
15400000;1;01/04/1972;;1;1;1505;1270;1439;13;30;1;1;1;0;0;1447;1457;1467;1473;1480;1479;1473;1466;1463;1488;1498;1500;1505;1488;1485;1479;1468;1461;1455;1445;1439;1432;1420;1405;1384;1367;1346;1322;1297;1270;;1;1;1;1;1;1;1;1;1;1;1;1;1;1;1;1;1;1;1;1;1;1;1;1;1;1;1;1;1;1;
15400000;2;01/03/1972;;1;1;1490;1398;1445;26;14;1;1;1;0;0;1424;1440;1442;1443;1445;1442;1439;1434;1428;1425;1419;1409;1399;1398;1409;1421;1431;1443;1447;1453;1465;1472;1469;1482;1489;1490;1489;1475;1462;1450;1448;1;1;1;1;1;1;1;1;1;1;1;1;1;1;1;1;1;1;1;1;1;1;1;1;1;1;1;1;1;1;1
15400000;1;01/03/1972;;1;1;1490;1398;1445;26;14;1;1;1;0;0;1424;1440;1442;1443;1445;1442;1439;1434;1428;1425;1419;1409;1399;1398;1409;1421;1431;1443;1447;1453;1465;1472;1469;1482;1489;1490;1489;1475;1462;1450;1448;1;1;1;1;1;1;1;1;1;1;1;1;1;1;1;1;1;1;1;1;1;1;1;1;1;1;1;1;1;1;1
15400000;2;01/02/1972;;1;1;1421;1160;1256;29;2;1;1;1;0;0;1163;1160;1166;1175;1179;1180;1188;1207;1219;1221;1212;1197;1179;1166;1173;1198;1225;1251;1276;1299;1319;1334;1348;1363;1379;1393;1406;1416;1421;;;1;1;1;1;1;1;1;1;1;1;1;1;1;1;1;1;1;1;1;1;1;1;1;1;1;1;1;1;1;;
15400000;1;01/02/1972;;1;1;1421;1160;1256;29;2;1;1;1;0;0;1163;1160;1166;1175;1179;1180;1188;1207;1219;1221;1212;1197;1179;1166;1173;1198;1225;1251;1276;1299;1319;1334;1348;1363;1379;1393;1406;1416;1421;;;1;1;1;1;1;1;1;1;1;1;1;1;1;1;1;1;1;1;1;1;1;1;1;1;1;1;1;1;1;;
15400000;2;01/01/1972;;1;1;1170;850;1021;30;6;1;1;1;0;0;967;944;905;876;857;850;850;852;882;956;1025;1064;1084;1088;1084;1078;1065;1053;1041;1029;1015;1020;1032;1049;1078;1109;1136;1156;1168;1170;1170;1;1;1;1;1;1;1;1;1;1;1;1;1;1;1;1;1;1;1;1;1;1;1;1;1;1;1;1;1;1;1
15400000;1;01/01/1972;;1;1;1170;850;1021;30;6;1;1;1;0;0;967;944;905;876;857;850;850;852;882;956;1025;1064;1084;1088;1084;1078;1065;1053;1041;1029;1015;1020;1032;1049;1078;1109;1136;1156;1168;1170;1170;1;1;1;1;1;1;1;1;1;1;1;1;1;1;1;1;1;1;1;1;1;1;1;1;1;1;1;1;1;1;1
15400000;2;01/12/1971;;1;1;1016;610;836;29;1;2;2;2;0;0;610;617;641;671;700;717;725;729;747;796;829;850;853;865;876;879;872;855;841;846;863;873;886;910;927;935;965;1001;1016;1014;996;1;2;2;1;1;1;1;1;1;1;1;1;1;1;1;1;1;1;1;1;1;1;1;1;1;1;1;1;1;1;1
15400000;1;01/12/1971;;1;1;1016;567;832;29;2;1;1;1;0;0;610;567;591;671;700;717;725;729;747;796;829;850;853;865;876;879;872;855;841;846;863;873;886;910;927;935;965;1001;1016;1014;996;1;1;1;1;1;1;1;1;1;1;1;1;1;1;1;1;1;1;1;1;1;1;1;1;1;1;1;1;1;1;1
15400000;2;01/11/1971;;1;1;619;449;582;8;1;1;1;1;0;0;449;470;496;533;568;595;614;619;608;599;598;599;602;610;604;596;584;568;559;566;589;608;611;603;598;591;591;598;609;611;;1;1;1;1;1;1;1;1;1;1;1;1;1;1;1;1;1;1;1;1;1;1;1;1;1;1;1;1;1;1;
15400000;1;01/11/1971;;1;1;619;449;582;8;1;1;1;1;0;0;449;470;496;533;568;595;614;619;608;599;598;599;602;610;604;596;584;568;559;566;589;608;611;603;598;591;591;598;609;611;;1;1;1;1;1;1;1;1;1;1;1;1;1;1;1;1;1;1;1;1;1;1;1;1;1;1;1;1;1;1;
15400000;2;01/10/1971;;1;1;549;216;439;20;1;1;1;1;0;0;216;220;227;249;278;359;416;441;465;493;513;514;516;506;492;480;485;517;542;549;534;515;494;473;457;451;441;430;430;438;454;1;1;1;1;1;1;1;1;1;1;1;1;1;1;1;1;1;1;1;1;1;1;1;1;1;1;1;1;1;1;1
15400000;1;01/10/1971;;1;1;549;216;439;20;1;1;1;1;0;0;216;220;227;249;278;359;416;441;465;493;513;514;516;506;492;480;485;517;542;549;534;515;494;473;457;451;441;430;430;438;454;1;1;1;1;1;1;1;1;1;1;1;1;1;1;1;1;1;1;1;1;1;1;1;1;1;1;1;1;1;1;1
15400000;2;01/09/1971;;1;1;397;223;299;4;30;1;1;1;0;0;302;350;386;397;391;366;349;335;318;306;293;278;274;263;254;254;265;280;307;306;312;308;301;287;274;264;254;243;231;223;;1;1;1;1;1;1;1;1;1;1;1;1;1;1;1;1;1;1;1;1;1;1;1;1;1;1;1;1;1;1;
15400000;1;01/09/1971;;1;1;397;223;299;4;30;1;1;1;0;0;302;350;386;397;391;366;349;335;318;306;293;278;274;263;254;254;265;280;307;306;312;308;301;287;274;264;254;243;231;223;;1;1;1;1;1;1;1;1;1;1;1;1;1;1;1;1;1;1;1;1;1;1;1;1;1;1;1;1;1;1;
15400000;2;01/08/1971;;1;1;421;270;331;6;30;1;1;1;0;0;338;339;359;391;416;421;410;393;370;357;348;337;327;317;317;325;327;325;319;315;311;308;304;302;295;290;285;278;279;270;283;1;1;1;1;1;1;1;1;1;1;1;1;1;1;1;1;1;1;1;1;1;1;1;1;1;1;1;1;1;1;1
15400000;1;01/08/1971;;1;1;421;270;331;6;30;1;1;1;0;0;338;339;359;391;416;421;410;393;370;357;348;337;327;317;317;325;327;325;319;315;311;308;304;302;295;290;285;278;279;270;283;1;1;1;1;1;1;1;1;1;1;1;1;1;1;1;1;1;1;1;1;1;1;1;1;1;1;1;1;1;1;1
15400000;2;01/07/1971;;1;1;623;346;511;10;31;1;1;1;0;0;583;604;615;611;599;586;577;587;612;623;612;592;577;566;554;540;523;504;487;471;456;444;433;423;414;401;391;381;370;355;346;1;1;1;1;1;1;1;1;1;1;1;1;1;1;1;1;1;1;1;1;1;1;1;1;1;1;1;1;1;1;1
15400000;1;01/07/1971;;1;1;623;346;511;10;31;1;1;1;0;0;583;604;615;611;599;586;577;587;612;623;612;592;577;566;554;540;523;504;487;471;456;444;433;423;414;401;391;381;370;355;346;1;1;1;1;1;1;1;1;1;1;1;1;1;1;1;1;1;1;1;1;1;1;1;1;1;1;1;1;1;1;1
15400000;2;01/06/1971;;1;1;833;537;657;3;26;1;1;1;0;0;790;822;833;824;803;777;751;726;701;682;662;651;648;653;657;653;641;625;613;599;590;579;567;555;543;537;543;553;556;567;;1;1;1;1;1;1;1;1;1;1;1;1;1;1;1;1;1;1;1;1;1;1;1;1;1;1;1;1;1;1;
15400000;1;01/06/1971;;1;1;833;537;657;3;26;1;1;1;0;0;790;822;833;824;803;777;751;726;701;682;662;651;648;653;657;653;641;625;613;599;590;579;567;555;543;537;543;553;556;567;;1;1;1;1;1;1;1;1;1;1;1;1;1;1;1;1;1;1;1;1;1;1;1;1;1;1;1;1;1;1;
15400000;2;01/05/1971;;1;1;1271;775;980;1;31;1;1;1;0;0;1271;1245;1216;1187;1167;1133;1106;1078;1060;1045;1037;1033;1021;1002;974;955;932;916;910;896;880;864;853;856;863;861;845;824;803;781;775;1;1;1;1;1;1;1;1;1;1;1;1;1;1;1;1;1;1;1;1;1;1;1;1;1;1;1;1;1;1;1
15400000;1;01/05/1971;;1;1;1271;775;980;1;31;1;1;1;0;0;1271;1245;1216;1187;1167;1133;1106;1078;1060;1045;1037;1033;1021;1002;974;955;932;916;910;896;880;864;853;856;863;861;845;824;803;781;775;1;1;1;1;1;1;1;1;1;1;1;1;1;1;1;1;1;1;1;1;1;1;1;1;1;1;1;1;1;1;1
15400000;2;01/04/1971;;1;1;1405;1238;1294;1;19;1;1;1;0;0;1405;1395;1381;1370;1366;1356;1347;1336;1326;1316;1307;1298;1283;1270;1254;1244;1241;1239;1238;1238;1239;1244;1248;1245;1240;1244;1265;1288;1296;1290;;1;1;1;1;1;1;1;1;1;1;1;1;1;1;1;1;1;1;1;1;1;1;1;1;1;1;1;1;1;1;
15400000;1;01/04/1971;;1;1;1405;1238;1294;1;19;1;1;1;0;0;1405;1395;1381;1370;1366;1356;1347;1336;1326;1316;1307;1298;1283;1270;1254;1244;1241;1239;1238;1238;1239;1244;1248;1245;1240;1244;1265;1288;1296;1290;;1;1;1;1;1;1;1;1;1;1;1;1;1;1;1;1;1;1;1;1;1;1;1;1;1;1;1;1;1;1;
15400000;2;01/03/1971;;1;1;1484;1415;1448;6;31;1;1;1;0;0;1469;1473;1475;1480;1481;1484;1484;1483;1481;1473;1462;1452;1439;1432;1425;1426;1427;1430;1426;1425;1425;1432;1437;1444;1443;1442;1439;1433;1423;1423;1415;1;1;1;1;1;1;1;1;1;1;1;1;1;1;1;1;1;1;1;1;1;1;1;1;1;1;1;1;1;1;1
15400000;1;01/03/1971;;1;1;1484;1415;1448;6;31;1;1;1;0;0;1469;1473;1475;1480;1481;1484;1484;1483;1481;1473;1462;1452;1439;1432;1425;1426;1427;1430;1426;1425;1425;1432;1437;1444;1443;1442;1439;1433;1423;1423;1415;1;1;1;1;1;1;1;1;1;1;1;1;1;1;1;1;1;1;1;1;1;1;1;1;1;1;1;1;1;1;1
15400000;2;01/02/1971;;1;1;1463;1182;1359;28;1;1;1;1;0;0;1182;1199;1220;1231;1247;1259;1280;1299;1314;1329;1353;1368;1377;1383;1386;1396;1404;1409;1416;1423;1430;1436;1442;1446;1449;1454;1459;1463;;;;1;1;1;1;1;1;1;1;1;1;1;1;1;1;1;1;1;1;1;1;1;1;1;1;1;1;1;1;;;
15400000;1;01/02/1971;;1;1;1463;1182;1359;28;1;1;1;1;0;0;1182;1199;1220;1231;1247;1259;1280;1299;1314;1329;1353;1368;1377;1383;1386;1396;1404;1409;1416;1423;1430;1436;1442;1446;1449;1454;1459;1463;;;;1;1;1;1;1;1;1;1;1;1;1;1;1;1;1;1;1;1;1;1;1;1;1;1;1;1;1;1;;;
15400000;2;01/01/1971;;1;1;1160;962;1040;31;9;1;1;1;0;0;1004;999;992;991;988;977;971;965;962;975;999;1023;1036;1056;1058;1060;1071;1088;1104;1113;1103;1081;1063;1052;1043;1029;1022;1038;1085;1129;1160;1;1;1;1;1;1;1;1;1;1;1;1;1;1;1;1;1;1;1;1;1;1;1;1;1;1;1;1;1;1;1
15400000;1;01/01/1971;;1;1;1160;962;1040;31;9;1;1;1;0;0;1004;999;992;991;988;977;971;965;962;975;999;1023;1036;1056;1058;1060;1071;1088;1104;1113;1103;1081;1063;1052;1043;1029;1022;1038;1085;1129;1160;1;1;1;1;1;1;1;1;1;1;1;1;1;1;1;1;1;1;1;1;1;1;1;1;1;1;1;1;1;1;1
15400000;2;01/12/1970;;1;1;999;288;579;31;6;1;1;1;0;0;299;300;303;295;292;288;292;300;331;393;451;482;490;490;497;500;516;559;606;618;646;733;807;859;889;904;914;937;962;985;999;1;1;1;1;1;1;1;1;1;1;1;1;1;1;1;1;1;1;1;1;1;1;1;1;1;1;1;1;1;1;1
15400000;1;01/12/1970;07:00;0;1;999;288;579;31;6;1;1;1;776;1;299;300;303;295;292;288;292;300;331;393;451;482;490;490;497;500;516;559;606;618;646;733;807;859;889;904;914;937;962;985;999;1;1;1;1;1;1;1;1;1;1;1;1;1;1;1;1;1;1;1;1;1;1;1;1;1;1;1;1;1;1;1
15400000;1;01/12/1970;17:00;0;1;999;288;579;31;6;1;1;1;776;1;299;300;303;295;292;288;292;300;331;393;451;482;490;490;497;500;516;559;606;618;646;733;807;859;889;904;914;937;962;985;999;1;1;1;1;1;1;1;1;1;1;1;1;1;1;1;1;1;1;1;1;1;1;1;1;1;1;1;1;1;1;1
15400000;1;01/12/1970;;1;1;999;288;579;31;6;1;1;1;0;0;299;300;303;295;292;288;292;300;331;393;451;482;490;490;497;500;516;559;606;618;646;733;807;859;889;904;914;937;962;985;999;1;1;1;1;1;1;1;1;1;1;1;1;1;1;1;1;1;1;1;1;1;1;1;1;1;1;1;1;1;1;1
15400000;2;01/11/1970;;1;1;591;301;419;4;30;1;1;1;0;0;406;508;586;591;573;542;514;455;436;469;484;474;453;422;406;390;376;367;354;358;358;359;363;367;360;348;328;314;307;301;;1;1;1;1;1;1;1;1;1;1;1;1;1;1;1;1;1;1;1;1;1;1;1;1;1;1;1;1;1;1;
15400000;1;01/11/1970;07:00;0;1;591;301;419;4;30;1;1;1;776;1;406;508;586;591;573;542;514;455;436;469;484;474;453;422;406;390;376;367;354;358;358;359;363;367;360;348;328;314;307;301;;1;1;1;1;1;1;1;1;1;1;1;1;1;1;1;1;1;1;1;1;1;1;1;1;1;1;1;1;1;1;0
15400000;1;01/11/1970;17:00;0;1;591;301;419;4;30;1;1;1;776;1;406;508;586;591;573;542;514;455;436;469;484;474;453;422;406;390;376;367;354;358;358;359;363;367;360;348;328;314;307;301;;1;1;1;1;1;1;1;1;1;1;1;1;1;1;1;1;1;1;1;1;1;1;1;1;1;1;1;1;1;1;0
15400000;1;01/11/1970;;1;1;591;301;419;4;30;1;1;1;0;0;406;508;586;591;573;542;514;455;436;469;484;474;453;422;406;390;376;367;354;358;358;359;363;367;360;348;328;314;307;301;;1;1;1;1;1;1;1;1;1;1;1;1;1;1;1;1;1;1;1;1;1;1;1;1;1;1;1;1;1;1;
15400000;2;01/10/1970;;1;1;411;274;338;14;8;1;1;1;0;0;331;320;305;299;292;281;275;274;282;288;305;356;396;411;398;384;364;354;348;351;356;354;348;338;329;328;333;345;364;375;386;1;1;1;1;1;1;1;1;1;1;1;1;1;1;1;1;1;1;1;1;1;1;1;1;1;1;1;1;1;1;1
15400000;1;01/10/1970;07:00;0;1;411;274;338;14;8;1;1;1;776;1;331;320;305;299;292;281;275;274;282;288;305;356;396;411;398;384;364;354;348;351;356;354;348;338;329;328;333;345;364;375;386;1;1;1;1;1;1;1;1;1;1;1;1;1;1;1;1;1;1;1;1;1;1;1;1;1;1;1;1;1;1;1
15400000;1;01/10/1970;17:00;0;1;411;274;338;14;8;1;1;1;776;1;331;320;305;299;292;281;275;274;282;288;305;356;396;411;398;384;364;354;348;351;356;354;348;338;329;328;333;345;364;375;386;1;1;1;1;1;1;1;1;1;1;1;1;1;1;1;1;1;1;1;1;1;1;1;1;1;1;1;1;1;1;1
15400000;1;01/10/1970;;1;1;411;274;338;14;8;1;1;1;0;0;331;320;305;299;292;281;275;274;282;288;305;356;396;411;398;384;364;354;348;351;356;354;348;338;329;328;333;345;364;375;386;1;1;1;1;1;1;1;1;1;1;1;1;1;1;1;1;1;1;1;1;1;1;1;1;1;1;1;1;1;1;1
15400000;2;01/09/1970;;1;1;427;256;338;9;1;1;1;1;0;0;256;256;263;277;315;332;357;397;427;426;413;399;384;361;338;315;306;303;305;304;301;305;331;363;372;374;357;338;330;331;;1;1;1;1;1;1;1;1;1;1;1;1;1;1;1;1;1;1;1;1;1;1;1;1;1;1;1;1;1;1;
15400000;1;01/09/1970;07:00;0;1;427;256;338;9;1;1;1;1;776;1;256;256;263;277;315;332;357;397;427;426;413;399;384;361;338;315;306;303;305;304;301;305;331;363;372;374;357;338;330;331;;1;1;1;1;1;1;1;1;1;1;1;1;1;1;1;1;1;1;1;1;1;1;1;1;1;1;1;1;1;1;0
15400000;1;01/09/1970;17:00;0;1;427;256;338;9;1;1;1;1;776;1;256;256;263;277;315;332;357;397;427;426;413;399;384;361;338;315;306;303;305;304;301;305;331;363;372;374;357;338;330;331;;1;1;1;1;1;1;1;1;1;1;1;1;1;1;1;1;1;1;1;1;1;1;1;1;1;1;1;1;1;1;0
15400000;1;01/09/1970;;1;1;427;256;338;9;1;1;1;1;0;0;256;256;263;277;315;332;357;397;427;426;413;399;384;361;338;315;306;303;305;304;301;305;331;363;372;374;357;338;330;331;;1;1;1;1;1;1;1;1;1;1;1;1;1;1;1;1;1;1;1;1;1;1;1;1;1;1;1;1;1;1;
15400000;2;01/08/1970;;1;1;470;257;379;1;31;1;1;1;0;0;470;463;455;448;446;450;459;456;451;441;426;413;396;387;384;385;388;397;389;378;358;337;325;311;301;293;283;277;269;262;257;1;1;1;1;1;1;1;1;1;1;1;1;1;1;1;1;1;1;1;1;1;1;1;1;1;1;1;1;1;1;1
15400000;1;01/08/1970;07:00;0;1;470;257;379;1;31;1;1;1;776;1;470;463;455;448;446;450;459;456;451;441;426;413;396;387;384;385;388;397;389;378;358;337;325;311;301;293;283;277;269;262;257;1;1;1;1;1;1;1;1;1;1;1;1;1;1;1;1;1;1;1;1;1;1;1;1;1;1;1;1;1;1;1
15400000;1;01/08/1970;17:00;0;1;470;257;379;1;31;1;1;1;776;1;470;463;455;448;446;450;459;456;451;441;426;413;396;387;384;385;388;397;389;378;358;337;325;311;301;293;283;277;269;262;257;1;1;1;1;1;1;1;1;1;1;1;1;1;1;1;1;1;1;1;1;1;1;1;1;1;1;1;1;1;1;1
15400000;1;01/08/1970;;1;1;470;257;379;1;31;1;1;1;0;0;470;463;455;448;446;450;459;456;451;441;426;413;396;387;384;385;388;397;389;378;358;337;325;311;301;293;283;277;269;262;257;1;1;1;1;1;1;1;1;1;1;1;1;1;1;1;1;1;1;1;1;1;1;1;1;1;1;1;1;1;1;1
15400000;2;01/07/1970;;1;1;855;477;611;1;29;1;1;1;0;0;855;835;811;775;753;731;710;692;665;651;640;625;608;579;575;576;585;584;575;567;555;542;527;518;505;496;489;480;477;479;477;1;1;1;1;1;1;1;1;1;1;1;1;1;1;1;1;1;1;1;1;1;1;1;1;1;1;1;1;1;1;1
15400000;1;01/07/1970;07:00;0;1;855;477;611;1;29;1;1;1;776;1;855;835;811;775;753;731;710;692;665;651;640;625;608;579;575;576;585;584;575;567;555;542;527;518;505;496;489;480;477;479;477;1;1;1;1;1;1;1;1;1;1;1;1;1;1;1;1;1;1;1;1;1;1;1;1;1;1;1;1;1;1;1
15400000;1;01/07/1970;17:00;0;1;855;477;611;1;29;1;1;1;776;1;855;835;811;775;753;731;710;692;665;651;640;625;608;579;575;576;585;584;575;567;555;542;527;518;505;496;489;480;477;479;477;1;1;1;1;1;1;1;1;1;1;1;1;1;1;1;1;1;1;1;1;1;1;1;1;1;1;1;1;1;1;1
15400000;1;01/07/1970;;1;1;855;477;611;1;29;1;1;1;0;0;855;835;811;775;753;731;710;692;665;651;640;625;608;579;575;576;585;584;575;567;555;542;527;518;505;496;489;480;477;479;477;1;1;1;1;1;1;1;1;1;1;1;1;1;1;1;1;1;1;1;1;1;1;1;1;1;1;1;1;1;1;1
15400000;2;01/06/1970;;1;1;1079;823;928;1;27;1;1;1;0;0;1079;1063;1053;1043;1027;1008;988;959;929;899;888;882;887;920;943;952;942;922;893;887;902;903;897;873;850;829;823;838;874;879;;1;1;1;1;1;1;1;1;1;1;1;1;1;1;1;1;1;1;1;1;1;1;1;1;1;1;1;1;1;1;
15400000;1;01/06/1970;07:00;0;1;1079;823;928;1;27;1;1;1;776;1;1079;1063;1053;1043;1027;1008;988;959;929;899;888;882;887;920;943;952;942;922;893;887;902;903;897;873;850;829;823;838;874;879;;1;1;1;1;1;1;1;1;1;1;1;1;1;1;1;1;1;1;1;1;1;1;1;1;1;1;1;1;1;1;0
15400000;1;01/06/1970;17:00;0;1;1079;823;928;1;27;1;1;1;776;1;1079;1063;1053;1043;1027;1008;988;959;929;899;888;882;887;920;943;952;942;922;893;887;902;903;897;873;850;829;823;838;874;879;;1;1;1;1;1;1;1;1;1;1;1;1;1;1;1;1;1;1;1;1;1;1;1;1;1;1;1;1;1;1;0
15400000;1;01/06/1970;;1;1;1079;823;928;1;27;1;1;1;0;0;1079;1063;1053;1043;1027;1008;988;959;929;899;888;882;887;920;943;952;942;922;893;887;902;903;897;873;850;829;823;838;874;879;;1;1;1;1;1;1;1;1;1;1;1;1;1;1;1;1;1;1;1;1;1;1;1;1;1;1;1;1;1;1;
15400000;2;01/05/1970;;1;1;1221;1060;1150;1;22;1;1;1;0;0;1221;1215;1204;1197;1200;1205;1207;1201;1185;1180;1174;1169;1159;1155;1150;1141;1131;1117;1098;1080;1067;1060;1072;1100;1144;1156;1155;1151;1131;1111;1099;1;1;1;1;1;1;1;1;1;1;1;1;1;1;1;1;1;1;1;1;1;1;1;1;1;1;1;1;1;1;1
15400000;1;01/05/1970;07:00;0;1;1221;1060;1150;1;22;1;1;1;776;1;1221;1215;1204;1197;1200;1205;1207;1201;1185;1180;1174;1169;1159;1155;1150;1141;1131;1117;1098;1080;1067;1060;1072;1100;1144;1156;1155;1151;1131;1111;1099;1;1;1;1;1;1;1;1;1;1;1;1;1;1;1;1;1;1;1;1;1;1;1;1;1;1;1;1;1;1;1
15400000;1;01/05/1970;17:00;0;1;1221;1060;1150;1;22;1;1;1;776;1;1221;1215;1204;1197;1200;1205;1207;1201;1185;1180;1174;1169;1159;1155;1150;1141;1131;1117;1098;1080;1067;1060;1072;1100;1144;1156;1155;1151;1131;1111;1099;1;1;1;1;1;1;1;1;1;1;1;1;1;1;1;1;1;1;1;1;1;1;1;1;1;1;1;1;1;1;1
15400000;1;01/05/1970;;1;1;1221;1060;1150;1;22;1;1;1;0;0;1221;1215;1204;1197;1200;1205;1207;1201;1185;1180;1174;1169;1159;1155;1150;1141;1131;1117;1098;1080;1067;1060;1072;1100;1144;1156;1155;1151;1131;1111;1099;1;1;1;1;1;1;1;1;1;1;1;1;1;1;1;1;1;1;1;1;1;1;1;1;1;1;1;1;1;1;1
15400000;2;01/04/1970;;1;1;1347;1197;1281;13;6;1;1;1;0;0;1235;1217;1214;1208;1202;1197;1207;1224;1258;1296;1321;1338;1347;1347;1339;1332;1324;1321;1315;1306;1305;1307;1314;1312;1311;1298;1280;1261;1248;1232;;1;1;1;1;1;1;1;1;1;1;1;1;1;1;1;1;1;1;1;1;1;1;1;1;1;1;1;1;1;1;
15400000;1;01/04/1970;07:00;0;1;1347;1197;1281;13;6;1;1;1;776;1;1235;1217;1214;1208;1202;1197;1207;1224;1258;1296;1321;1338;1347;1347;1339;1332;1324;1321;1315;1306;1305;1307;1314;1312;1311;1298;1280;1261;1248;1232;;1;1;1;1;1;1;1;1;1;1;1;1;1;1;1;1;1;1;1;1;1;1;1;1;1;1;1;1;1;1;0
15400000;1;01/04/1970;17:00;0;1;1347;1197;1281;13;6;1;1;1;776;1;1235;1217;1214;1208;1202;1197;1207;1224;1258;1296;1321;1338;1347;1347;1339;1332;1324;1321;1315;1306;1305;1307;1314;1312;1311;1298;1280;1261;1248;1232;;1;1;1;1;1;1;1;1;1;1;1;1;1;1;1;1;1;1;1;1;1;1;1;1;1;1;1;1;1;1;0
15400000;1;01/04/1970;;1;1;1347;1197;1281;13;6;1;1;1;0;0;1235;1217;1214;1208;1202;1197;1207;1224;1258;1296;1321;1338;1347;1347;1339;1332;1324;1321;1315;1306;1305;1307;1314;1312;1311;1298;1280;1261;1248;1232;;1;1;1;1;1;1;1;1;1;1;1;1;1;1;1;1;1;1;1;1;1;1;1;1;1;1;1;1;1;1;
15400000;2;01/03/1970;;1;1;1369;1157;1280;24;5;1;1;1;0;0;1181;1175;1170;1162;1157;1177;1185;1200;1214;1265;1293;1309;1313;1315;1320;1325;1329;1334;1340;1343;1349;1355;1363;1369;1360;1337;1327;1316;1290;1267;1247;1;1;1;1;1;1;1;1;1;1;1;1;1;1;1;1;1;1;1;1;1;1;1;1;1;1;1;1;1;1;1
15400000;1;01/03/1970;07:00;0;1;1369;1157;1280;24;5;1;1;1;776;1;1181;1175;1170;1162;1157;1177;1185;1200;1214;1265;1293;1309;1313;1315;1320;1325;1329;1334;1340;1343;1349;1355;1363;1369;1360;1337;1327;1316;1290;1267;1247;1;1;1;1;1;1;1;1;1;1;1;1;1;1;1;1;1;1;1;1;1;1;1;1;1;1;1;1;1;1;1
15400000;1;01/03/1970;17:00;0;1;1369;1157;1280;24;5;1;1;1;776;1;1181;1175;1170;1162;1157;1177;1185;1200;1214;1265;1293;1309;1313;1315;1320;1325;1329;1334;1340;1343;1349;1355;1363;1369;1360;1337;1327;1316;1290;1267;1247;1;1;1;1;1;1;1;1;1;1;1;1;1;1;1;1;1;1;1;1;1;1;1;1;1;1;1;1;1;1;1
15400000;1;01/03/1970;;1;1;1369;1157;1280;24;5;1;1;1;0;0;1181;1175;1170;1162;1157;1177;1185;1200;1214;1265;1293;1309;1313;1315;1320;1325;1329;1334;1340;1343;1349;1355;1363;1369;1360;1337;1327;1316;1290;1267;1247;1;1;1;1;1;1;1;1;1;1;1;1;1;1;1;1;1;1;1;1;1;1;1;1;1;1;1;1;1;1;1
15400000;2;01/02/1970;;1;1;1211;869;1105;26;1;1;1;1;0;0;869;873;879;891;968;985;1055;1102;1150;1165;1174;1179;1182;1182;1176;1164;1143;1130;1118;1112;1121;1143;1171;1197;1209;1211;1200;1193;;;;1;1;1;1;1;1;1;1;1;1;1;1;1;1;1;1;1;1;1;1;1;1;1;1;1;1;1;1;;;
15400000;1;01/02/1970;07:00;0;1;1211;869;1105;26;1;1;1;1;776;1;869;873;879;891;968;985;1055;1102;1150;1165;1174;1179;1182;1182;1176;1164;1143;1130;1118;1112;1121;1143;1171;1197;1209;1211;1200;1193;;;;1;1;1;1;1;1;1;1;1;1;1;1;1;1;1;1;1;1;1;1;1;1;1;1;1;1;1;1;0;0;0
15400000;1;01/02/1970;17:00;0;1;1211;869;1105;26;1;1;1;1;776;1;869;873;879;891;968;985;1055;1102;1150;1165;1174;1179;1182;1182;1176;1164;1143;1130;1118;1112;1121;1143;1171;1197;1209;1211;1200;1193;;;;1;1;1;1;1;1;1;1;1;1;1;1;1;1;1;1;1;1;1;1;1;1;1;1;1;1;1;1;0;0;0
15400000;1;01/02/1970;;1;1;1211;869;1105;26;1;1;1;1;0;0;869;873;879;891;968;985;1055;1102;1150;1165;1174;1179;1182;1182;1176;1164;1143;1130;1118;1112;1121;1143;1171;1197;1209;1211;1200;1193;;;;1;1;1;1;1;1;1;1;1;1;1;1;1;1;1;1;1;1;1;1;1;1;1;1;1;1;1;1;;;
15400000;2;01/01/1970;;1;1;1020;824;906;19;10;1;1;1;0;0;919;915;903;885;870;841;829;825;825;824;829;840;848;876;961;978;986;998;1020;1019;1015;995;971;961;928;897;882;870;859;858;863;1;1;1;1;1;1;1;1;1;1;1;1;1;1;1;1;1;1;1;1;1;1;1;1;1;1;1;1;1;1;1
15400000;1;01/01/1970;07:00;0;1;1020;824;906;19;10;1;1;1;776;1;919;915;903;885;870;841;829;825;825;824;829;840;848;876;961;978;986;998;1020;1019;1015;995;971;961;928;897;882;870;859;858;863;1;1;1;1;1;1;1;1;1;1;1;1;1;1;1;1;1;1;1;1;1;1;1;1;1;1;1;1;1;1;1
15400000;1;01/01/1970;17:00;0;1;1020;824;906;19;10;1;1;1;776;1;919;915;903;885;870;841;829;825;825;824;829;840;848;876;961;978;986;998;1020;1019;1015;995;971;961;928;897;882;870;859;858;863;1;1;1;1;1;1;1;1;1;1;1;1;1;1;1;1;1;1;1;1;1;1;1;1;1;1;1;1;1;1;1
15400000;1;01/01/1970;;1;1;1020;824;906;19;10;1;1;1;0;0;919;915;903;885;870;841;829;825;825;824;829;840;848;876;961;978;986;998;1020;1019;1015;995;971;961;928;897;882;870;859;858;863;1;1;1;1;1;1;1;1;1;1;1;1;1;1;1;1;1;1;1;1;1;1;1;1;1;1;1;1;1;1;1
15400000;2;01/12/1969;;1;1;927;610;781;28;1;1;1;1;0;0;610;618;626;633;637;643;651;658;662;665;671;676;679;682;705;794;803;883;896;905;910;912;925;907;909;919;924;927;927;924;922;1;1;1;1;1;1;1;1;1;1;1;1;1;1;1;1;1;1;1;1;1;1;1;1;1;1;1;1;1;1;1
15400000;1;01/12/1969;;1;1;927;610;781;28;1;1;1;1;0;0;610;618;626;633;637;643;651;658;662;665;671;676;679;682;705;794;803;883;896;905;910;912;925;907;909;919;924;927;927;924;922;1;1;1;1;1;1;1;1;1;1;1;1;1;1;1;1;1;1;1;1;1;1;1;1;1;1;1;1;1;1;1
15400000;2;01/11/1969;;1;1;621;279;436;30;10;1;1;1;0;0;349;348;348;344;333;332;318;307;298;279;309;309;305;306;322;364;441;515;537;539;537;534;545;582;595;606;617;619;620;621;;1;1;1;1;1;1;1;1;1;1;1;1;1;1;1;1;1;1;1;1;1;1;1;1;1;1;1;1;1;1;
15400000;1;01/11/1969;17:00;0;1;621;279;436;30;10;1;1;1;;0;349;348;348;344;333;332;318;307;298;279;309;309;305;306;322;364;441;515;537;539;537;534;545;582;595;606;617;619;620;621;;1;1;1;1;1;1;1;1;1;1;1;1;1;1;1;1;1;1;1;1;1;1;1;1;1;1;1;1;1;1;0
15400000;1;01/11/1969;07:00;0;1;621;279;436;30;10;1;1;1;;0;349;348;348;344;333;332;318;307;298;279;309;309;305;306;322;364;441;515;537;539;537;534;545;582;595;606;617;619;620;621;;1;1;1;1;1;1;1;1;1;1;1;1;1;1;1;1;1;1;1;1;1;1;1;1;1;1;1;1;1;1;0
15400000;1;01/11/1969;;1;1;621;279;436;30;10;1;1;1;0;0;349;348;348;344;333;332;318;307;298;279;309;309;305;306;322;364;441;515;537;539;537;534;545;582;595;606;617;619;620;621;;1;1;1;1;1;1;1;1;1;1;1;1;1;1;1;1;1;1;1;1;1;1;1;1;1;1;1;1;1;1;
15400000;2;01/10/1969;;1;1;344;232;266;31;2;1;1;1;0;0;234;232;232;237;242;242;239;239;239;242;245;247;255;264;270;274;284;284;284;281;275;265;253;245;250;258;292;322;338;343;344;1;1;1;1;1;1;1;1;1;1;1;1;1;1;1;1;1;1;1;1;1;1;1;1;1;1;1;1;1;1;1
15400000;1;01/10/1969;07:00;0;1;344;232;266;31;2;1;1;1;;0;234;232;232;237;242;242;239;239;239;242;245;247;255;264;270;274;284;284;284;281;275;265;253;245;250;258;292;322;338;343;344;1;1;1;1;1;1;1;1;1;1;1;1;1;1;1;1;1;1;1;1;1;1;1;1;1;1;1;1;1;1;1
15400000;1;01/10/1969;17:00;0;1;344;232;266;31;2;1;1;1;;0;234;232;232;237;242;242;239;239;239;242;245;247;255;264;270;274;284;284;284;281;275;265;253;245;250;258;292;322;338;343;344;1;1;1;1;1;1;1;1;1;1;1;1;1;1;1;1;1;1;1;1;1;1;1;1;1;1;1;1;1;1;1
15400000;1;01/10/1969;;1;1;344;232;266;31;2;1;1;1;0;0;234;232;232;237;242;242;239;239;239;242;245;247;255;264;270;274;284;284;284;281;275;265;253;245;250;258;292;322;338;343;344;1;1;1;1;1;1;1;1;1;1;1;1;1;1;1;1;1;1;1;1;1;1;1;1;1;1;1;1;1;1;1
15400000;2;01/09/1969;;1;1;278;242;254;1;16;1;1;1;0;0;278;275;272;268;265;263;263;262;260;256;252;252;252;250;246;242;242;244;246;248;250;251;252;251;251;251;249;247;242;248;;1;1;1;1;1;1;1;1;1;1;1;1;1;1;1;1;1;1;1;1;1;1;1;1;1;1;1;1;1;1;
15400000;1;01/09/1969;07:00;0;1;278;242;254;1;16;1;1;1;;0;278;275;272;268;265;263;263;262;260;256;252;252;252;250;246;242;242;244;246;248;250;251;252;251;251;251;249;247;242;248;;1;1;1;1;1;1;1;1;1;1;1;1;1;1;1;1;1;1;1;1;1;1;1;1;1;1;1;1;1;1;0
15400000;1;01/09/1969;17:00;0;1;278;242;254;1;16;1;1;1;;0;278;275;272;268;265;263;263;262;260;256;252;252;252;250;246;242;242;244;246;248;250;251;252;251;251;251;249;247;242;248;;1;1;1;1;1;1;1;1;1;1;1;1;1;1;1;1;1;1;1;1;1;1;1;1;1;1;1;1;1;1;0
15400000;1;01/09/1969;;1;1;278;242;254;1;16;1;1;1;0;0;278;275;272;268;265;263;263;262;260;256;252;252;252;250;246;242;242;244;246;248;250;251;252;251;251;251;249;247;242;248;;1;1;1;1;1;1;1;1;1;1;1;1;1;1;1;1;1;1;1;1;1;1;1;1;1;1;1;1;1;1;
15400000;2;01/08/1969;;1;1;361;280;315;12;31;1;1;1;0;0;329;323;311;310;306;307;311;300;299;325;354;361;358;349;334;331;331;326;318;315;311;309;308;307;302;294;291;288;285;283;280;1;1;1;1;1;1;1;1;1;1;1;1;1;1;1;1;1;1;1;1;1;1;1;1;1;1;1;1;1;1;1
15400000;1;01/08/1969;07:00;0;1;361;280;315;12;31;1;1;1;;0;329;323;311;310;306;307;311;300;299;325;354;361;358;349;334;331;331;326;318;315;311;309;308;307;302;294;291;288;285;283;280;1;1;1;1;1;1;1;1;1;1;1;1;1;1;1;1;1;1;1;1;1;1;1;1;1;1;1;1;1;1;1
15400000;1;01/08/1969;17:00;0;1;361;280;315;12;31;1;1;1;;0;329;323;311;310;306;307;311;300;299;325;354;361;358;349;334;331;331;326;318;315;311;309;308;307;302;294;291;288;285;283;280;1;1;1;1;1;1;1;1;1;1;1;1;1;1;1;1;1;1;1;1;1;1;1;1;1;1;1;1;1;1;1
15400000;1;01/08/1969;;1;1;361;280;315;12;31;1;1;1;0;0;329;323;311;310;306;307;311;300;299;325;354;361;358;349;334;331;331;326;318;315;311;309;308;307;302;294;291;288;285;283;280;1;1;1;1;1;1;1;1;1;1;1;1;1;1;1;1;1;1;1;1;1;1;1;1;1;1;1;1;1;1;1
15400000;2;01/07/1969;;1;1;654;328;507;1;31;1;1;1;0;0;654;633;608;593;583;593;613;637;634;617;598;565;540;524;511;517;517;512;496;476;459;442;426;414;399;384;374;363;355;346;328;1;1;1;1;1;1;1;1;1;1;1;1;1;1;1;1;1;1;1;1;1;1;1;1;1;1;1;1;1;1;1
15400000;1;01/07/1969;07:00;0;1;654;328;507;1;31;1;1;1;;0;654;633;608;593;583;593;613;637;634;617;598;565;540;524;511;517;517;512;496;476;459;442;426;414;399;384;374;363;355;346;328;1;1;1;1;1;1;1;1;1;1;1;1;1;1;1;1;1;1;1;1;1;1;1;1;1;1;1;1;1;1;1
15400000;1;01/07/1969;17:00;0;1;654;328;507;1;31;1;1;1;;0;654;633;608;593;583;593;613;637;634;617;598;565;540;524;511;517;517;512;496;476;459;442;426;414;399;384;374;363;355;346;328;1;1;1;1;1;1;1;1;1;1;1;1;1;1;1;1;1;1;1;1;1;1;1;1;1;1;1;1;1;1;1
15400000;1;01/07/1969;;1;1;654;328;507;1;31;1;1;1;0;0;654;633;608;593;583;593;613;637;634;617;598;565;540;524;511;517;517;512;496;476;459;442;426;414;399;384;374;363;355;346;328;1;1;1;1;1;1;1;1;1;1;1;1;1;1;1;1;1;1;1;1;1;1;1;1;1;1;1;1;1;1;1
15400000;2;01/06/1969;;1;1;816;635;723;1;20;1;1;1;0;0;816;785;762;747;743;732;720;712;734;770;785;771;748;720;752;726;701;679;647;635;640;667;704;723;735;735;724;712;698;677;;1;1;1;1;1;1;1;1;1;1;1;1;1;1;1;1;1;1;1;1;1;1;1;1;1;1;1;1;1;1;
15400000;1;01/06/1969;07:00;0;1;816;635;723;1;20;1;1;1;;0;816;785;762;747;743;732;720;712;734;770;785;771;748;720;752;726;701;679;647;635;640;667;704;723;735;735;724;712;698;677;;1;1;1;1;1;1;1;1;1;1;1;1;1;1;1;1;1;1;1;1;1;1;1;1;1;1;1;1;1;1;0
15400000;1;01/06/1969;17:00;0;1;816;635;723;1;20;1;1;1;;0;816;785;762;747;743;732;720;712;734;770;785;771;748;720;752;726;701;679;647;635;640;667;704;723;735;735;724;712;698;677;;1;1;1;1;1;1;1;1;1;1;1;1;1;1;1;1;1;1;1;1;1;1;1;1;1;1;1;1;1;1;0
15400000;1;01/06/1969;;1;1;816;635;723;1;20;1;1;1;0;0;816;785;762;747;743;732;720;712;734;770;785;771;748;720;752;726;701;679;647;635;640;667;704;723;735;735;724;712;698;677;;1;1;1;1;1;1;1;1;1;1;1;1;1;1;1;1;1;1;1;1;1;1;1;1;1;1;1;1;1;1;
15400000;2;01/05/1969;;1;1;1044;700;858;7;24;1;1;1;0;0;1017;985;958;936;973;1003;1044;1041;1024;994;967;951;933;907;825;794;758;730;726;725;722;729;717;700;713;728;750;775;812;829;824;1;1;1;1;1;1;1;1;1;1;1;1;1;1;1;1;1;1;1;1;1;1;1;1;1;1;1;1;1;1;1
15400000;1;01/05/1969;;1;1;1044;700;858;7;24;1;1;1;0;0;1017;985;958;936;973;1003;1044;1041;1024;994;967;951;933;907;825;794;758;730;726;725;722;729;717;700;713;728;750;775;812;829;824;1;1;1;1;1;1;1;1;1;1;1;1;1;1;1;1;1;1;1;1;1;1;1;1;1;1;1;1;1;1;1
15400000;2;01/04/1969;;1;1;1280;1035;1175;10;30;1;1;1;0;0;1211;1212;1205;1212;1221;1223;1224;1236;1266;1280;1279;1271;1258;1245;1231;1211;1175;1159;1142;1133;1139;1142;1129;1107;1083;1071;1062;1053;1039;1035;;1;1;1;1;1;1;1;1;1;1;1;1;1;1;1;1;1;1;1;1;1;1;1;1;1;1;1;1;1;1;
15400000;1;01/04/1969;07:00;0;1;1280;1035;1175;10;30;1;1;1;;0;1211;1212;1205;1212;1221;1223;1224;1236;1266;1280;1279;1271;1258;1245;1231;1211;1175;1159;1142;1133;1139;1142;1129;1107;1083;1071;1062;1053;1039;1035;;1;1;1;1;1;1;1;1;1;1;1;1;1;1;1;1;1;1;1;1;1;1;1;1;1;1;1;1;1;1;0
15400000;1;01/04/1969;17:00;0;1;1280;1035;1175;10;30;1;1;1;;0;1211;1212;1205;1212;1221;1223;1224;1236;1266;1280;1279;1271;1258;1245;1231;1211;1175;1159;1142;1133;1139;1142;1129;1107;1083;1071;1062;1053;1039;1035;;1;1;1;1;1;1;1;1;1;1;1;1;1;1;1;1;1;1;1;1;1;1;1;1;1;1;1;1;1;1;0
15400000;1;01/04/1969;;1;1;1280;1035;1175;10;30;1;1;1;0;0;1211;1212;1205;1212;1221;1223;1224;1236;1266;1280;1279;1271;1258;1245;1231;1211;1175;1159;1142;1133;1139;1142;1129;1107;1083;1071;1062;1053;1039;1035;;1;1;1;1;1;1;1;1;1;1;1;1;1;1;1;1;1;1;1;1;1;1;1;1;1;1;1;1;1;1;
15400000;2;01/03/1969;;1;1;1264;1145;1206;27;14;1;1;1;0;0;1226;1216;1214;1221;1228;1230;1223;1209;1192;1182;1170;1158;1148;1145;1150;1162;1175;1167;1163;1172;1192;1215;1234;1247;1254;1261;1264;1261;1249;1240;1206;1;1;1;1;1;1;1;1;1;1;1;1;1;1;1;1;1;1;1;1;1;1;1;1;1;1;1;1;1;1;1
15400000;1;01/03/1969;07:00;0;1;1264;1145;1206;27;14;1;1;1;;0;1226;1216;1214;1221;1228;1230;1223;1209;1192;1182;1170;1158;1148;1145;1150;1162;1175;1167;1163;1172;1192;1215;1234;1247;1254;1261;1264;1261;1249;1240;1206;1;1;1;1;1;1;1;1;1;1;1;1;1;1;1;1;1;1;1;1;1;1;1;1;1;1;1;1;1;1;1
15400000;1;01/03/1969;17:00;0;1;1264;1145;1206;27;14;1;1;1;;0;1226;1216;1214;1221;1228;1230;1223;1209;1192;1182;1170;1158;1148;1145;1150;1162;1175;1167;1163;1172;1192;1215;1234;1247;1254;1261;1264;1261;1249;1240;1206;1;1;1;1;1;1;1;1;1;1;1;1;1;1;1;1;1;1;1;1;1;1;1;1;1;1;1;1;1;1;1
15400000;1;01/03/1969;;1;1;1264;1145;1206;27;14;1;1;1;0;0;1226;1216;1214;1221;1228;1230;1223;1209;1192;1182;1170;1158;1148;1145;1150;1162;1175;1167;1163;1172;1192;1215;1234;1247;1254;1261;1264;1261;1249;1240;1206;1;1;1;1;1;1;1;1;1;1;1;1;1;1;1;1;1;1;1;1;1;1;1;1;1;1;1;1;1;1;1
15400000;2;01/02/1969;;1;1;1269;1118;1204;26;8;1;1;1;0;0;1183;1186;1171;1154;1141;1128;1121;1118;1122;1132;1165;1201;1220;1228;1232;1233;1233;1236;1243;1250;1248;1245;1245;1252;1262;1269;1258;1243;;;;1;1;1;1;1;1;1;1;1;1;1;1;1;1;1;1;1;1;1;1;1;1;1;1;1;1;1;1;;;
15400000;1;01/02/1969;07:00;0;1;1269;132;1185;26;15;1;1;1;;0;1183;1186;1171;1154;1141;1128;1121;1118;1122;1132;1165;1201;1220;1228;1232;1233;1233;1236;1243;1250;1248;1245;1245;1252;1262;1269;1258;1243;;;;1;1;1;1;1;1;1;1;1;1;1;1;1;1;1;1;1;1;1;1;1;1;1;1;1;1;1;1;0;0;0
15400000;1;01/02/1969;17:00;0;1;1269;132;1185;26;15;1;1;1;;0;1183;1186;1171;1154;1141;1128;1121;1118;1122;1132;1165;1201;1220;1228;132;1233;1233;1236;1243;1250;1248;1245;1245;1252;1262;1269;1258;1243;;;;1;1;1;1;1;1;1;1;1;1;1;1;1;1;1;1;1;1;1;1;1;1;1;1;1;1;1;1;0;0;0
15400000;1;01/02/1969;;1;1;1269;1118;1204;26;8;1;1;1;0;0;1183;1186;1171;1154;1141;1128;1121;1118;1122;1132;1165;1201;1220;1228;1232;1233;1233;1236;1243;1250;1248;1245;1245;1252;1262;1269;1258;1243;;;;1;1;1;1;1;1;1;1;1;1;1;1;1;1;1;1;1;1;1;1;1;1;1;1;1;1;1;1;;;
15400000;2;01/01/1969;;1;1;1196;1020;1114;25;6;1;1;1;0;0;1050;1059;1055;1041;1028;1020;1020;1028;1043;1060;1078;1090;1090;1084;1084;1099;1124;1145;1162;1167;1176;1182;1187;1194;1196;1190;1186;1181;1169;1168;1171;1;1;1;1;1;1;1;1;1;1;1;1;1;1;1;1;1;1;1;1;1;1;1;1;1;1;1;1;1;1;1
15400000;1;01/01/1969;07:00;0;1;1196;1020;1114;25;6;1;1;1;;0;1050;1059;1055;1041;1028;1020;1020;1028;1043;1060;1078;1090;1090;1084;1084;1099;1124;1145;1162;1167;1176;1182;1187;1194;1196;1190;1186;1181;1169;1168;1171;1;1;1;1;1;1;1;1;1;1;1;1;1;1;1;1;1;1;1;1;1;1;1;1;1;1;1;1;1;1;1
15400000;1;01/01/1969;17:00;0;1;1196;1020;1114;25;6;1;1;1;;0;1050;1059;1055;1041;1028;1020;1020;1028;1043;1060;1078;1090;1090;1084;1084;1099;1124;1145;1162;1167;1176;1182;1187;1194;1196;1190;1186;1181;1169;1168;1171;1;1;1;1;1;1;1;1;1;1;1;1;1;1;1;1;1;1;1;1;1;1;1;1;1;1;1;1;1;1;1
15400000;1;01/01/1969;;1;1;1196;1020;1114;25;6;1;1;1;0;0;1050;1059;1055;1041;1028;1020;1020;1028;1043;1060;1078;1090;1090;1084;1084;1099;1124;1145;1162;1167;1176;1182;1187;1194;1196;1190;1186;1181;1169;1168;1171;1;1;1;1;1;1;1;1;1;1;1;1;1;1;1;1;1;1;1;1;1;1;1;1;1;1;1;1;1;1;1
15400000;2;01/12/1968;;1;1;1037;512;698;31;4;1;1;1;0;0;556;531;519;512;525;543;551;562;588;615;624;622;624;633;623;606;591;592;608;638;707;790;833;864;893;917;950;979;988;1013;1037;1;1;1;1;1;1;1;1;1;1;1;1;1;1;1;1;1;1;1;1;1;1;1;1;1;1;1;1;1;1;1
15400000;1;01/12/1968;;1;1;1037;512;698;31;4;1;1;1;0;0;556;531;519;512;525;543;551;562;588;615;624;622;624;633;623;606;591;592;608;638;707;790;833;864;893;917;950;979;988;1013;1037;1;1;1;1;1;1;1;1;1;1;1;1;1;1;1;1;1;1;1;1;1;1;1;1;1;1;1;1;1;1;1
15400000;2;01/11/1968;;1;1;603;396;485;25;19;1;1;1;0;0;431;428;417;411;421;454;500;525;528;516;497;476;460;447;435;424;412;404;396;396;420;472;542;588;603;601;596;591;587;579;;1;1;1;1;1;1;1;1;1;1;1;1;1;1;1;1;1;1;1;1;1;1;1;1;1;1;1;1;1;1;
15400000;1;01/11/1968;;1;1;603;396;485;25;19;1;1;1;0;0;431;428;417;411;421;454;500;525;528;516;497;476;460;447;435;424;412;404;396;396;420;472;542;588;603;601;596;591;587;579;;1;1;1;1;1;1;1;1;1;1;1;1;1;1;1;1;1;1;1;1;1;1;1;1;1;1;1;1;1;1;
15400000;2;01/10/1968;;1;1;448;274;339;28;7;1;1;1;0;0;281;281;284;279;275;275;274;279;301;313;318;319;326;350;385;410;416;418;369;302;294;286;282;287;319;396;438;448;440;431;431;1;1;1;1;1;1;1;1;1;1;1;1;1;1;1;1;1;1;1;1;1;1;1;1;1;1;1;1;1;1;1
15400000;1;01/10/1968;;1;1;448;274;339;28;7;1;1;1;0;0;281;281;284;279;275;275;274;279;301;313;318;319;326;350;385;410;416;418;369;302;294;286;282;287;319;396;438;448;440;431;431;1;1;1;1;1;1;1;1;1;1;1;1;1;1;1;1;1;1;1;1;1;1;1;1;1;1;1;1;1;1;1
15400000;2;01/09/1968;;1;1;470;275;343;13;1;1;1;1;0;0;275;284;306;313;328;327;328;319;338;358;377;416;470;455;432;413;388;367;346;333;327;326;325;323;318;311;304;296;290;284;;1;1;1;1;1;1;1;1;1;1;1;1;1;1;1;1;1;1;1;1;1;1;1;1;1;1;1;1;1;1;
15400000;1;01/09/1968;;1;1;470;275;343;13;1;1;1;1;0;0;275;284;306;313;328;327;328;319;338;358;377;416;470;455;432;413;388;367;346;333;327;326;325;323;318;311;304;296;290;284;;1;1;1;1;1;1;1;1;1;1;1;1;1;1;1;1;1;1;1;1;1;1;1;1;1;1;1;1;1;1;
15400000;2;01/08/1968;;1;1;327;214;257;1;18;1;1;1;0;0;327;318;304;279;267;265;274;269;260;249;242;239;250;254;247;231;220;214;219;228;235;247;259;257;255;255;256;258;265;265;257;1;1;1;1;1;1;1;1;1;1;1;1;1;1;1;1;1;1;1;1;1;1;1;1;1;1;1;1;1;1;1
15400000;1;01/08/1968;;1;1;327;214;257;1;18;1;1;1;0;0;327;318;304;279;267;265;274;269;260;249;242;239;250;254;247;231;220;214;219;228;235;247;259;257;255;255;256;258;265;265;257;1;1;1;1;1;1;1;1;1;1;1;1;1;1;1;1;1;1;1;1;1;1;1;1;1;1;1;1;1;1;1
15400000;2;01/07/1968;;1;1;391;304;338;20;27;1;1;1;0;0;371;363;358;349;342;336;331;325;321;316;313;309;307;315;323;332;341;358;377;391;391;378;361;339;323;312;304;306;316;327;332;1;1;1;1;1;1;1;1;1;1;1;1;1;1;1;1;1;1;1;1;1;1;1;1;1;1;1;1;1;1;1
15400000;1;01/07/1968;;1;1;391;304;338;20;27;1;1;1;0;0;371;363;358;349;342;336;331;325;321;316;313;309;307;315;323;332;341;358;377;391;391;378;361;339;323;312;304;306;316;327;332;1;1;1;1;1;1;1;1;1;1;1;1;1;1;1;1;1;1;1;1;1;1;1;1;1;1;1;1;1;1;1
15400000;2;01/06/1968;;1;1;565;385;473;1;30;1;1;1;0;0;565;557;547;541;526;515;504;495;488;483;480;479;474;470;460;452;466;484;486;466;438;425;426;433;442;440;432;417;399;385;;1;1;1;1;1;1;1;1;1;1;1;1;1;1;1;1;1;1;1;1;1;1;1;1;1;1;1;1;1;1;
15400000;1;01/06/1968;;1;1;565;385;473;1;30;1;1;1;0;0;565;557;547;541;526;515;504;495;488;483;480;479;474;470;460;452;466;484;486;466;438;425;426;433;442;440;432;417;399;385;;1;1;1;1;1;1;1;1;1;1;1;1;1;1;1;1;1;1;1;1;1;1;1;1;1;1;1;1;1;1;
15400000;2;01/05/1968;;1;1;1056;573;784;1;31;1;1;1;0;0;1056;1029;1005;975;958;943;926;907;887;868;848;828;809;795;779;763;751;742;732;720;701;681;667;655;647;641;622;610;600;592;573;1;1;1;1;1;1;1;1;1;1;1;1;1;1;1;1;1;1;1;1;1;1;1;1;1;1;1;1;1;1;1
15400000;1;01/05/1968;;1;1;1056;573;784;1;31;1;1;1;0;0;1056;1029;1005;975;958;943;926;907;887;868;848;828;809;795;779;763;751;742;732;720;701;681;667;655;647;641;622;610;600;592;573;1;1;1;1;1;1;1;1;1;1;1;1;1;1;1;1;1;1;1;1;1;1;1;1;1;1;1;1;1;1;1
15400000;2;01/04/1968;;1;1;1366;1081;1210;4;30;1;1;1;0;0;1352;1353;1363;1366;1352;1338;1319;1299;1279;1270;1250;1238;1223;1204;1181;1162;1143;1136;1130;1126;1123;1122;1121;1128;1135;1137;1134;1118;1102;1081;;1;1;1;1;1;1;1;1;1;1;1;1;1;1;1;1;1;1;1;1;1;1;1;1;1;1;1;1;1;1;
15400000;1;01/04/1968;;1;1;1366;1081;1210;4;30;1;1;1;0;0;1352;1353;1363;1366;1352;1338;1319;1299;1279;1270;1250;1238;1223;1204;1181;1162;1143;1136;1130;1126;1123;1122;1121;1128;1135;1137;1134;1118;1102;1081;;1;1;1;1;1;1;1;1;1;1;1;1;1;1;1;1;1;1;1;1;1;1;1;1;1;1;1;1;1;1;
15400000;2;01/03/1968;;1;1;1440;1359;1401;8;31;1;1;1;0;0;1370;1375;1387;1400;1415;1429;1439;1440;1437;1431;1419;1409;1396;1382;1379;1386;1395;1405;1416;1418;1415;1414;1413;1410;1404;1391;1382;1379;1369;1362;1359;1;1;1;1;1;1;1;1;1;1;1;1;1;1;1;1;1;1;1;1;1;1;1;1;1;1;1;1;1;1;1
15400000;1;01/03/1968;;1;1;1440;1359;1401;8;31;1;1;1;0;0;1370;1375;1387;1400;1415;1429;1439;1440;1437;1431;1419;1409;1396;1382;1379;1386;1395;1405;1416;1418;1415;1414;1413;1410;1404;1391;1382;1379;1369;1362;1359;1;1;1;1;1;1;1;1;1;1;1;1;1;1;1;1;1;1;1;1;1;1;1;1;1;1;1;1;1;1;1
15400000;2;01/02/1968;;1;1;1354;1044;1164;29;3;1;1;1;0;0;1050;1046;1044;1048;1058;1072;1089;1103;1117;1121;1129;1140;1150;1156;1156;1149;1143;1138;1148;1167;1194;1223;1246;1264;1281;1303;1319;1336;1354;;;1;1;1;1;1;1;1;1;1;1;1;1;1;1;1;1;1;1;1;1;1;1;1;1;1;1;1;1;1;;
15400000;1;01/02/1968;;1;1;1354;1044;1164;29;3;1;1;1;0;0;1050;1046;1044;1048;1058;1072;1089;1103;1117;1121;1129;1140;1150;1156;1156;1149;1143;1138;1148;1167;1194;1223;1246;1264;1281;1303;1319;1336;1354;;;1;1;1;1;1;1;1;1;1;1;1;1;1;1;1;1;1;1;1;1;1;1;1;1;1;1;1;1;1;;
15400000;2;01/01/1968;;1;1;1044;658;781;31;7;1;1;1;0;0;759;734;711;688;671;660;658;671;700;745;777;790;779;755;730;716;707;717;730;743;767;793;809;822;820;841;902;961;1001;1024;1044;1;1;1;1;1;1;1;1;1;1;1;1;1;1;1;1;1;1;1;1;1;1;1;1;1;1;1;1;1;1;1
15400000;1;01/01/1968;;1;1;1044;658;781;31;7;1;1;1;0;0;759;734;711;688;671;660;658;671;700;745;777;790;779;755;730;716;707;717;730;743;767;793;809;822;820;841;902;961;1001;1024;1044;1;1;1;1;1;1;1;1;1;1;1;1;1;1;1;1;1;1;1;1;1;1;1;1;1;1;1;1;1;1;1
15400000;2;01/12/1967;;1;1;788;478;618;30;3;1;1;1;0;0;497;487;478;479;488;505;521;529;534;544;560;567;567;592;617;642;671;682;685;687;690;693;691;685;680;675;683;712;753;788;787;1;1;1;1;1;1;1;1;1;1;1;1;1;1;1;1;1;1;1;1;1;1;1;1;1;1;1;1;1;1;1
15400000;1;01/12/1967;;1;1;788;478;618;30;3;1;1;1;0;0;497;487;478;479;488;505;521;529;534;544;560;567;567;592;617;642;671;682;685;687;690;693;691;685;680;675;683;712;753;788;787;1;1;1;1;1;1;1;1;1;1;1;1;1;1;1;1;1;1;1;1;1;1;1;1;1;1;1;1;1;1;1
15400000;2;01/11/1967;;1;1;602;373;507;24;1;1;1;1;0;0;373;406;446;453;436;416;396;393;430;495;534;538;531;522;512;502;491;503;549;589;599;597;598;602;593;573;554;536;524;512;;1;1;1;1;1;1;1;1;1;1;1;1;1;1;1;1;1;1;1;1;1;1;1;1;1;1;1;1;1;1;
15400000;1;01/11/1967;;1;1;602;373;507;24;1;1;1;1;0;0;373;406;446;453;436;416;396;393;430;495;534;538;531;522;512;502;491;503;549;589;599;597;598;602;593;573;554;536;524;512;;1;1;1;1;1;1;1;1;1;1;1;1;1;1;1;1;1;1;1;1;1;1;1;1;1;1;1;1;1;1;
15400000;2;01/10/1967;;1;1;351;233;280;31;13;1;1;1;0;0;270;266;265;260;259;256;251;245;241;239;238;235;233;237;240;247;256;268;276;287;292;304;318;329;334;334;336;337;339;343;351;1;1;1;1;1;1;1;1;1;1;1;1;1;1;1;1;1;1;1;1;1;1;1;1;1;1;1;1;1;1;1
15400000;1;01/10/1967;;1;1;351;233;280;31;13;1;1;1;0;0;270;266;265;260;259;256;251;245;241;239;238;235;233;237;240;247;256;268;276;287;292;304;318;329;334;334;336;337;339;343;351;1;1;1;1;1;1;1;1;1;1;1;1;1;1;1;1;1;1;1;1;1;1;1;1;1;1;1;1;1;1;1
15400000;2;01/09/1967;;1;1;284;239;263;1;20;1;1;1;0;0;284;279;275;271;268;267;268;272;272;271;271;271;271;271;269;260;253;247;243;239;239;239;241;245;252;263;273;275;277;275;;1;1;1;1;1;1;1;1;1;1;1;1;1;1;1;1;1;1;1;1;1;1;1;1;1;1;1;1;1;1;
15400000;1;01/09/1967;;1;1;284;239;263;1;20;1;1;1;0;0;284;279;275;271;268;267;268;272;272;271;271;271;271;271;269;260;253;247;243;239;239;239;241;245;252;263;273;275;277;275;;1;1;1;1;1;1;1;1;1;1;1;1;1;1;1;1;1;1;1;1;1;1;1;1;1;1;1;1;1;1;
15400000;2;01/08/1967;;1;1;474;280;356;1;24;1;1;1;0;0;474;467;458;450;440;431;421;411;400;388;382;374;370;365;357;350;340;332;324;314;305;297;288;280;280;281;284;289;293;293;289;1;1;1;1;1;1;1;1;1;1;1;1;1;1;1;1;1;1;1;1;1;1;1;1;1;1;1;1;1;1;1
15400000;1;01/08/1967;;1;1;474;280;356;1;24;1;1;1;0;0;474;467;458;450;440;431;421;411;400;388;382;374;370;365;357;350;340;332;324;314;305;297;288;280;280;281;284;289;293;293;289;1;1;1;1;1;1;1;1;1;1;1;1;1;1;1;1;1;1;1;1;1;1;1;1;1;1;1;1;1;1;1
15400000;2;01/07/1967;;1;1;572;378;457;1;19;1;1;1;0;0;572;560;542;527;520;505;497;485;473;463;456;448;432;422;415;406;397;385;378;383;400;420;433;439;438;435;441;455;472;483;482;1;1;1;1;1;1;1;1;1;1;1;1;1;1;1;1;1;1;1;1;1;1;1;1;1;1;1;1;1;1;1
15400000;1;01/07/1967;;1;1;572;378;457;1;19;1;1;1;0;0;572;560;542;527;520;505;497;485;473;463;456;448;432;422;415;406;397;385;378;383;400;420;433;439;438;435;441;455;472;483;482;1;1;1;1;1;1;1;1;1;1;1;1;1;1;1;1;1;1;1;1;1;1;1;1;1;1;1;1;1;1;1
15400000;2;01/06/1967;;1;1;814;587;718;1;30;1;1;1;0;0;814;809;800;787;775;759;741;727;717;732;751;765;764;753;742;735;731;727;720;705;693;677;673;671;666;654;640;623;605;587;;1;1;1;1;1;1;1;1;1;1;1;1;1;1;1;1;1;1;1;1;1;1;1;1;1;1;1;1;1;1;
15400000;1;01/06/1967;;1;1;814;587;718;1;30;1;1;1;0;0;814;809;800;787;775;759;741;727;717;732;751;765;764;753;742;735;731;727;720;705;693;677;673;671;666;654;640;623;605;587;;1;1;1;1;1;1;1;1;1;1;1;1;1;1;1;1;1;1;1;1;1;1;1;1;1;1;1;1;1;1;
15400000;2;01/05/1967;;1;1;1065;819;913;1;31;1;1;1;0;0;1065;1060;1041;1026;1012;999;991;987;981;956;941;935;943;935;918;908;902;878;866;853;843;836;833;834;831;827;824;824;825;822;819;1;1;1;1;1;1;1;1;1;1;1;1;1;1;1;1;1;1;1;1;1;1;1;1;1;1;1;1;1;1;1
15400000;1;01/05/1967;;1;1;1065;819;913;1;31;1;1;1;0;0;1065;1060;1041;1026;1012;999;991;987;981;956;941;935;943;935;918;908;902;878;866;853;843;836;833;834;831;827;824;824;825;822;819;1;1;1;1;1;1;1;1;1;1;1;1;1;1;1;1;1;1;1;1;1;1;1;1;1;1;1;1;1;1;1
15400000;2;01/04/1967;;1;1;;;;;;0;0;0;0;0;;;;;;;;;;1289;1271;1257;1238;1220;1207;1198;1193;1187;1179;1176;1173;1174;1175;1172;1165;1152;1143;1121;1105;1073;;;;;;;;;;;1;1;1;1;1;1;1;1;1;1;1;1;1;1;1;1;1;1;1;1;1;
15400000;1;01/04/1967;;1;1;;;;;;0;0;0;0;0;;;;;;;;;;1289;1271;1257;1238;1220;1207;1198;1193;1187;1179;1176;1173;1174;1175;1172;1165;1152;1143;1121;1105;1073;;0;0;0;0;0;0;0;0;0;1;1;1;1;1;1;1;1;1;1;1;1;1;1;1;1;1;1;1;1;1;
