EstacaoCodigo,NivelConsistencia,Data,MediaDiaria,TipoMedicaoCotas,Maxima,Minima,Media,DiaMaxima,DiaMinima,MaximaStatus,MinimaStatus,MediaStatus,MediaAnual,MediaAnualStatus,Cota01,Cota02,Cota03,Cota04,Cota05,Cota06,Cota07,Cota08,Cota09,Cota10,Cota11,Cota12,Cota13,Cota14,Cota15,Cota16,Cota17,Cota18,Cota19,Cota20,Cota21,Cota22,Cota23,Cota24,Cota25,Cota26,Cota27,Cota28,Cota29,Cota30,Cota31,Cota01Status,Cota02Status,Cota03Status,Cota04Status,Cota05Status,Cota06Status,Cota07Status,Cota08Status,Cota09Status,Cota10Status,Cota11Status,Cota12Status,Cota13Status,Cota14Status,Cota15Status,Cota16Status,Cota17Status,Cota18Status,Cota19Status,Cota20Status,Cota21Status,Cota22Status,Cota23Status,Cota24Status,Cota25Status,Cota26Status,Cota27Status,Cota28Status,Cota29Status,Cota30Status,Cota31Status
15400000,1,Apr-67,1,1,,,,,,0,0,0,0,0,,,,,,,,,,1289,1271,1257,1238,1220,1207,1198,1193,1187,1179,1176,1173,1174,1175,1172,1165,1152,1143,1121,1105,1073,,0,0,0,0,0,0,0,0,0,1,1,1,1,1,1,1,1,1,1,1,1,1,1,1,1,1,1,1,1,1,
15400000,2,Apr-67,1,1,,,,,,0,0,0,0,0,,,,,,,,,,1289,1271,1257,1238,1220,1207,1198,1193,1187,1179,1176,1173,1174,1175,1172,1165,1152,1143,1121,1105,1073,,,,,,,,,,,1,1,1,1,1,1,1,1,1,1,1,1,1,1,1,1,1,1,1,1,1,
15400000,1,May-67,1,1,1065,819,913.38708,1,31,1,1,1,0,0,1065,1060,1041,1026,1012,999,991,987,981,956,941,935,943,935,918,908,902,878,866,853,843,836,833,834,831,827,824,824,825,822,819,1,1,1,1,1,1,1,1,1,1,1,1,1,1,1,1,1,1,1,1,1,1,1,1,1,1,1,1,1,1,1
15400000,2,May-67,1,1,1065,819,913.38708,1,31,1,1,1,0,0,1065,1060,1041,1026,1012,999,991,987,981,956,941,935,943,935,918,908,902,878,866,853,843,836,833,834,831,827,824,824,825,822,819,1,1,1,1,1,1,1,1,1,1,1,1,1,1,1,1,1,1,1,1,1,1,1,1,1,1,1,1,1,1,1
15400000,1,Jun-67,1,1,814,587,718.09998,1,30,1,1,1,0,0,814,809,800,787,775,759,741,727,717,732,751,765,764,753,742,735,731,727,720,705,693,677,673,671,666,654,640,623,605,587,,1,1,1,1,1,1,1,1,1,1,1,1,1,1,1,1,1,1,1,1,1,1,1,1,1,1,1,1,1,1,
15400000,2,Jun-67,1,1,814,587,718.09998,1,30,1,1,1,0,0,814,809,800,787,775,759,741,727,717,732,751,765,764,753,742,735,731,727,720,705,693,677,673,671,666,654,640,623,605,587,,1,1,1,1,1,1,1,1,1,1,1,1,1,1,1,1,1,1,1,1,1,1,1,1,1,1,1,1,1,1,
15400000,1,Jul-67,1,1,572,378,456.9032,1,19,1,1,1,0,0,572,560,542,527,520,505,497,485,473,463,456,448,432,422,415,406,397,385,378,383,400,420,433,439,438,435,441,455,472,483,482,1,1,1,1,1,1,1,1,1,1,1,1,1,1,1,1,1,1,1,1,1,1,1,1,1,1,1,1,1,1,1
15400000,2,Jul-67,1,1,572,378,456.9032,1,19,1,1,1,0,0,572,560,542,527,520,505,497,485,473,463,456,448,432,422,415,406,397,385,378,383,400,420,433,439,438,435,441,455,472,483,482,1,1,1,1,1,1,1,1,1,1,1,1,1,1,1,1,1,1,1,1,1,1,1,1,1,1,1,1,1,1,1
15400000,1,Aug-67,1,1,474,280,355.70969,1,24,1,1,1,0,0,474,467,458,450,440,431,421,411,400,388,382,374,370,365,357,350,340,332,324,314,305,297,288,280,280,281,284,289,293,293,289,1,1,1,1,1,1,1,1,1,1,1,1,1,1,1,1,1,1,1,1,1,1,1,1,1,1,1,1,1,1,1
15400000,2,Aug-67,1,1,474,280,355.70969,1,24,1,1,1,0,0,474,467,458,450,440,431,421,411,400,388,382,374,370,365,357,350,340,332,324,314,305,297,288,280,280,281,284,289,293,293,289,1,1,1,1,1,1,1,1,1,1,1,1,1,1,1,1,1,1,1,1,1,1,1,1,1,1,1,1,1,1,1
15400000,1,Sep-67,1,1,284,239,263.3667,1,20,1,1,1,0,0,284,279,275,271,268,267,268,272,272,271,271,271,271,271,269,260,253,247,243,239,239,239,241,245,252,263,273,275,277,275,,1,1,1,1,1,1,1,1,1,1,1,1,1,1,1,1,1,1,1,1,1,1,1,1,1,1,1,1,1,1,
15400000,2,Sep-67,1,1,284,239,263.3667,1,20,1,1,1,0,0,284,279,275,271,268,267,268,272,272,271,271,271,271,271,269,260,253,247,243,239,239,239,241,245,252,263,273,275,277,275,,1,1,1,1,1,1,1,1,1,1,1,1,1,1,1,1,1,1,1,1,1,1,1,1,1,1,1,1,1,1,
15400000,1,Oct-67,1,1,351,233,280.19351,31,13,1,1,1,0,0,270,266,265,260,259,256,251,245,241,239,238,235,233,237,240,247,256,268,276,287,292,304,318,329,334,334,336,337,339,343,351,1,1,1,1,1,1,1,1,1,1,1,1,1,1,1,1,1,1,1,1,1,1,1,1,1,1,1,1,1,1,1
15400000,2,Oct-67,1,1,351,233,280.19351,31,13,1,1,1,0,0,270,266,265,260,259,256,251,245,241,239,238,235,233,237,240,247,256,268,276,287,292,304,318,329,334,334,336,337,339,343,351,1,1,1,1,1,1,1,1,1,1,1,1,1,1,1,1,1,1,1,1,1,1,1,1,1,1,1,1,1,1,1
15400000,1,Nov-67,1,1,602,373,506.76669,24,1,1,1,1,0,0,373,406,446,453,436,416,396,393,430,495,534,538,531,522,512,502,491,503,549,589,599,597,598,602,593,573,554,536,524,512,,1,1,1,1,1,1,1,1,1,1,1,1,1,1,1,1,1,1,1,1,1,1,1,1,1,1,1,1,1,1,
15400000,2,Nov-67,1,1,602,373,506.76669,24,1,1,1,1,0,0,373,406,446,453,436,416,396,393,430,495,534,538,531,522,512,502,491,503,549,589,599,597,598,602,593,573,554,536,524,512,,1,1,1,1,1,1,1,1,1,1,1,1,1,1,1,1,1,1,1,1,1,1,1,1,1,1,1,1,1,1,
15400000,1,Dec-67,1,1,788,478,618.3548,30,3,1,1,1,0,0,497,487,478,479,488,505,521,529,534,544,560,567,567,592,617,642,671,682,685,687,690,693,691,685,680,675,683,712,753,788,787,1,1,1,1,1,1,1,1,1,1,1,1,1,1,1,1,1,1,1,1,1,1,1,1,1,1,1,1,1,1,1
15400000,2,Dec-67,1,1,788,478,618.3548,30,3,1,1,1,0,0,497,487,478,479,488,505,521,529,534,544,560,567,567,592,617,642,671,682,685,687,690,693,691,685,680,675,683,712,753,788,787,1,1,1,1,1,1,1,1,1,1,1,1,1,1,1,1,1,1,1,1,1,1,1,1,1,1,1,1,1,1,1
15400000,1,Jan-68,1,1,1044,658,781.4516,31,7,1,1,1,0,0,759,734,711,688,671,660,658,671,700,745,777,790,779,755,730,716,707,717,730,743,767,793,809,822,820,841,902,961,1001,1024,1044,1,1,1,1,1,1,1,1,1,1,1,1,1,1,1,1,1,1,1,1,1,1,1,1,1,1,1,1,1,1,1
15400000,2,Jan-68,1,1,1044,658,781.4516,31,7,1,1,1,0,0,759,734,711,688,671,660,658,671,700,745,777,790,779,755,730,716,707,717,730,743,767,793,809,822,820,841,902,961,1001,1024,1044,1,1,1,1,1,1,1,1,1,1,1,1,1,1,1,1,1,1,1,1,1,1,1,1,1,1,1,1,1,1,1
15400000,1,Feb-68,1,1,1354,1044,1163.5862,29,3,1,1,1,0,0,1050,1046,1044,1048,1058,1072,1089,1103,1117,1121,1129,1140,1150,1156,1156,1149,1143,1138,1148,1167,1194,1223,1246,1264,1281,1303,1319,1336,1354,,,1,1,1,1,1,1,1,1,1,1,1,1,1,1,1,1,1,1,1,1,1,1,1,1,1,1,1,1,1,,
15400000,2,Feb-68,1,1,1354,1044,1163.5862,29,3,1,1,1,0,0,1050,1046,1044,1048,1058,1072,1089,1103,1117,1121,1129,1140,1150,1156,1156,1149,1143,1138,1148,1167,1194,1223,1246,1264,1281,1303,1319,1336,1354,,,1,1,1,1,1,1,1,1,1,1,1,1,1,1,1,1,1,1,1,1,1,1,1,1,1,1,1,1,1,,
15400000,1,Mar-68,1,1,1440,1359,1400.8387,8,31,1,1,1,0,0,1370,1375,1387,1400,1415,1429,1439,1440,1437,1431,1419,1409,1396,1382,1379,1386,1395,1405,1416,1418,1415,1414,1413,1410,1404,1391,1382,1379,1369,1362,1359,1,1,1,1,1,1,1,1,1,1,1,1,1,1,1,1,1,1,1,1,1,1,1,1,1,1,1,1,1,1,1
15400000,2,Mar-68,1,1,1440,1359,1400.8387,8,31,1,1,1,0,0,1370,1375,1387,1400,1415,1429,1439,1440,1437,1431,1419,1409,1396,1382,1379,1386,1395,1405,1416,1418,1415,1414,1413,1410,1404,1391,1382,1379,1369,1362,1359,1,1,1,1,1,1,1,1,1,1,1,1,1,1,1,1,1,1,1,1,1,1,1,1,1,1,1,1,1,1,1
15400000,1,Apr-68,1,1,1366,1081,1209.5,4,30,1,1,1,0,0,1352,1353,1363,1366,1352,1338,1319,1299,1279,1270,1250,1238,1223,1204,1181,1162,1143,1136,1130,1126,1123,1122,1121,1128,1135,1137,1134,1118,1102,1081,,1,1,1,1,1,1,1,1,1,1,1,1,1,1,1,1,1,1,1,1,1,1,1,1,1,1,1,1,1,1,
15400000,2,Apr-68,1,1,1366,1081,1209.5,4,30,1,1,1,0,0,1352,1353,1363,1366,1352,1338,1319,1299,1279,1270,1250,1238,1223,1204,1181,1162,1143,1136,1130,1126,1123,1122,1121,1128,1135,1137,1134,1118,1102,1081,,1,1,1,1,1,1,1,1,1,1,1,1,1,1,1,1,1,1,1,1,1,1,1,1,1,1,1,1,1,1,
15400000,1,May-68,1,1,1056,573,784.19348,1,31,1,1,1,0,0,1056,1029,1005,975,958,943,926,907,887,868,848,828,809,795,779,763,751,742,732,720,701,681,667,655,647,641,622,610,600,592,573,1,1,1,1,1,1,1,1,1,1,1,1,1,1,1,1,1,1,1,1,1,1,1,1,1,1,1,1,1,1,1
15400000,2,May-68,1,1,1056,573,784.19348,1,31,1,1,1,0,0,1056,1029,1005,975,958,943,926,907,887,868,848,828,809,795,779,763,751,742,732,720,701,681,667,655,647,641,622,610,600,592,573,1,1,1,1,1,1,1,1,1,1,1,1,1,1,1,1,1,1,1,1,1,1,1,1,1,1,1,1,1,1,1
15400000,1,Jun-68,1,1,565,385,472.5,1,30,1,1,1,0,0,565,557,547,541,526,515,504,495,488,483,480,479,474,470,460,452,466,484,486,466,438,425,426,433,442,440,432,417,399,385,,1,1,1,1,1,1,1,1,1,1,1,1,1,1,1,1,1,1,1,1,1,1,1,1,1,1,1,1,1,1,
15400000,2,Jun-68,1,1,565,385,472.5,1,30,1,1,1,0,0,565,557,547,541,526,515,504,495,488,483,480,479,474,470,460,452,466,484,486,466,438,425,426,433,442,440,432,417,399,385,,1,1,1,1,1,1,1,1,1,1,1,1,1,1,1,1,1,1,1,1,1,1,1,1,1,1,1,1,1,1,
15400000,1,Jul-68,1,1,391,304,337.6452,20,27,1,1,1,0,0,371,363,358,349,342,336,331,325,321,316,313,309,307,315,323,332,341,358,377,391,391,378,361,339,323,312,304,306,316,327,332,1,1,1,1,1,1,1,1,1,1,1,1,1,1,1,1,1,1,1,1,1,1,1,1,1,1,1,1,1,1,1
15400000,2,Jul-68,1,1,391,304,337.6452,20,27,1,1,1,0,0,371,363,358,349,342,336,331,325,321,316,313,309,307,315,323,332,341,358,377,391,391,378,361,339,323,312,304,306,316,327,332,1,1,1,1,1,1,1,1,1,1,1,1,1,1,1,1,1,1,1,1,1,1,1,1,1,1,1,1,1,1,1
15400000,1,Aug-68,1,1,327,214,256.93549,1,18,1,1,1,0,0,327,318,304,279,267,265,274,269,260,249,242,239,250,254,247,231,220,214,219,228,235,247,259,257,255,255,256,258,265,265,257,1,1,1,1,1,1,1,1,1,1,1,1,1,1,1,1,1,1,1,1,1,1,1,1,1,1,1,1,1,1,1
15400000,2,Aug-68,1,1,327,214,256.93549,1,18,1,1,1,0,0,327,318,304,279,267,265,274,269,260,249,242,239,250,254,247,231,220,214,219,228,235,247,259,257,255,255,256,258,265,265,257,1,1,1,1,1,1,1,1,1,1,1,1,1,1,1,1,1,1,1,1,1,1,1,1,1,1,1,1,1,1,1
15400000,1,Sep-68,1,1,470,275,342.56671,13,1,1,1,1,0,0,275,284,306,313,328,327,328,319,338,358,377,416,470,455,432,413,388,367,346,333,327,326,325,323,318,311,304,296,290,284,,1,1,1,1,1,1,1,1,1,1,1,1,1,1,1,1,1,1,1,1,1,1,1,1,1,1,1,1,1,1,
15400000,2,Sep-68,1,1,470,275,342.56671,13,1,1,1,1,0,0,275,284,306,313,328,327,328,319,338,358,377,416,470,455,432,413,388,367,346,333,327,326,325,323,318,311,304,296,290,284,,1,1,1,1,1,1,1,1,1,1,1,1,1,1,1,1,1,1,1,1,1,1,1,1,1,1,1,1,1,1,
15400000,1,Oct-68,1,1,448,274,338.93549,28,7,1,1,1,0,0,281,281,284,279,275,275,274,279,301,313,318,319,326,350,385,410,416,418,369,302,294,286,282,287,319,396,438,448,440,431,431,1,1,1,1,1,1,1,1,1,1,1,1,1,1,1,1,1,1,1,1,1,1,1,1,1,1,1,1,1,1,1
15400000,2,Oct-68,1,1,448,274,338.93549,28,7,1,1,1,0,0,281,281,284,279,275,275,274,279,301,313,318,319,326,350,385,410,416,418,369,302,294,286,282,287,319,396,438,448,440,431,431,1,1,1,1,1,1,1,1,1,1,1,1,1,1,1,1,1,1,1,1,1,1,1,1,1,1,1,1,1,1,1
15400000,1,Nov-68,1,1,603,396,485.23331,25,19,1,1,1,0,0,431,428,417,411,421,454,500,525,528,516,497,476,460,447,435,424,412,404,396,396,420,472,542,588,603,601,596,591,587,579,,1,1,1,1,1,1,1,1,1,1,1,1,1,1,1,1,1,1,1,1,1,1,1,1,1,1,1,1,1,1,
15400000,2,Nov-68,1,1,603,396,485.23331,25,19,1,1,1,0,0,431,428,417,411,421,454,500,525,528,516,497,476,460,447,435,424,412,404,396,396,420,472,542,588,603,601,596,591,587,579,,1,1,1,1,1,1,1,1,1,1,1,1,1,1,1,1,1,1,1,1,1,1,1,1,1,1,1,1,1,1,
15400000,1,Dec-68,1,1,1037,512,697.87097,31,4,1,1,1,0,0,556,531,519,512,525,543,551,562,588,615,624,622,624,633,623,606,591,592,608,638,707,790,833,864,893,917,950,979,988,1013,1037,1,1,1,1,1,1,1,1,1,1,1,1,1,1,1,1,1,1,1,1,1,1,1,1,1,1,1,1,1,1,1
15400000,2,Dec-68,1,1,1037,512,697.87097,31,4,1,1,1,0,0,556,531,519,512,525,543,551,562,588,615,624,622,624,633,623,606,591,592,608,638,707,790,833,864,893,917,950,979,988,1013,1037,1,1,1,1,1,1,1,1,1,1,1,1,1,1,1,1,1,1,1,1,1,1,1,1,1,1,1,1,1,1,1
15400000,1,Jan-69,1,1,1196,1020,1113.7742,25,6,1,1,1,0,0,1050,1059,1055,1041,1028,1020,1020,1028,1043,1060,1078,1090,1090,1084,1084,1099,1124,1145,1162,1167,1176,1182,1187,1194,1196,1190,1186,1181,1169,1168,1171,1,1,1,1,1,1,1,1,1,1,1,1,1,1,1,1,1,1,1,1,1,1,1,1,1,1,1,1,1,1,1
15400000,2,Jan-69,1,1,1196,1020,1113.7742,25,6,1,1,1,0,0,1050,1059,1055,1041,1028,1020,1020,1028,1043,1060,1078,1090,1090,1084,1084,1099,1124,1145,1162,1167,1176,1182,1187,1194,1196,1190,1186,1181,1169,1168,1171,1,1,1,1,1,1,1,1,1,1,1,1,1,1,1,1,1,1,1,1,1,1,1,1,1,1,1,1,1,1,1
15400000,1,Feb-69,1,1,1269,1118,1204.25,26,8,1,1,1,0,0,1183,1186,1171,1154,1141,1128,1121,1118,1122,1132,1165,1201,1220,1228,1232,1233,1233,1236,1243,1250,1248,1245,1245,1252,1262,1269,1258,1243,,,,1,1,1,1,1,1,1,1,1,1,1,1,1,1,1,1,1,1,1,1,1,1,1,1,1,1,1,1,,,
15400000,2,Feb-69,1,1,1269,1118,1204.25,26,8,1,1,1,0,0,1183,1186,1171,1154,1141,1128,1121,1118,1122,1132,1165,1201,1220,1228,1232,1233,1233,1236,1243,1250,1248,1245,1245,1252,1262,1269,1258,1243,,,,1,1,1,1,1,1,1,1,1,1,1,1,1,1,1,1,1,1,1,1,1,1,1,1,1,1,1,1,,,
15400000,1,Mar-69,1,1,1264,1145,1205.6129,27,14,1,1,1,0,0,1226,1216,1214,1221,1228,1230,1223,1209,1192,1182,1170,1158,1148,1145,1150,1162,1175,1167,1163,1172,1192,1215,1234,1247,1254,1261,1264,1261,1249,1240,1206,1,1,1,1,1,1,1,1,1,1,1,1,1,1,1,1,1,1,1,1,1,1,1,1,1,1,1,1,1,1,1
15400000,2,Mar-69,1,1,1264,1145,1205.6129,27,14,1,1,1,0,0,1226,1216,1214,1221,1228,1230,1223,1209,1192,1182,1170,1158,1148,1145,1150,1162,1175,1167,1163,1172,1192,1215,1234,1247,1254,1261,1264,1261,1249,1240,1206,1,1,1,1,1,1,1,1,1,1,1,1,1,1,1,1,1,1,1,1,1,1,1,1,1,1,1,1,1,1,1
15400000,1,Apr-69,1,1,1280,1035,1175.1333,10,30,1,1,1,0,0,1211,1212,1205,1212,1221,1223,1224,1236,1266,1280,1279,1271,1258,1245,1231,1211,1175,1159,1142,1133,1139,1142,1129,1107,1083,1071,1062,1053,1039,1035,,1,1,1,1,1,1,1,1,1,1,1,1,1,1,1,1,1,1,1,1,1,1,1,1,1,1,1,1,1,1,
15400000,2,Apr-69,1,1,1280,1035,1175.1333,10,30,1,1,1,0,0,1211,1212,1205,1212,1221,1223,1224,1236,1266,1280,1279,1271,1258,1245,1231,1211,1175,1159,1142,1133,1139,1142,1129,1107,1083,1071,1062,1053,1039,1035,,1,1,1,1,1,1,1,1,1,1,1,1,1,1,1,1,1,1,1,1,1,1,1,1,1,1,1,1,1,1,
15400000,1,May-69,1,1,1044,700,857.74188,7,24,1,1,1,0,0,1017,985,958,936,973,1003,1044,1041,1024,994,967,951,933,907,825,794,758,730,726,725,722,729,717,700,713,728,750,775,812,829,824,1,1,1,1,1,1,1,1,1,1,1,1,1,1,1,1,1,1,1,1,1,1,1,1,1,1,1,1,1,1,1
15400000,2,May-69,1,1,1044,700,857.74188,7,24,1,1,1,0,0,1017,985,958,936,973,1003,1044,1041,1024,994,967,951,933,907,825,794,758,730,726,725,722,729,717,700,713,728,750,775,812,829,824,1,1,1,1,1,1,1,1,1,1,1,1,1,1,1,1,1,1,1,1,1,1,1,1,1,1,1,1,1,1,1
15400000,1,Jun-69,1,1,816,635,723.33331,1,20,1,1,1,0,0,816,785,762,747,743,732,720,712,734,770,785,771,748,720,752,726,701,679,647,635,640,667,704,723,735,735,724,712,698,677,,1,1,1,1,1,1,1,1,1,1,1,1,1,1,1,1,1,1,1,1,1,1,1,1,1,1,1,1,1,1,
15400000,2,Jun-69,1,1,816,635,723.33331,1,20,1,1,1,0,0,816,785,762,747,743,732,720,712,734,770,785,771,748,720,752,726,701,679,647,635,640,667,704,723,735,735,724,712,698,677,,1,1,1,1,1,1,1,1,1,1,1,1,1,1,1,1,1,1,1,1,1,1,1,1,1,1,1,1,1,1,
15400000,1,Jul-69,1,1,654,328,506.80649,1,31,1,1,1,0,0,654,633,608,593,583,593,613,637,634,617,598,565,540,524,511,517,517,512,496,476,459,442,426,414,399,384,374,363,355,346,328,1,1,1,1,1,1,1,1,1,1,1,1,1,1,1,1,1,1,1,1,1,1,1,1,1,1,1,1,1,1,1
15400000,2,Jul-69,1,1,654,328,506.80649,1,31,1,1,1,0,0,654,633,608,593,583,593,613,637,634,617,598,565,540,524,511,517,517,512,496,476,459,442,426,414,399,384,374,363,355,346,328,1,1,1,1,1,1,1,1,1,1,1,1,1,1,1,1,1,1,1,1,1,1,1,1,1,1,1,1,1,1,1
15400000,1,Aug-69,1,1,361,280,314.70969,12,31,1,1,1,0,0,329,323,311,310,306,307,311,300,299,325,354,361,358,349,334,331,331,326,318,315,311,309,308,307,302,294,291,288,285,283,280,1,1,1,1,1,1,1,1,1,1,1,1,1,1,1,1,1,1,1,1,1,1,1,1,1,1,1,1,1,1,1
15400000,2,Aug-69,1,1,361,280,314.70969,12,31,1,1,1,0,0,329,323,311,310,306,307,311,300,299,325,354,361,358,349,334,331,331,326,318,315,311,309,308,307,302,294,291,288,285,283,280,1,1,1,1,1,1,1,1,1,1,1,1,1,1,1,1,1,1,1,1,1,1,1,1,1,1,1,1,1,1,1
15400000,1,Sep-69,1,1,278,242,254.26669,1,16,1,1,1,0,0,278,275,272,268,265,263,263,262,260,256,252,252,252,250,246,242,242,244,246,248,250,251,252,251,251,251,249,247,242,248,,1,1,1,1,1,1,1,1,1,1,1,1,1,1,1,1,1,1,1,1,1,1,1,1,1,1,1,1,1,1,
15400000,2,Sep-69,1,1,278,242,254.26669,1,16,1,1,1,0,0,278,275,272,268,265,263,263,262,260,256,252,252,252,250,246,242,242,244,246,248,250,251,252,251,251,251,249,247,242,248,,1,1,1,1,1,1,1,1,1,1,1,1,1,1,1,1,1,1,1,1,1,1,1,1,1,1,1,1,1,1,
15400000,1,Oct-69,1,1,344,232,266.16129,31,2,1,1,1,0,0,234,232,232,237,242,242,239,239,239,242,245,247,255,264,270,274,284,284,284,281,275,265,253,245,250,258,292,322,338,343,344,1,1,1,1,1,1,1,1,1,1,1,1,1,1,1,1,1,1,1,1,1,1,1,1,1,1,1,1,1,1,1
15400000,2,Oct-69,1,1,344,232,266.16129,31,2,1,1,1,0,0,234,232,232,237,242,242,239,239,239,242,245,247,255,264,270,274,284,284,284,281,275,265,253,245,250,258,292,322,338,343,344,1,1,1,1,1,1,1,1,1,1,1,1,1,1,1,1,1,1,1,1,1,1,1,1,1,1,1,1,1,1,1
15400000,1,Nov-69,1,1,621,279,435.96671,30,10,1,1,1,0,0,349,348,348,344,333,332,318,307,298,279,309,309,305,306,322,364,441,515,537,539,537,534,545,582,595,606,617,619,620,621,,1,1,1,1,1,1,1,1,1,1,1,1,1,1,1,1,1,1,1,1,1,1,1,1,1,1,1,1,1,1,
15400000,2,Nov-69,1,1,621,279,435.96671,30,10,1,1,1,0,0,349,348,348,344,333,332,318,307,298,279,309,309,305,306,322,364,441,515,537,539,537,534,545,582,595,606,617,619,620,621,,1,1,1,1,1,1,1,1,1,1,1,1,1,1,1,1,1,1,1,1,1,1,1,1,1,1,1,1,1,1,
15400000,1,Dec-69,1,1,927,610,780.74188,28,1,1,1,1,0,0,610,618,626,633,637,643,651,658,662,665,671,676,679,682,705,794,803,883,896,905,910,912,925,907,909,919,924,927,927,924,922,1,1,1,1,1,1,1,1,1,1,1,1,1,1,1,1,1,1,1,1,1,1,1,1,1,1,1,1,1,1,1
15400000,2,Dec-69,1,1,927,610,780.74188,28,1,1,1,1,0,0,610,618,626,633,637,643,651,658,662,665,671,676,679,682,705,794,803,883,896,905,910,912,925,907,909,919,924,927,927,924,922,1,1,1,1,1,1,1,1,1,1,1,1,1,1,1,1,1,1,1,1,1,1,1,1,1,1,1,1,1,1,1
15400000,1,Jan-70,1,1,1020,824,906.12903,19,10,1,1,1,0,0,919,915,903,885,870,841,829,825,825,824,829,840,848,876,961,978,986,998,1020,1019,1015,995,971,961,928,897,882,870,859,858,863,1,1,1,1,1,1,1,1,1,1,1,1,1,1,1,1,1,1,1,1,1,1,1,1,1,1,1,1,1,1,1
15400000,2,Jan-70,1,1,1020,824,906.12903,19,10,1,1,1,0,0,919,915,903,885,870,841,829,825,825,824,829,840,848,876,961,978,986,998,1020,1019,1015,995,971,961,928,897,882,870,859,858,863,1,1,1,1,1,1,1,1,1,1,1,1,1,1,1,1,1,1,1,1,1,1,1,1,1,1,1,1,1,1,1
15400000,1,Feb-70,1,1,1211,869,1105.0714,26,1,1,1,1,0,0,869,873,879,891,968,985,1055,1102,1150,1165,1174,1179,1182,1182,1176,1164,1143,1130,1118,1112,1121,1143,1171,1197,1209,1211,1200,1193,,,,1,1,1,1,1,1,1,1,1,1,1,1,1,1,1,1,1,1,1,1,1,1,1,1,1,1,1,1,,,
15400000,2,Feb-70,1,1,1211,869,1105.0714,26,1,1,1,1,0,0,869,873,879,891,968,985,1055,1102,1150,1165,1174,1179,1182,1182,1176,1164,1143,1130,1118,1112,1121,1143,1171,1197,1209,1211,1200,1193,,,,1,1,1,1,1,1,1,1,1,1,1,1,1,1,1,1,1,1,1,1,1,1,1,1,1,1,1,1,,,
15400000,1,Mar-70,1,1,1369,1157,1280.2258,24,5,1,1,1,0,0,1181,1175,1170,1162,1157,1177,1185,1200,1214,1265,1293,1309,1313,1315,1320,1325,1329,1334,1340,1343,1349,1355,1363,1369,1360,1337,1327,1316,1290,1267,1247,1,1,1,1,1,1,1,1,1,1,1,1,1,1,1,1,1,1,1,1,1,1,1,1,1,1,1,1,1,1,1
15400000,2,Mar-70,1,1,1369,1157,1280.2258,24,5,1,1,1,0,0,1181,1175,1170,1162,1157,1177,1185,1200,1214,1265,1293,1309,1313,1315,1320,1325,1329,1334,1340,1343,1349,1355,1363,1369,1360,1337,1327,1316,1290,1267,1247,1,1,1,1,1,1,1,1,1,1,1,1,1,1,1,1,1,1,1,1,1,1,1,1,1,1,1,1,1,1,1
15400000,1,Apr-70,1,1,1347,1197,1280.5333,13,6,1,1,1,0,0,1235,1217,1214,1208,1202,1197,1207,1224,1258,1296,1321,1338,1347,1347,1339,1332,1324,1321,1315,1306,1305,1307,1314,1312,1311,1298,1280,1261,1248,1232,,1,1,1,1,1,1,1,1,1,1,1,1,1,1,1,1,1,1,1,1,1,1,1,1,1,1,1,1,1,1,
15400000,2,Apr-70,1,1,1347,1197,1280.5333,13,6,1,1,1,0,0,1235,1217,1214,1208,1202,1197,1207,1224,1258,1296,1321,1338,1347,1347,1339,1332,1324,1321,1315,1306,1305,1307,1314,1312,1311,1298,1280,1261,1248,1232,,1,1,1,1,1,1,1,1,1,1,1,1,1,1,1,1,1,1,1,1,1,1,1,1,1,1,1,1,1,1,
15400000,1,May-70,1,1,1221,1060,1149.5161,1,22,1,1,1,0,0,1221,1215,1204,1197,1200,1205,1207,1201,1185,1180,1174,1169,1159,1155,1150,1141,1131,1117,1098,1080,1067,1060,1072,1100,1144,1156,1155,1151,1131,1111,1099,1,1,1,1,1,1,1,1,1,1,1,1,1,1,1,1,1,1,1,1,1,1,1,1,1,1,1,1,1,1,1
15400000,2,May-70,1,1,1221,1060,1149.5161,1,22,1,1,1,0,0,1221,1215,1204,1197,1200,1205,1207,1201,1185,1180,1174,1169,1159,1155,1150,1141,1131,1117,1098,1080,1067,1060,1072,1100,1144,1156,1155,1151,1131,1111,1099,1,1,1,1,1,1,1,1,1,1,1,1,1,1,1,1,1,1,1,1,1,1,1,1,1,1,1,1,1,1,1
15400000,1,Jun-70,1,1,1079,823,927.73328,1,27,1,1,1,0,0,1079,1063,1053,1043,1027,1008,988,959,929,899,888,882,887,920,943,952,942,922,893,887,902,903,897,873,850,829,823,838,874,879,,1,1,1,1,1,1,1,1,1,1,1,1,1,1,1,1,1,1,1,1,1,1,1,1,1,1,1,1,1,1,
15400000,2,Jun-70,1,1,1079,823,927.73328,1,27,1,1,1,0,0,1079,1063,1053,1043,1027,1008,988,959,929,899,888,882,887,920,943,952,942,922,893,887,902,903,897,873,850,829,823,838,874,879,,1,1,1,1,1,1,1,1,1,1,1,1,1,1,1,1,1,1,1,1,1,1,1,1,1,1,1,1,1,1,
15400000,1,Jul-70,1,1,855,477,610.87097,1,29,1,1,1,0,0,855,835,811,775,753,731,710,692,665,651,640,625,608,579,575,576,585,584,575,567,555,542,527,518,505,496,489,480,477,479,477,1,1,1,1,1,1,1,1,1,1,1,1,1,1,1,1,1,1,1,1,1,1,1,1,1,1,1,1,1,1,1
15400000,2,Jul-70,1,1,855,477,610.87097,1,29,1,1,1,0,0,855,835,811,775,753,731,710,692,665,651,640,625,608,579,575,576,585,584,575,567,555,542,527,518,505,496,489,480,477,479,477,1,1,1,1,1,1,1,1,1,1,1,1,1,1,1,1,1,1,1,1,1,1,1,1,1,1,1,1,1,1,1
15400000,1,Aug-70,1,1,470,257,379.19351,1,31,1,1,1,0,0,470,463,455,448,446,450,459,456,451,441,426,413,396,387,384,385,388,397,389,378,358,337,325,311,301,293,283,277,269,262,257,1,1,1,1,1,1,1,1,1,1,1,1,1,1,1,1,1,1,1,1,1,1,1,1,1,1,1,1,1,1,1
15400000,2,Aug-70,1,1,470,257,379.19351,1,31,1,1,1,0,0,470,463,455,448,446,450,459,456,451,441,426,413,396,387,384,385,388,397,389,378,358,337,325,311,301,293,283,277,269,262,257,1,1,1,1,1,1,1,1,1,1,1,1,1,1,1,1,1,1,1,1,1,1,1,1,1,1,1,1,1,1,1
15400000,1,Sep-70,1,1,427,256,337.8667,9,1,1,1,1,0,0,256,256,263,277,315,332,357,397,427,426,413,399,384,361,338,315,306,303,305,304,301,305,331,363,372,374,357,338,330,331,,1,1,1,1,1,1,1,1,1,1,1,1,1,1,1,1,1,1,1,1,1,1,1,1,1,1,1,1,1,1,
15400000,2,Sep-70,1,1,427,256,337.8667,9,1,1,1,1,0,0,256,256,263,277,315,332,357,397,427,426,413,399,384,361,338,315,306,303,305,304,301,305,331,363,372,374,357,338,330,331,,1,1,1,1,1,1,1,1,1,1,1,1,1,1,1,1,1,1,1,1,1,1,1,1,1,1,1,1,1,1,
15400000,1,Oct-70,1,1,411,274,337.74191,14,8,1,1,1,0,0,331,320,305,299,292,281,275,274,282,288,305,356,396,411,398,384,364,354,348,351,356,354,348,338,329,328,333,345,364,375,386,1,1,1,1,1,1,1,1,1,1,1,1,1,1,1,1,1,1,1,1,1,1,1,1,1,1,1,1,1,1,1
15400000,2,Oct-70,1,1,411,274,337.74191,14,8,1,1,1,0,0,331,320,305,299,292,281,275,274,282,288,305,356,396,411,398,384,364,354,348,351,356,354,348,338,329,328,333,345,364,375,386,1,1,1,1,1,1,1,1,1,1,1,1,1,1,1,1,1,1,1,1,1,1,1,1,1,1,1,1,1,1,1
15400000,1,Nov-70,1,1,591,301,418.96671,4,30,1,1,1,0,0,406,508,586,591,573,542,514,455,436,469,484,474,453,422,406,390,376,367,354,358,358,359,363,367,360,348,328,314,307,301,,1,1,1,1,1,1,1,1,1,1,1,1,1,1,1,1,1,1,1,1,1,1,1,1,1,1,1,1,1,1,
15400000,2,Nov-70,1,1,591,301,418.96671,4,30,1,1,1,0,0,406,508,586,591,573,542,514,455,436,469,484,474,453,422,406,390,376,367,354,358,358,359,363,367,360,348,328,314,307,301,,1,1,1,1,1,1,1,1,1,1,1,1,1,1,1,1,1,1,1,1,1,1,1,1,1,1,1,1,1,1,
15400000,1,Dec-70,1,1,999,288,578.61292,31,6,1,1,1,0,0,299,300,303,295,292,288,292,300,331,393,451,482,490,490,497,500,516,559,606,618,646,733,807,859,889,904,914,937,962,985,999,1,1,1,1,1,1,1,1,1,1,1,1,1,1,1,1,1,1,1,1,1,1,1,1,1,1,1,1,1,1,1
15400000,2,Dec-70,1,1,999,288,578.61292,31,6,1,1,1,0,0,299,300,303,295,292,288,292,300,331,393,451,482,490,490,497,500,516,559,606,618,646,733,807,859,889,904,914,937,962,985,999,1,1,1,1,1,1,1,1,1,1,1,1,1,1,1,1,1,1,1,1,1,1,1,1,1,1,1,1,1,1,1
15400000,1,Jan-71,1,1,1160,962,1039.9032,31,9,1,1,1,0,0,1004,999,992,991,988,977,971,965,962,975,999,1023,1036,1056,1058,1060,1071,1088,1104,1113,1103,1081,1063,1052,1043,1029,1022,1038,1085,1129,1160,1,1,1,1,1,1,1,1,1,1,1,1,1,1,1,1,1,1,1,1,1,1,1,1,1,1,1,1,1,1,1
15400000,2,Jan-71,1,1,1160,962,1039.9032,31,9,1,1,1,0,0,1004,999,992,991,988,977,971,965,962,975,999,1023,1036,1056,1058,1060,1071,1088,1104,1113,1103,1081,1063,1052,1043,1029,1022,1038,1085,1129,1160,1,1,1,1,1,1,1,1,1,1,1,1,1,1,1,1,1,1,1,1,1,1,1,1,1,1,1,1,1,1,1
15400000,1,Feb-71,1,1,1463,1182,1359.0714,28,1,1,1,1,0,0,1182,1199,1220,1231,1247,1259,1280,1299,1314,1329,1353,1368,1377,1383,1386,1396,1404,1409,1416,1423,1430,1436,1442,1446,1449,1454,1459,1463,,,,1,1,1,1,1,1,1,1,1,1,1,1,1,1,1,1,1,1,1,1,1,1,1,1,1,1,1,1,,,
15400000,2,Feb-71,1,1,1463,1182,1359.0714,28,1,1,1,1,0,0,1182,1199,1220,1231,1247,1259,1280,1299,1314,1329,1353,1368,1377,1383,1386,1396,1404,1409,1416,1423,1430,1436,1442,1446,1449,1454,1459,1463,,,,1,1,1,1,1,1,1,1,1,1,1,1,1,1,1,1,1,1,1,1,1,1,1,1,1,1,1,1,,,
15400000,1,Mar-71,1,1,1484,1415,1447.8387,6,31,1,1,1,0,0,1469,1473,1475,1480,1481,1484,1484,1483,1481,1473,1462,1452,1439,1432,1425,1426,1427,1430,1426,1425,1425,1432,1437,1444,1443,1442,1439,1433,1423,1423,1415,1,1,1,1,1,1,1,1,1,1,1,1,1,1,1,1,1,1,1,1,1,1,1,1,1,1,1,1,1,1,1
15400000,2,Mar-71,1,1,1484,1415,1447.8387,6,31,1,1,1,0,0,1469,1473,1475,1480,1481,1484,1484,1483,1481,1473,1462,1452,1439,1432,1425,1426,1427,1430,1426,1425,1425,1432,1437,1444,1443,1442,1439,1433,1423,1423,1415,1,1,1,1,1,1,1,1,1,1,1,1,1,1,1,1,1,1,1,1,1,1,1,1,1,1,1,1,1,1,1
15400000,1,Apr-71,1,1,1405,1238,1293.6333,1,19,1,1,1,0,0,1405,1395,1381,1370,1366,1356,1347,1336,1326,1316,1307,1298,1283,1270,1254,1244,1241,1239,1238,1238,1239,1244,1248,1245,1240,1244,1265,1288,1296,1290,,1,1,1,1,1,1,1,1,1,1,1,1,1,1,1,1,1,1,1,1,1,1,1,1,1,1,1,1,1,1,
15400000,2,Apr-71,1,1,1405,1238,1293.6333,1,19,1,1,1,0,0,1405,1395,1381,1370,1366,1356,1347,1336,1326,1316,1307,1298,1283,1270,1254,1244,1241,1239,1238,1238,1239,1244,1248,1245,1240,1244,1265,1288,1296,1290,,1,1,1,1,1,1,1,1,1,1,1,1,1,1,1,1,1,1,1,1,1,1,1,1,1,1,1,1,1,1,
15400000,1,May-71,1,1,1271,775,980.29028,1,31,1,1,1,0,0,1271,1245,1216,1187,1167,1133,1106,1078,1060,1045,1037,1033,1021,1002,974,955,932,916,910,896,880,864,853,856,863,861,845,824,803,781,775,1,1,1,1,1,1,1,1,1,1,1,1,1,1,1,1,1,1,1,1,1,1,1,1,1,1,1,1,1,1,1
15400000,2,May-71,1,1,1271,775,980.29028,1,31,1,1,1,0,0,1271,1245,1216,1187,1167,1133,1106,1078,1060,1045,1037,1033,1021,1002,974,955,932,916,910,896,880,864,853,856,863,861,845,824,803,781,775,1,1,1,1,1,1,1,1,1,1,1,1,1,1,1,1,1,1,1,1,1,1,1,1,1,1,1,1,1,1,1
15400000,1,Jun-71,1,1,833,537,656.70001,3,26,1,1,1,0,0,790,822,833,824,803,777,751,726,701,682,662,651,648,653,657,653,641,625,613,599,590,579,567,555,543,537,543,553,556,567,,1,1,1,1,1,1,1,1,1,1,1,1,1,1,1,1,1,1,1,1,1,1,1,1,1,1,1,1,1,1,
15400000,2,Jun-71,1,1,833,537,656.70001,3,26,1,1,1,0,0,790,822,833,824,803,777,751,726,701,682,662,651,648,653,657,653,641,625,613,599,590,579,567,555,543,537,543,553,556,567,,1,1,1,1,1,1,1,1,1,1,1,1,1,1,1,1,1,1,1,1,1,1,1,1,1,1,1,1,1,1,
15400000,1,Jul-71,1,1,623,346,510.871,10,31,1,1,1,0,0,583,604,615,611,599,586,577,587,612,623,612,592,577,566,554,540,523,504,487,471,456,444,433,423,414,401,391,381,370,355,346,1,1,1,1,1,1,1,1,1,1,1,1,1,1,1,1,1,1,1,1,1,1,1,1,1,1,1,1,1,1,1
15400000,2,Jul-71,1,1,623,346,510.871,10,31,1,1,1,0,0,583,604,615,611,599,586,577,587,612,623,612,592,577,566,554,540,523,504,487,471,456,444,433,423,414,401,391,381,370,355,346,1,1,1,1,1,1,1,1,1,1,1,1,1,1,1,1,1,1,1,1,1,1,1,1,1,1,1,1,1,1,1
15400000,1,Aug-71,1,1,421,270,330.83871,6,30,1,1,1,0,0,338,339,359,391,416,421,410,393,370,357,348,337,327,317,317,325,327,325,319,315,311,308,304,302,295,290,285,278,279,270,283,1,1,1,1,1,1,1,1,1,1,1,1,1,1,1,1,1,1,1,1,1,1,1,1,1,1,1,1,1,1,1
15400000,2,Aug-71,1,1,421,270,330.83871,6,30,1,1,1,0,0,338,339,359,391,416,421,410,393,370,357,348,337,327,317,317,325,327,325,319,315,311,308,304,302,295,290,285,278,279,270,283,1,1,1,1,1,1,1,1,1,1,1,1,1,1,1,1,1,1,1,1,1,1,1,1,1,1,1,1,1,1,1
15400000,1,Sep-71,1,1,397,223,299.03329,4,30,1,1,1,0,0,302,350,386,397,391,366,349,335,318,306,293,278,274,263,254,254,265,280,307,306,312,308,301,287,274,264,254,243,231,223,,1,1,1,1,1,1,1,1,1,1,1,1,1,1,1,1,1,1,1,1,1,1,1,1,1,1,1,1,1,1,
15400000,2,Sep-71,1,1,397,223,299.03329,4,30,1,1,1,0,0,302,350,386,397,391,366,349,335,318,306,293,278,274,263,254,254,265,280,307,306,312,308,301,287,274,264,254,243,231,223,,1,1,1,1,1,1,1,1,1,1,1,1,1,1,1,1,1,1,1,1,1,1,1,1,1,1,1,1,1,1,
15400000,1,Oct-71,1,1,549,216,438.5484,20,1,1,1,1,0,0,216,220,227,249,278,359,416,441,465,493,513,514,516,506,492,480,485,517,542,549,534,515,494,473,457,451,441,430,430,438,454,1,1,1,1,1,1,1,1,1,1,1,1,1,1,1,1,1,1,1,1,1,1,1,1,1,1,1,1,1,1,1
15400000,2,Oct-71,1,1,549,216,438.5484,20,1,1,1,1,0,0,216,220,227,249,278,359,416,441,465,493,513,514,516,506,492,480,485,517,542,549,534,515,494,473,457,451,441,430,430,438,454,1,1,1,1,1,1,1,1,1,1,1,1,1,1,1,1,1,1,1,1,1,1,1,1,1,1,1,1,1,1,1
15400000,1,Nov-71,1,1,619,449,581.53333,8,1,1,1,1,0,0,449,470,496,533,568,595,614,619,608,599,598,599,602,610,604,596,584,568,559,566,589,608,611,603,598,591,591,598,609,611,,1,1,1,1,1,1,1,1,1,1,1,1,1,1,1,1,1,1,1,1,1,1,1,1,1,1,1,1,1,1,
15400000,2,Nov-71,1,1,619,449,581.53333,8,1,1,1,1,0,0,449,470,496,533,568,595,614,619,608,599,598,599,602,610,604,596,584,568,559,566,589,608,611,603,598,591,591,598,609,611,,1,1,1,1,1,1,1,1,1,1,1,1,1,1,1,1,1,1,1,1,1,1,1,1,1,1,1,1,1,1,
15400000,1,Dec-71,1,1,1016,567,832.41937,29,2,1,1,1,0,0,610,567,591,671,700,717,725,729,747,796,829,850,853,865,876,879,872,855,841,846,863,873,886,910,927,935,965,1001,1016,1014,996,1,1,1,1,1,1,1,1,1,1,1,1,1,1,1,1,1,1,1,1,1,1,1,1,1,1,1,1,1,1,1
15400000,2,Dec-71,1,1,1016,610,835.6452,29,1,2,2,2,0,0,610,617,641,671,700,717,725,729,747,796,829,850,853,865,876,879,872,855,841,846,863,873,886,910,927,935,965,1001,1016,1014,996,1,2,2,1,1,1,1,1,1,1,1,1,1,1,1,1,1,1,1,1,1,1,1,1,1,1,1,1,1,1,1
15400000,1,Jan-72,1,1,1170,850,1021.0645,30,6,1,1,1,0,0,967,944,905,876,857,850,850,852,882,956,1025,1064,1084,1088,1084,1078,1065,1053,1041,1029,1015,1020,1032,1049,1078,1109,1136,1156,1168,1170,1170,1,1,1,1,1,1,1,1,1,1,1,1,1,1,1,1,1,1,1,1,1,1,1,1,1,1,1,1,1,1,1
15400000,2,Jan-72,1,1,1170,850,1021.0645,30,6,1,1,1,0,0,967,944,905,876,857,850,850,852,882,956,1025,1064,1084,1088,1084,1078,1065,1053,1041,1029,1015,1020,1032,1049,1078,1109,1136,1156,1168,1170,1170,1,1,1,1,1,1,1,1,1,1,1,1,1,1,1,1,1,1,1,1,1,1,1,1,1,1,1,1,1,1,1
15400000,1,Feb-72,1,1,1421,1160,1255.6207,29,2,1,1,1,0,0,1163,1160,1166,1175,1179,1180,1188,1207,1219,1221,1212,1197,1179,1166,1173,1198,1225,1251,1276,1299,1319,1334,1348,1363,1379,1393,1406,1416,1421,,,1,1,1,1,1,1,1,1,1,1,1,1,1,1,1,1,1,1,1,1,1,1,1,1,1,1,1,1,1,,
15400000,2,Feb-72,1,1,1421,1160,1255.6207,29,2,1,1,1,0,0,1163,1160,1166,1175,1179,1180,1188,1207,1219,1221,1212,1197,1179,1166,1173,1198,1225,1251,1276,1299,1319,1334,1348,1363,1379,1393,1406,1416,1421,,,1,1,1,1,1,1,1,1,1,1,1,1,1,1,1,1,1,1,1,1,1,1,1,1,1,1,1,1,1,,
15400000,1,Mar-72,1,1,1490,1398,1444.5806,26,14,1,1,1,0,0,1424,1440,1442,1443,1445,1442,1439,1434,1428,1425,1419,1409,1399,1398,1409,1421,1431,1443,1447,1453,1465,1472,1469,1482,1489,1490,1489,1475,1462,1450,1448,1,1,1,1,1,1,1,1,1,1,1,1,1,1,1,1,1,1,1,1,1,1,1,1,1,1,1,1,1,1,1
15400000,2,Mar-72,1,1,1490,1398,1444.5806,26,14,1,1,1,0,0,1424,1440,1442,1443,1445,1442,1439,1434,1428,1425,1419,1409,1399,1398,1409,1421,1431,1443,1447,1453,1465,1472,1469,1482,1489,1490,1489,1475,1462,1450,1448,1,1,1,1,1,1,1,1,1,1,1,1,1,1,1,1,1,1,1,1,1,1,1,1,1,1,1,1,1,1,1
15400000,1,Apr-72,1,1,1505,1270,1438.6333,13,30,1,1,1,0,0,1447,1457,1467,1473,1480,1479,1473,1466,1463,1488,1498,1500,1505,1488,1485,1479,1468,1461,1455,1445,1439,1432,1420,1405,1384,1367,1346,1322,1297,1270,,1,1,1,1,1,1,1,1,1,1,1,1,1,1,1,1,1,1,1,1,1,1,1,1,1,1,1,1,1,1,
15400000,2,Apr-72,1,1,1505,1270,1438.6333,13,30,1,1,1,0,0,1447,1457,1467,1473,1480,1479,1473,1466,1463,1488,1498,1500,1505,1488,1485,1479,1468,1461,1455,1445,1439,1432,1420,1405,1384,1367,1346,1322,1297,1270,,1,1,1,1,1,1,1,1,1,1,1,1,1,1,1,1,1,1,1,1,1,1,1,1,1,1,1,1,1,1,
15400000,1,May-72,1,1,1279,943,1123.2581,5,30,1,1,1,0,0,1251,1241,1255,1272,1279,1274,1255,1231,1205,1180,1163,1146,1132,1128,1129,1133,1131,1122,1130,1118,1096,1072,1050,1031,1017,999,976,962,945,943,955,1,1,1,1,1,1,1,1,1,1,1,1,1,1,1,1,1,1,1,1,1,1,1,1,1,1,1,1,1,1,1
15400000,2,May-72,1,1,1279,943,1123.2581,5,30,1,1,1,0,0,1251,1241,1255,1272,1279,1274,1255,1231,1205,1180,1163,1146,1132,1128,1129,1133,1131,1122,1130,1118,1096,1072,1050,1031,1017,999,976,962,945,943,955,1,1,1,1,1,1,1,1,1,1,1,1,1,1,1,1,1,1,1,1,1,1,1,1,1,1,1,1,1,1,1
15400000,1,Jun-72,1,1,984,800,900.06671,4,19,1,1,1,0,0,967,977,983,984,965,946,928,927,931,932,924,905,890,875,855,841,815,803,800,821,870,930,948,938,922,912,887,865,843,818,,1,1,1,1,1,1,1,1,1,1,1,1,1,1,1,1,1,1,1,1,1,1,1,1,1,1,1,1,1,1,
15400000,2,Jun-72,1,1,984,800,900.06671,4,19,1,1,1,0,0,967,977,983,984,965,946,928,927,931,932,924,905,890,875,855,841,815,803,800,821,870,930,948,938,922,912,887,865,843,818,,1,1,1,1,1,1,1,1,1,1,1,1,1,1,1,1,1,1,1,1,1,1,1,1,1,1,1,1,1,1,
15400000,1,Jul-72,1,1,784,478,569.87097,1,29,1,1,1,0,0,784,756,733,711,691,670,643,628,617,605,593,577,563,550,539,530,526,520,508,497,493,483,481,494,501,501,492,479,478,502,521,1,1,1,1,1,1,1,1,1,1,1,1,1,1,1,1,1,1,1,1,1,1,1,1,1,1,1,1,1,1,1
15400000,2,Jul-72,1,1,784,478,569.87097,1,29,1,1,1,0,0,784,756,733,711,691,670,643,628,617,605,593,577,563,550,539,530,526,520,508,497,493,483,481,494,501,501,492,479,478,502,521,1,1,1,1,1,1,1,1,1,1,1,1,1,1,1,1,1,1,1,1,1,1,1,1,1,1,1,1,1,1,1
15400000,1,Aug-72,1,1,657,377,502.51611,11,27,1,1,1,0,0,522,512,495,489,509,556,574,578,596,637,657,646,620,592,564,548,524,490,468,447,428,415,402,391,384,380,377,386,431,458,502,1,1,1,1,1,1,1,1,1,1,1,1,1,1,1,1,1,1,1,1,1,1,1,1,1,1,1,1,1,1,1
15400000,2,Aug-72,1,1,657,377,502.51611,11,27,1,1,1,0,0,522,512,495,489,509,556,574,578,596,637,657,646,620,592,564,548,524,490,468,447,428,415,402,391,384,380,377,386,431,458,502,1,1,1,1,1,1,1,1,1,1,1,1,1,1,1,1,1,1,1,1,1,1,1,1,1,1,1,1,1,1,1
15400000,1,Sep-72,1,1,771,490,616.8667,7,21,1,1,1,0,0,512,530,595,662,717,755,771,764,738,715,685,662,638,613,585,568,535,513,499,498,490,530,540,610,633,639,640,639,625,605,,1,1,1,1,1,1,1,1,1,1,1,1,1,1,1,1,1,1,1,1,1,1,1,1,1,1,1,1,1,1,
15400000,2,Sep-72,1,1,771,490,616.8667,7,21,1,1,1,0,0,512,530,595,662,717,755,771,764,738,715,685,662,638,613,585,568,535,513,499,498,490,530,540,610,633,639,640,639,625,605,,1,1,1,1,1,1,1,1,1,1,1,1,1,1,1,1,1,1,1,1,1,1,1,1,1,1,1,1,1,1,
15400000,1,Oct-72,1,1,765,521,645.70972,21,31,1,1,1,0,0,677,650,620,595,575,571,585,612,633,673,714,710,697,675,658,650,651,667,710,751,765,750,714,682,652,617,585,564,555,538,521,1,1,1,1,1,1,1,1,1,1,1,1,1,1,1,1,1,1,1,1,1,1,1,1,1,1,1,1,1,1,1
15400000,2,Oct-72,1,1,765,521,645.70972,21,31,1,1,1,0,0,677,650,620,595,575,571,585,612,633,673,714,710,697,675,658,650,651,667,710,751,765,750,714,682,652,617,585,564,555,538,521,1,1,1,1,1,1,1,1,1,1,1,1,1,1,1,1,1,1,1,1,1,1,1,1,1,1,1,1,1,1,1
15400000,1,Nov-72,1,1,938,480,600.26672,29,3,1,1,1,0,0,505,488,480,482,495,522,530,520,512,507,515,517,518,515,508,495,481,488,505,532,570,607,637,698,798,875,914,932,938,924,,1,1,1,1,1,1,1,1,1,1,1,1,1,1,1,1,1,1,1,1,1,1,1,1,1,1,1,1,1,1,
15400000,2,Nov-72,1,1,938,480,600.26672,29,3,1,1,1,0,0,505,488,480,482,495,522,530,520,512,507,515,517,518,515,508,495,481,488,505,532,570,607,637,698,798,875,914,932,938,924,,1,1,1,1,1,1,1,1,1,1,1,1,1,1,1,1,1,1,1,1,1,1,1,1,1,1,1,1,1,1,
15400000,1,Dec-72,1,1,1168,838,1015.4194,31,5,1,1,1,0,0,905,882,863,851,838,843,880,918,935,946,950,947,957,984,1002,1012,1024,1035,1055,1077,1096,1115,1135,1149,1153,1148,1146,1147,1155,1162,1168,1,1,1,1,1,1,1,1,1,1,1,1,1,1,1,1,1,1,1,1,1,1,1,1,1,1,1,1,1,1,1
15400000,2,Dec-72,1,1,1168,838,1015.4194,31,5,1,1,1,0,0,905,882,863,851,838,843,880,918,935,946,950,947,957,984,1002,1012,1024,1035,1055,1077,1096,1115,1135,1149,1153,1148,1146,1147,1155,1162,1168,1,1,1,1,1,1,1,1,1,1,1,1,1,1,1,1,1,1,1,1,1,1,1,1,1,1,1,1,1,1,1
15400000,1,Jan-73,1,1,1320,1068,1166.9677,31,9,1,1,1,0,0,1162,1153,1135,1118,1103,1088,1075,1069,1068,1085,1105,1123,1130,1124,1113,1106,1117,1132,1141,1155,1175,1209,1226,1242,1253,1265,1277,1292,1302,1313,1320,1,1,1,1,1,1,1,1,1,1,1,1,1,1,1,1,1,1,1,1,1,1,1,1,1,1,1,1,1,1,1
15400000,2,Jan-73,1,1,1320,1068,1166.9677,31,9,1,1,1,0,0,1162,1153,1135,1118,1103,1088,1075,1069,1068,1085,1105,1123,1130,1124,1113,1106,1117,1132,1141,1155,1175,1209,1226,1242,1253,1265,1277,1292,1302,1313,1320,1,1,1,1,1,1,1,1,1,1,1,1,1,1,1,1,1,1,1,1,1,1,1,1,1,1,1,1,1,1,1
15400000,1,Feb-73,1,1,1486,1326,1413.9644,28,1,1,1,1,0,0,1326,1339,1352,1362,1373,1375,1378,1385,1389,1392,1392,1393,1395,1402,1408,1422,1427,1431,1439,1448,1455,1460,1463,1465,1470,1479,1485,1486,,,,1,1,1,1,1,1,1,1,1,1,1,1,1,1,1,1,1,1,1,1,1,1,1,1,1,1,1,1,,,
15400000,2,Feb-73,1,1,1486,1326,1413.9644,28,1,1,1,1,0,0,1326,1339,1352,1362,1373,1375,1378,1385,1389,1392,1392,1393,1395,1402,1408,1422,1427,1431,1439,1448,1455,1460,1463,1465,1470,1479,1485,1486,,,,1,1,1,1,1,1,1,1,1,1,1,1,1,1,1,1,1,1,1,1,1,1,1,1,1,1,1,1,,,
15400000,1,Mar-73,1,1,1544,1492,1521.871,20,1,1,1,1,0,0,1492,1500,1500,1500,1503,1503,1504,1506,1503,1509,1515,1520,1521,1526,1526,1527,1530,1537,1542,1544,1541,1538,1538,1537,1537,1539,1540,1539,1529,1523,1509,1,1,1,1,1,1,1,1,1,1,1,1,1,1,1,1,1,1,1,1,1,1,1,1,1,1,1,1,1,1,1
15400000,2,Mar-73,1,1,1544,1492,1521.871,20,1,1,1,1,0,0,1492,1500,1500,1500,1503,1503,1504,1506,1503,1509,1515,1520,1521,1526,1526,1527,1530,1537,1542,1544,1541,1538,1538,1537,1537,1539,1540,1539,1529,1523,1509,1,1,1,1,1,1,1,1,1,1,1,1,1,1,1,1,1,1,1,1,1,1,1,1,1,1,1,1,1,1,1
15400000,1,Apr-73,1,1,1540,1380,1491.3667,15,30,1,1,1,0,0,1510,1510,1521,1524,1526,1516,1515,1510,1508,1508,1510,1518,1530,1534,1540,1539,1530,1525,1513,1500,1484,1469,1462,1455,1447,1437,1424,1408,1388,1380,,1,1,1,1,1,1,1,1,1,1,1,1,1,1,1,1,1,1,1,1,1,1,1,1,1,1,1,1,1,1,
15400000,2,Apr-73,1,1,1540,1380,1491.3667,15,30,1,1,1,0,0,1510,1510,1521,1524,1526,1516,1515,1510,1508,1508,1510,1518,1530,1534,1540,1539,1530,1525,1513,1500,1484,1469,1462,1455,1447,1437,1424,1408,1388,1380,,1,1,1,1,1,1,1,1,1,1,1,1,1,1,1,1,1,1,1,1,1,1,1,1,1,1,1,1,1,1,
15400000,1,May-73,1,1,1370,1139,1265.6774,1,31,1,1,1,0,0,1370,1361,1351,1350,1346,1335,1325,1322,1322,1324,1322,1312,1294,1272,1263,1267,1273,1284,1286,1270,1248,1231,1207,1192,1180,1168,1164,1160,1151,1147,1139,1,1,1,1,1,1,1,1,1,1,1,1,1,1,1,1,1,1,1,1,1,1,1,1,1,1,1,1,1,1,1
15400000,2,May-73,1,1,1370,1139,1265.6774,1,31,1,1,1,0,0,1370,1361,1351,1350,1346,1335,1325,1322,1322,1324,1322,1312,1294,1272,1263,1267,1273,1284,1286,1270,1248,1231,1207,1192,1180,1168,1164,1160,1151,1147,1139,1,1,1,1,1,1,1,1,1,1,1,1,1,1,1,1,1,1,1,1,1,1,1,1,1,1,1,1,1,1,1
15400000,1,Jun-73,1,1,1122,943,1052.9,1,30,1,1,1,0,0,1122,1105,1090,1092,1091,1087,1089,1094,1100,1103,1105,1100,1094,1084,1067,1054,1047,1042,1040,1042,1043,1035,1020,995,982,982,988,986,965,943,,1,1,1,1,1,1,1,1,1,1,1,1,1,1,1,1,1,1,1,1,1,1,1,1,1,1,1,1,1,1,
15400000,2,Jun-73,1,1,1122,943,1052.9,1,30,1,1,1,0,0,1122,1105,1090,1092,1091,1087,1089,1094,1100,1103,1105,1100,1094,1084,1067,1054,1047,1042,1040,1042,1043,1035,1020,995,982,982,988,986,965,943,,1,1,1,1,1,1,1,1,1,1,1,1,1,1,1,1,1,1,1,1,1,1,1,1,1,1,1,1,1,1,
15400000,1,Jul-73,1,1,920,645,766.12903,1,31,1,1,1,0,0,920,905,887,874,862,849,843,839,833,826,821,807,795,774,752,739,734,730,726,714,702,684,682,692,700,698,694,687,676,660,645,1,1,1,1,1,1,1,1,1,1,1,1,1,1,1,1,1,1,1,1,1,1,1,1,1,1,1,1,1,1,1
15400000,2,Jul-73,1,1,920,645,766.12903,1,31,1,1,1,0,0,920,905,887,874,862,849,843,839,833,826,821,807,795,774,752,739,734,730,726,714,702,684,682,692,700,698,694,687,676,660,645,1,1,1,1,1,1,1,1,1,1,1,1,1,1,1,1,1,1,1,1,1,1,1,1,1,1,1,1,1,1,1
15400000,1,Aug-73,1,1,634,487,570.5484,1,31,1,1,1,0,0,634,624,611,605,587,572,558,556,571,594,612,616,608,595,577,570,555,558,577,589,595,587,574,563,548,533,519,510,504,498,487,1,1,1,1,1,1,1,1,1,1,1,1,1,1,1,1,1,1,1,1,1,1,1,1,1,1,1,1,1,1,1
15400000,2,Aug-73,1,1,634,487,570.5484,1,31,1,1,1,0,0,634,624,611,605,587,572,558,556,571,594,612,616,608,595,577,570,555,558,577,589,595,587,574,563,548,533,519,510,504,498,487,1,1,1,1,1,1,1,1,1,1,1,1,1,1,1,1,1,1,1,1,1,1,1,1,1,1,1,1,1,1,1
15400000,1,Sep-73,1,1,565,381,454.46671,6,26,1,1,1,0,0,477,472,485,535,562,565,550,529,511,496,483,468,456,446,440,440,443,445,441,431,417,407,397,391,386,381,381,389,398,412,,1,1,1,1,1,1,1,1,1,1,1,1,1,1,1,1,1,1,1,1,1,1,1,1,1,1,1,1,1,1,
15400000,2,Sep-73,1,1,565,381,454.46671,6,26,1,1,1,0,0,477,472,485,535,562,565,550,529,511,496,483,468,456,446,440,440,443,445,441,431,417,407,397,391,386,381,381,389,398,412,,1,1,1,1,1,1,1,1,1,1,1,1,1,1,1,1,1,1,1,1,1,1,1,1,1,1,1,1,1,1,
15400000,1,Oct-73,1,1,578,387,459.48389,27,8,1,1,1,0,0,422,428,421,403,397,391,388,387,387,392,401,405,401,397,393,395,404,409,436,464,499,531,558,572,577,576,578,576,564,553,539,1,1,1,1,1,1,1,1,1,1,1,1,1,1,1,1,1,1,1,1,1,1,1,1,1,1,1,1,1,1,1
15400000,2,Oct-73,1,1,578,387,459.48389,27,8,1,1,1,0,0,422,428,421,403,397,391,388,387,387,392,401,405,401,397,393,395,404,409,436,464,499,531,558,572,577,576,578,576,564,553,539,1,1,1,1,1,1,1,1,1,1,1,1,1,1,1,1,1,1,1,1,1,1,1,1,1,1,1,1,1,1,1
15400000,1,Nov-73,1,1,863,544,745.26672,30,1,1,1,1,0,0,544,567,577,570,557,549,550,595,665,727,780,816,820,818,819,818,818,819,824,832,837,833,820,809,808,816,825,838,844,863,,1,1,1,1,1,1,1,1,1,1,1,1,1,1,1,1,1,1,1,1,1,1,1,1,1,1,1,1,1,1,
15400000,2,Nov-73,1,1,863,544,745.26672,30,1,1,1,1,0,0,544,567,577,570,557,549,550,595,665,727,780,816,820,818,819,818,818,819,824,832,837,833,820,809,808,816,825,838,844,863,,1,1,1,1,1,1,1,1,1,1,1,1,1,1,1,1,1,1,1,1,1,1,1,1,1,1,1,1,1,1,
15400000,1,Dec-73,1,1,1183,934,1045,31,1,1,1,1,0,0,934,982,1010,1025,1024,1016,995,983,974,972,970,971,981,1034,1061,1067,1058,1048,1040,1038,1049,1048,1047,1052,1086,1115,1138,1157,1165,1172,1183,1,1,1,1,1,1,1,1,1,1,1,1,1,1,1,1,1,1,1,1,1,1,1,1,1,1,1,1,1,1,1
15400000,2,Dec-73,1,1,1183,934,1045,31,1,1,1,1,0,0,934,982,1010,1025,1024,1016,995,983,974,972,970,971,981,1034,1061,1067,1058,1048,1040,1038,1049,1048,1047,1052,1086,1115,1138,1157,1165,1172,1183,1,1,1,1,1,1,1,1,1,1,1,1,1,1,1,1,1,1,1,1,1,1,1,1,1,1,1,1,1,1,1
15400000,1,Jan-74,1,1,1397,1198,1310.6451,25,1,1,1,1,0,0,1198,1208,1230,1250,1270,1286,1282,1268,1260,1255,1252,1251,1259,1272,1282,1291,1300,1305,1314,1347,1360,1367,1381,1390,1397,1394,1394,1393,1393,1392,1389,1,1,1,1,1,1,1,1,1,1,1,1,1,1,1,1,1,1,1,1,1,1,1,1,1,1,1,1,1,1,1
15400000,2,Jan-74,1,1,1397,1198,1310.6451,25,1,1,1,1,0,0,1198,1208,1230,1250,1270,1286,1282,1268,1260,1255,1252,1251,1259,1272,1282,1291,1300,1305,1314,1347,1360,1367,1381,1390,1397,1394,1394,1393,1393,1392,1389,1,1,1,1,1,1,1,1,1,1,1,1,1,1,1,1,1,1,1,1,1,1,1,1,1,1,1,1,1,1,1
15400000,1,Feb-74,1,1,1569,1382,1461.6429,28,2,1,1,1,0,0,1385,1382,1389,1394,1396,1397,1399,1403,1406,1405,1407,1420,1432,1447,1460,1475,1482,1492,1505,1520,1521,1525,1528,1531,1542,1552,1562,1569,,,,1,1,1,1,1,1,1,1,1,1,1,1,1,1,1,1,1,1,1,1,1,1,1,1,1,1,1,1,,,
15400000,2,Feb-74,1,1,1569,1382,1461.6429,28,2,1,1,1,0,0,1385,1382,1389,1394,1396,1397,1399,1403,1406,1405,1407,1420,1432,1447,1460,1475,1482,1492,1505,1520,1521,1525,1528,1531,1542,1552,1562,1569,,,,1,1,1,1,1,1,1,1,1,1,1,1,1,1,1,1,1,1,1,1,1,1,1,1,1,1,1,1,,,
15400000,1,Mar-74,1,1,1650,1554,1615.0323,18,31,1,1,1,0,0,1577,1585,1590,1594,1602,1609,1610,1614,1613,1621,1628,1629,1629,1633,1639,1641,1649,1650,1650,1646,1637,1631,1629,1624,1620,1614,1606,1594,1581,1567,1554,1,1,1,1,1,1,1,1,1,1,1,1,1,1,1,1,1,1,1,1,1,1,1,1,1,1,1,1,1,1,1
15400000,2,Mar-74,1,1,1650,1554,1615.0323,18,31,1,1,1,0,0,1577,1585,1590,1594,1602,1609,1610,1614,1613,1621,1628,1629,1629,1633,1639,1641,1649,1650,1650,1646,1637,1631,1629,1624,1620,1614,1606,1594,1581,1567,1554,1,1,1,1,1,1,1,1,1,1,1,1,1,1,1,1,1,1,1,1,1,1,1,1,1,1,1,1,1,1,1
15400000,1,Apr-74,1,1,1538,1449,1502.2333,1,7,1,1,1,0,0,1538,1521,1504,1485,1465,1452,1449,1462,1478,1497,1507,1521,1524,1521,1520,1521,1523,1525,1535,1531,1530,1520,1506,1497,1490,1489,1490,1489,1488,1489,,1,1,1,1,1,1,1,1,1,1,1,1,1,1,1,1,1,1,1,1,1,1,1,1,1,1,1,1,1,1,
15400000,2,Apr-74,1,1,1538,1449,1502.2333,1,7,1,1,1,0,0,1538,1521,1504,1485,1465,1452,1449,1462,1478,1497,1507,1521,1524,1521,1520,1521,1523,1525,1535,1531,1530,1520,1506,1497,1490,1489,1490,1489,1488,1489,,1,1,1,1,1,1,1,1,1,1,1,1,1,1,1,1,1,1,1,1,1,1,1,1,1,1,1,1,1,1,
15400000,1,May-74,1,1,1509,1178,1331.9032,2,31,1,1,1,0,0,1501,1509,1503,1488,1476,1449,1427,1416,1408,1402,1385,1357,1344,1334,1325,1316,1311,1308,1296,1279,1274,1265,1251,1237,1227,1219,1213,1207,1197,1187,1178,1,1,1,1,1,1,1,1,1,1,1,1,1,1,1,1,1,1,1,1,1,1,1,1,1,1,1,1,1,1,1
15400000,2,May-74,1,1,1509,1178,1331.9032,2,31,1,1,1,0,0,1501,1509,1503,1488,1476,1449,1427,1416,1408,1402,1385,1357,1344,1334,1325,1316,1311,1308,1296,1279,1274,1265,1251,1237,1227,1219,1213,1207,1197,1187,1178,1,1,1,1,1,1,1,1,1,1,1,1,1,1,1,1,1,1,1,1,1,1,1,1,1,1,1,1,1,1,1
15400000,1,Jun-74,1,1,1168,879,1048.2667,1,29,1,1,1,0,0,1168,1163,1160,1158,1149,1136,1116,1100,1102,1119,1125,1115,1088,1076,1060,1055,1050,1050,1047,1036,1017,1005,981,960,933,916,905,887,879,892,,1,1,1,1,1,1,1,1,1,1,1,1,1,1,1,1,1,1,1,1,1,1,1,1,1,1,1,1,1,1,
15400000,2,Jun-74,1,1,1168,879,1048.2667,1,29,1,1,1,0,0,1168,1163,1160,1158,1149,1136,1116,1100,1102,1119,1125,1115,1088,1076,1060,1055,1050,1050,1047,1036,1017,1005,981,960,933,916,905,887,879,892,,1,1,1,1,1,1,1,1,1,1,1,1,1,1,1,1,1,1,1,1,1,1,1,1,1,1,1,1,1,1,
15400000,1,Jul-74,1,1,909,645,755.38708,2,23,1,1,1,0,0,907,909,894,879,862,843,828,814,800,794,796,812,808,797,781,763,746,727,711,686,667,655,645,650,659,667,674,669,666,658,650,1,1,1,1,1,1,1,1,1,1,1,1,1,1,1,1,1,1,1,1,1,1,1,1,1,1,1,1,1,1,1
15400000,2,Jul-74,1,1,909,645,755.38708,2,23,1,1,1,0,0,907,909,894,879,862,843,828,814,800,794,796,812,808,797,781,763,746,727,711,686,667,655,645,650,659,667,674,669,666,658,650,1,1,1,1,1,1,1,1,1,1,1,1,1,1,1,1,1,1,1,1,1,1,1,1,1,1,1,1,1,1,1
15400000,1,Aug-74,1,1,649,466,537.19348,1,23,1,1,1,0,0,649,644,627,618,608,595,579,565,551,537,525,520,525,539,538,529,518,509,503,492,481,470,466,473,494,514,526,528,522,513,495,1,1,1,1,1,1,1,1,1,1,1,1,1,1,1,1,1,1,1,1,1,1,1,1,1,1,1,1,1,1,1
15400000,2,Aug-74,1,1,649,466,537.19348,1,23,1,1,1,0,0,649,644,627,618,608,595,579,565,551,537,525,520,525,539,538,529,518,509,503,492,481,470,466,473,494,514,526,528,522,513,495,1,1,1,1,1,1,1,1,1,1,1,1,1,1,1,1,1,1,1,1,1,1,1,1,1,1,1,1,1,1,1
15400000,1,Sep-74,1,1,487,324,403.66669,1,30,1,1,1,0,0,487,478,466,457,451,446,443,442,438,433,426,422,418,412,409,408,406,399,397,393,383,373,361,354,346,340,337,333,328,324,,1,1,1,1,1,1,1,1,1,1,1,1,1,1,1,1,1,1,1,1,1,1,1,1,1,1,1,1,1,1,
15400000,2,Sep-74,1,1,487,324,403.66669,1,30,1,1,1,0,0,487,478,466,457,451,446,443,442,438,433,426,422,418,412,409,408,406,399,397,393,383,373,361,354,346,340,337,333,328,324,,1,1,1,1,1,1,1,1,1,1,1,1,1,1,1,1,1,1,1,1,1,1,1,1,1,1,1,1,1,1,
15400000,1,Oct-74,1,1,590,308,437.61292,31,4,1,1,1,0,0,317,312,310,308,308,323,344,362,368,366,363,360,367,394,444,468,472,460,447,436,453,482,511,532,552,581,586,586,583,581,590,1,1,1,1,1,1,1,1,1,1,1,1,1,1,1,1,1,1,1,1,1,1,1,1,1,1,1,1,1,1,1
15400000,2,Oct-74,1,1,590,308,437.61292,31,4,1,1,1,0,0,317,312,310,308,308,323,344,362,368,366,363,360,367,394,444,468,472,460,447,436,453,482,511,532,552,581,586,586,583,581,590,1,1,1,1,1,1,1,1,1,1,1,1,1,1,1,1,1,1,1,1,1,1,1,1,1,1,1,1,1,1,1
15400000,1,Nov-74,1,1,830,620,712.46667,20,29,1,1,1,0,0,633,681,708,719,741,759,760,749,732,724,711,686,665,658,663,693,723,761,783,830,815,791,762,735,705,672,646,628,620,621,,1,1,1,1,1,1,1,1,1,1,1,1,1,1,1,1,1,1,1,1,1,1,1,1,1,1,1,1,1,1,
15400000,2,Nov-74,1,1,830,620,712.46667,20,29,1,1,1,0,0,633,681,708,719,741,759,760,749,732,724,711,686,665,658,663,693,723,761,783,830,815,791,762,735,705,672,646,628,620,621,,1,1,1,1,1,1,1,1,1,1,1,1,1,1,1,1,1,1,1,1,1,1,1,1,1,1,1,1,1,1,
15400000,1,Dec-74,1,1,1007,629,837.74188,31,1,1,1,1,0,0,629,638,655,675,704,739,837,881,897,879,869,856,847,830,798,787,779,772,769,799,846,861,866,912,937,955,968,986,993,999,1007,1,1,1,1,1,1,1,1,1,1,1,1,1,1,1,1,1,1,1,1,1,1,1,1,1,1,1,1,1,1,1
15400000,2,Dec-74,1,1,1007,629,837.74188,31,1,1,1,1,0,0,629,638,655,675,704,739,837,881,897,879,869,856,847,830,798,787,779,772,769,799,846,861,866,912,937,955,968,986,993,999,1007,1,1,1,1,1,1,1,1,1,1,1,1,1,1,1,1,1,1,1,1,1,1,1,1,1,1,1,1,1,1,1
15400000,1,Jan-75,1,1,1320,1001,1131.7419,31,1,1,1,1,0,0,1001,1008,1016,1031,1054,1078,1099,1107,1095,1083,1061,1047,1038,1033,1053,1080,1115,1151,1169,1181,1201,1207,1199,1198,1199,1207,1223,1251,1282,1297,1320,1,1,1,1,1,1,1,1,1,1,1,1,1,1,1,1,1,1,1,1,1,1,1,1,1,1,1,1,1,1,1
15400000,2,Jan-75,1,1,1320,1001,1131.7419,31,1,1,1,1,0,0,1001,1008,1016,1031,1054,1078,1099,1107,1095,1083,1061,1047,1038,1033,1053,1080,1115,1151,1169,1181,1201,1207,1199,1198,1199,1207,1223,1251,1282,1297,1320,1,1,1,1,1,1,1,1,1,1,1,1,1,1,1,1,1,1,1,1,1,1,1,1,1,1,1,1,1,1,1
15400000,1,Feb-75,1,1,1499,1332,1401.4644,28,1,1,1,1,0,0,1332,1347,1348,1347,1354,1367,1376,1377,1378,1377,1377,1378,1381,1387,1391,1398,1408,1413,1419,1427,1429,1433,1438,1448,1458,1469,1485,1499,,,,1,1,1,1,1,1,1,1,1,1,1,1,1,1,1,1,1,1,1,1,1,1,1,1,1,1,1,1,,,
15400000,2,Feb-75,1,1,1499,1332,1401.4644,28,1,1,1,1,0,0,1332,1347,1348,1347,1354,1367,1376,1377,1378,1377,1377,1378,1381,1387,1391,1398,1408,1413,1419,1427,1429,1433,1438,1448,1458,1469,1485,1499,,,,1,1,1,1,1,1,1,1,1,1,1,1,1,1,1,1,1,1,1,1,1,1,1,1,1,1,1,1,,,
15400000,1,Mar-75,1,1,1540,1507,1525.3871,17,1,1,1,1,0,0,1507,1517,1519,1520,1521,1519,1518,1514,1511,1513,1515,1518,1522,1529,1532,1537,1540,1540,1540,1539,1537,1533,1534,1539,1532,1528,1530,1528,1526,1519,1510,1,1,1,1,1,1,1,1,1,1,1,1,1,1,1,1,1,1,1,1,1,1,1,1,1,1,1,1,1,1,1
15400000,2,Mar-75,1,1,1540,1507,1525.3871,17,1,1,1,1,0,0,1507,1517,1519,1520,1521,1519,1518,1514,1511,1513,1515,1518,1522,1529,1532,1537,1540,1540,1540,1539,1537,1533,1534,1539,1532,1528,1530,1528,1526,1519,1510,1,1,1,1,1,1,1,1,1,1,1,1,1,1,1,1,1,1,1,1,1,1,1,1,1,1,1,1,1,1,1
15400000,1,Apr-75,1,1,1540,1317,1469.5667,11,30,1,1,1,0,0,1519,1521,1527,1527,1525,1523,1524,1529,1536,1539,1540,1534,1516,1504,1493,1486,1477,1474,1470,1465,1457,1445,1426,1414,1395,1376,1357,1344,1327,1317,,1,1,1,1,1,1,1,1,1,1,1,1,1,1,1,1,1,1,1,1,1,1,1,1,1,1,1,1,1,1,
15400000,2,Apr-75,1,1,1540,1317,1469.5667,11,30,1,1,1,0,0,1519,1521,1527,1527,1525,1523,1524,1529,1536,1539,1540,1534,1516,1504,1493,1486,1477,1474,1470,1465,1457,1445,1426,1414,1395,1376,1357,1344,1327,1317,,1,1,1,1,1,1,1,1,1,1,1,1,1,1,1,1,1,1,1,1,1,1,1,1,1,1,1,1,1,1,
15400000,1,May-75,1,1,1318,1096,1234.3549,8,31,1,1,1,0,0,1310,1316,1311,1309,1307,1305,1312,1318,1313,1307,1295,1276,1265,1251,1238,1232,1227,1223,1217,1209,1202,1200,1196,1187,1177,1167,1148,1130,1115,1106,1096,1,1,1,1,1,1,1,1,1,1,1,1,1,1,1,1,1,1,1,1,1,1,1,1,1,1,1,1,1,1,1
15400000,2,May-75,1,1,1318,1096,1234.3549,8,31,1,1,1,0,0,1310,1316,1311,1309,1307,1305,1312,1318,1313,1307,1295,1276,1265,1251,1238,1232,1227,1223,1217,1209,1202,1200,1196,1187,1177,1167,1148,1130,1115,1106,1096,1,1,1,1,1,1,1,1,1,1,1,1,1,1,1,1,1,1,1,1,1,1,1,1,1,1,1,1,1,1,1
15400000,1,Jun-75,1,1,1078,810,969.03333,1,28,1,1,1,0,0,1078,1066,1055,1048,1049,1049,1055,1054,1061,1069,1069,1059,1037,1021,1007,993,974,954,938,923,906,897,886,871,855,837,823,810,810,817,,1,1,1,1,1,1,1,1,1,1,1,1,1,1,1,1,1,1,1,1,1,1,1,1,1,1,1,1,1,1,
15400000,2,Jun-75,1,1,1078,810,969.03333,1,28,1,1,1,0,0,1078,1066,1055,1048,1049,1049,1055,1054,1061,1069,1069,1059,1037,1021,1007,993,974,954,938,923,906,897,886,871,855,837,823,810,810,817,,1,1,1,1,1,1,1,1,1,1,1,1,1,1,1,1,1,1,1,1,1,1,1,1,1,1,1,1,1,1,
15400000,1,Jul-75,1,1,911,702,818.22583,8,31,1,1,1,0,0,822,833,852,869,882,892,909,911,905,890,869,844,825,813,795,779,764,761,788,808,816,803,792,812,811,804,784,764,742,724,702,1,1,1,1,1,1,1,1,1,1,1,1,1,1,1,1,1,1,1,1,1,1,1,1,1,1,1,1,1,1,1
15400000,2,Jul-75,1,1,911,702,818.22583,8,31,1,1,1,0,0,822,833,852,869,882,892,909,911,905,890,869,844,825,813,795,779,764,761,788,808,816,803,792,812,811,804,784,764,742,724,702,1,1,1,1,1,1,1,1,1,1,1,1,1,1,1,1,1,1,1,1,1,1,1,1,1,1,1,1,1,1,1
15400000,1,Aug-75,1,1,684,420,523.83868,1,31,1,1,1,0,0,684,665,654,636,625,611,595,583,569,555,544,525,515,504,489,484,480,499,506,507,494,483,476,468,459,457,449,443,435,425,420,1,1,1,1,1,1,1,1,1,1,1,1,1,1,1,1,1,1,1,1,1,1,1,1,1,1,1,1,1,1,1
15400000,2,Aug-75,1,1,684,420,523.83868,1,31,1,1,1,0,0,684,665,654,636,625,611,595,583,569,555,544,525,515,504,489,484,480,499,506,507,494,483,476,468,459,457,449,443,435,425,420,1,1,1,1,1,1,1,1,1,1,1,1,1,1,1,1,1,1,1,1,1,1,1,1,1,1,1,1,1,1,1
15400000,1,Sep-75,1,1,480,340,405.79999,25,17,1,1,1,0,0,419,420,420,425,421,419,415,407,397,387,379,375,368,360,354,346,340,347,345,366,395,422,440,464,480,479,467,454,438,425,,1,1,1,1,1,1,1,1,1,1,1,1,1,1,1,1,1,1,1,1,1,1,1,1,1,1,1,1,1,1,
15400000,2,Sep-75,1,1,480,340,405.79999,25,17,1,1,1,0,0,419,420,420,425,421,419,415,407,397,387,379,375,368,360,354,346,340,347,345,366,395,422,440,464,480,479,467,454,438,425,,1,1,1,1,1,1,1,1,1,1,1,1,1,1,1,1,1,1,1,1,1,1,1,1,1,1,1,1,1,1,
15400000,1,Oct-75,1,1,649,419,572,5,1,1,1,1,0,0,419,439,514,605,649,649,638,627,619,608,597,585,575,566,560,555,549,547,547,549,550,551,565,582,597,588,585,585,588,581,563,1,1,1,1,1,1,1,1,1,1,1,1,1,1,1,1,1,1,1,1,1,1,1,1,1,1,1,1,1,1,1
15400000,2,Oct-75,1,1,649,419,572,5,1,1,1,1,0,0,419,439,514,605,649,649,638,627,619,608,597,585,575,566,560,555,549,547,547,549,550,551,565,582,597,588,585,585,588,581,563,1,1,1,1,1,1,1,1,1,1,1,1,1,1,1,1,1,1,1,1,1,1,1,1,1,1,1,1,1,1,1
15400000,1,Nov-75,1,1,793,438,609,30,8,1,1,1,0,0,546,529,492,475,459,448,445,438,440,464,509,564,593,609,614,605,598,609,657,708,720,721,720,721,732,750,761,771,779,793,,1,1,1,1,1,1,1,1,1,1,1,1,1,1,1,1,1,1,1,1,1,1,1,1,1,1,1,1,1,1,
15400000,2,Nov-75,1,1,793,438,609,30,8,1,1,1,0,0,546,529,492,475,459,448,445,438,440,464,509,564,593,609,614,605,598,609,657,708,720,721,720,721,732,750,761,771,779,793,,1,1,1,1,1,1,1,1,1,1,1,1,1,1,1,1,1,1,1,1,1,1,1,1,1,1,1,1,1,1,
15400000,1,Dec-75,1,1,1077,864,1005.1613,31,1,1,1,1,0,0,864,940,975,998,1033,1061,1067,1045,1024,1007,979,963,950,950,957,978,1002,1022,1027,1023,1018,1010,1004,997,998,1014,1030,1037,1047,1063,1077,1,1,1,1,1,1,1,1,1,1,1,1,1,1,1,1,1,1,1,1,1,1,1,1,1,1,1,1,1,1,1
15400000,2,Dec-75,1,1,1077,864,1005.1613,31,1,1,1,1,0,0,864,940,975,998,1033,1061,1067,1045,1024,1007,979,963,950,950,957,978,1002,1022,1027,1023,1018,1010,1004,997,998,1014,1030,1037,1047,1063,1077,1,1,1,1,1,1,1,1,1,1,1,1,1,1,1,1,1,1,1,1,1,1,1,1,1,1,1,1,1,1,1
15400000,1,Jan-76,1,1,1420,1082,1291.129,31,1,1,1,1,0,0,1082,1089,1092,1104,1126,1155,1198,1236,1258,1268,1270,1289,1300,1301,1308,1312,1318,1329,1332,1343,1356,1368,1379,1386,1388,1393,1399,1399,1408,1419,1420,1,1,1,1,1,1,1,1,1,1,1,1,1,1,1,1,1,1,1,1,1,1,1,1,1,1,1,1,1,1,1
15400000,2,Jan-76,1,1,1420,1082,1291.129,31,1,1,1,1,0,0,1082,1089,1092,1104,1126,1155,1198,1236,1258,1268,1270,1289,1300,1301,1308,1312,1318,1329,1332,1343,1356,1368,1379,1386,1388,1393,1399,1399,1408,1419,1420,1,1,1,1,1,1,1,1,1,1,1,1,1,1,1,1,1,1,1,1,1,1,1,1,1,1,1,1,1,1,1
15400000,1,Feb-76,1,1,1570,1427,1499.931,27,1,1,1,1,0,0,1427,1436,1438,1446,1447,1449,1459,1466,1476,1477,1480,1488,1488,1495,1499,1500,1501,1510,1515,1521,1528,1531,1541,1549,1558,1563,1570,1570,1570,,,1,1,1,1,1,1,1,1,1,1,1,1,1,1,1,1,1,1,1,1,1,1,1,1,1,1,1,1,1,,
15400000,2,Feb-76,1,1,1570,1427,1499.931,27,1,1,1,1,0,0,1427,1436,1438,1446,1447,1449,1459,1466,1476,1477,1480,1488,1488,1495,1499,1500,1501,1510,1515,1521,1528,1531,1541,1549,1558,1563,1570,1570,1570,,,1,1,1,1,1,1,1,1,1,1,1,1,1,1,1,1,1,1,1,1,1,1,1,1,1,1,1,1,1,,
15400000,1,Mar-76,1,1,1598,1525,1565.6774,18,8,1,1,1,0,0,1569,1570,1564,1550,1548,1538,1532,1525,1526,1541,1552,1563,1573,1580,1588,1590,1596,1598,1598,1596,1587,1582,1575,1564,1552,1547,1553,1559,1568,1572,1580,1,1,1,1,1,1,1,1,1,1,1,1,1,1,1,1,1,1,1,1,1,1,1,1,1,1,1,1,1,1,1
15400000,2,Mar-76,1,1,1598,1525,1565.6774,18,8,1,1,1,0,0,1569,1570,1564,1550,1548,1538,1532,1525,1526,1541,1552,1563,1573,1580,1588,1590,1596,1598,1598,1596,1587,1582,1575,1564,1552,1547,1553,1559,1568,1572,1580,1,1,1,1,1,1,1,1,1,1,1,1,1,1,1,1,1,1,1,1,1,1,1,1,1,1,1,1,1,1,1
15400000,1,Apr-76,1,1,1587,1389,1495.1333,1,30,1,1,1,0,0,1587,1587,1583,1573,1561,1546,1534,1523,1514,1509,1505,1499,1493,1488,1488,1488,1505,1518,1517,1506,1496,1476,1464,1448,1435,1418,1409,1401,1394,1389,,1,1,1,1,1,1,1,1,1,1,1,1,1,1,1,1,1,1,1,1,1,1,1,1,1,1,1,1,1,1,
15400000,2,Apr-76,1,1,1587,1389,1495.1333,1,30,1,1,1,0,0,1587,1587,1583,1573,1561,1546,1534,1523,1514,1509,1505,1499,1493,1488,1488,1488,1505,1518,1517,1506,1496,1476,1464,1448,1435,1418,1409,1401,1394,1389,,1,1,1,1,1,1,1,1,1,1,1,1,1,1,1,1,1,1,1,1,1,1,1,1,1,1,1,1,1,1,
15400000,1,May-76,1,1,1379,1222,1294.2903,1,22,1,1,1,0,0,1379,1377,1365,1353,1342,1333,1328,1328,1329,1325,1315,1305,1294,1281,1287,1296,1299,1286,1270,1251,1234,1222,1227,1240,1254,1270,1286,1288,1275,1254,1230,1,1,1,1,1,1,1,1,1,1,1,1,1,1,1,1,1,1,1,1,1,1,1,1,1,1,1,1,1,1,1
15400000,2,May-76,1,1,1379,1222,1294.2903,1,22,1,1,1,0,0,1379,1377,1365,1353,1342,1333,1328,1328,1329,1325,1315,1305,1294,1281,1287,1296,1299,1286,1270,1251,1234,1222,1227,1240,1254,1270,1286,1288,1275,1254,1230,1,1,1,1,1,1,1,1,1,1,1,1,1,1,1,1,1,1,1,1,1,1,1,1,1,1,1,1,1,1,1
15400000,1,Jun-76,1,1,1202,799,1007.2,1,30,1,1,1,0,0,1202,1178,1159,1137,1134,1135,1133,1124,1110,1098,1085,1065,1053,1043,1033,1022,1004,985,965,945,931,912,895,875,863,849,839,828,815,799,,1,1,1,1,1,1,1,1,1,1,1,1,1,1,1,1,1,1,1,1,1,1,1,1,1,1,1,1,1,1,
15400000,2,Jun-76,1,1,1202,799,1007.2,1,30,1,1,1,0,0,1202,1178,1159,1137,1134,1135,1133,1124,1110,1098,1085,1065,1053,1043,1033,1022,1004,985,965,945,931,912,895,875,863,849,839,828,815,799,,1,1,1,1,1,1,1,1,1,1,1,1,1,1,1,1,1,1,1,1,1,1,1,1,1,1,1,1,1,1,
15400000,1,Jul-76,1,1,800,499,661.3548,5,31,1,1,1,0,0,788,780,783,795,800,798,792,778,764,745,727,712,695,679,664,648,638,631,623,619,613,597,584,573,558,545,535,524,513,502,499,1,1,1,1,1,1,1,1,1,1,1,1,1,1,1,1,1,1,1,1,1,1,1,1,1,1,1,1,1,1,1
15400000,2,Jul-76,1,1,800,499,661.3548,5,31,1,1,1,0,0,788,780,783,795,800,798,792,778,764,745,727,712,695,679,664,648,638,631,623,619,613,597,584,573,558,545,535,524,513,502,499,1,1,1,1,1,1,1,1,1,1,1,1,1,1,1,1,1,1,1,1,1,1,1,1,1,1,1,1,1,1,1
15400000,1,Aug-76,1,1,497,405,434.38708,1,13,1,1,1,0,0,497,492,479,468,461,455,444,434,425,416,408,406,405,409,422,431,434,427,419,416,411,417,421,431,438,440,439,436,431,428,426,1,1,1,1,1,1,1,1,1,1,1,1,1,1,1,1,1,1,1,1,1,1,1,1,1,1,1,1,1,1,1
15400000,2,Aug-76,1,1,497,405,434.38708,1,13,1,1,1,0,0,497,492,479,468,461,455,444,434,425,416,408,406,405,409,422,431,434,427,419,416,411,417,421,431,438,440,439,436,431,428,426,1,1,1,1,1,1,1,1,1,1,1,1,1,1,1,1,1,1,1,1,1,1,1,1,1,1,1,1,1,1,1
15400000,1,Sep-76,1,1,439,328,377.8667,26,15,1,1,1,0,0,421,416,408,399,394,389,385,377,372,366,359,352,338,329,328,329,331,335,338,336,335,349,386,415,434,439,428,420,416,412,,1,1,1,1,1,1,1,1,1,1,1,1,1,1,1,1,1,1,1,1,1,1,1,1,1,1,1,1,1,1,
15400000,2,Sep-76,1,1,439,328,377.8667,26,15,1,1,1,0,0,421,416,408,399,394,389,385,377,372,366,359,352,338,329,328,329,331,335,338,336,335,349,386,415,434,439,428,420,416,412,,1,1,1,1,1,1,1,1,1,1,1,1,1,1,1,1,1,1,1,1,1,1,1,1,1,1,1,1,1,1,
15400000,1,Oct-76,1,1,439,364,400.51611,29,25,1,1,1,0,0,409,406,400,400,405,407,404,400,399,407,424,436,434,424,410,398,387,378,370,369,369,368,367,365,364,374,405,429,439,438,431,1,1,1,1,1,1,1,1,1,1,1,1,1,1,1,1,1,1,1,1,1,1,1,1,1,1,1,1,1,1,1
15400000,2,Oct-76,1,1,439,364,400.51611,29,25,1,1,1,0,0,409,406,400,400,405,407,404,400,399,407,424,436,434,424,410,398,387,378,370,369,369,368,367,365,364,374,405,429,439,438,431,1,1,1,1,1,1,1,1,1,1,1,1,1,1,1,1,1,1,1,1,1,1,1,1,1,1,1,1,1,1,1
15400000,1,Nov-76,1,1,728,426,596.16669,26,2,1,1,1,0,0,427,426,426,436,463,492,509,518,547,593,627,648,663,678,679,667,653,637,623,607,598,589,594,626,696,728,722,699,669,645,,1,1,1,1,1,1,1,1,1,1,1,1,1,1,1,1,1,1,1,1,1,1,1,1,1,1,1,1,1,1,
15400000,2,Nov-76,1,1,728,426,596.16669,26,2,1,1,1,0,0,427,426,426,436,463,492,509,518,547,593,627,648,663,678,679,667,653,637,623,607,598,589,594,626,696,728,722,699,669,645,,1,1,1,1,1,1,1,1,1,1,1,1,1,1,1,1,1,1,1,1,1,1,1,1,1,1,1,1,1,1,
15400000,1,Dec-76,1,1,982,620,801.74188,31,2,1,1,1,0,0,628,620,640,677,707,734,744,741,732,717,706,699,696,687,688,712,772,817,852,865,889,912,930,942,950,950,958,962,969,976,982,1,1,1,1,1,1,1,1,1,1,1,1,1,1,1,1,1,1,1,1,1,1,1,1,1,1,1,1,1,1,1
15400000,2,Dec-76,1,1,982,620,801.74188,31,2,1,1,1,0,0,628,620,640,677,707,734,744,741,732,717,706,699,696,687,688,712,772,817,852,865,889,912,930,942,950,950,958,962,969,976,982,1,1,1,1,1,1,1,1,1,1,1,1,1,1,1,1,1,1,1,1,1,1,1,1,1,1,1,1,1,1,1
15400000,1,Jan-77,1,1,1316,992,1239.9355,31,1,1,1,1,0,0,992,1014,1067,1117,1145,1171,1196,1206,1219,1243,1254,1272,1281,1290,1288,1285,1277,1266,1261,1270,1283,1297,1305,1307,1302,1297,1296,1302,1309,1310,1316,1,1,1,1,1,1,1,1,1,1,1,1,1,1,1,1,1,1,1,1,1,1,1,1,1,1,1,1,1,1,1
15400000,2,Jan-77,1,1,1316,992,1239.9355,31,1,1,1,1,0,0,992,1014,1067,1117,1145,1171,1196,1206,1219,1243,1254,1272,1281,1290,1288,1285,1277,1266,1261,1270,1283,1297,1305,1307,1302,1297,1296,1302,1309,1310,1316,1,1,1,1,1,1,1,1,1,1,1,1,1,1,1,1,1,1,1,1,1,1,1,1,1,1,1,1,1,1,1
15400000,1,Feb-77,1,1,1479,1273,1354.25,28,7,1,1,1,0,0,1318,1316,1307,1299,1287,1278,1273,1281,1289,1300,1312,1321,1327,1329,1330,1339,1349,1369,1378,1391,1402,1412,1422,1432,1444,1462,1473,1479,,,,1,1,1,1,1,1,1,1,1,1,1,1,1,1,1,1,1,1,1,1,1,1,1,1,1,1,1,1,,,
15400000,2,Feb-77,1,1,1451,1273,1343,28,7,2,2,2,0,0,1318,1316,1307,1299,1287,1278,1273,1281,1289,1300,1312,1321,1327,1329,1330,1339,1349,1369,1378,1382,1389,1359,1373,1385,1403,1422,1438,1451,,,,1,1,1,1,1,1,1,1,1,1,1,1,1,1,1,1,1,1,1,2,2,2,2,2,2,2,2,2,,,
15400000,1,Mar-77,1,1,1623,1487,1582.6129,13,1,1,1,1,0,0,1487,1499,1508,1520,1532,1553,1572,1585,1600,1609,1617,1620,1623,1622,1620,1620,1619,1616,1608,1600,1599,1596,1594,1589,1582,1576,1571,1577,1577,1584,1586,1,1,1,1,1,1,1,1,1,1,1,1,1,1,1,1,1,1,1,1,1,1,1,1,1,1,1,1,1,1,1
15400000,2,Mar-77,1,1,1651,1463,1602.7097,19,1,2,2,2,0,0,1463,1473,1492,1513,1530,1546,1563,1582,1603,1618,1624,1629,1633,1636,1639,1642,1645,1647,1651,1645,1640,1637,1633,1630,1624,1619,1622,1624,1625,1627,1629,2,2,2,2,2,2,2,2,2,2,2,2,2,2,2,2,2,2,2,2,2,2,2,2,2,2,2,2,2,2,2
15400000,1,Apr-77,1,1,1589,1376,1502.9333,1,24,1,1,1,0,0,1589,1588,1586,1583,1581,1580,1583,1583,1584,1582,1579,1571,1554,1535,1515,1497,1476,1464,1444,1423,1406,1394,1383,1376,1392,1422,1444,1460,1459,1455,,1,1,1,1,1,1,1,1,1,1,1,1,1,1,1,1,1,1,1,1,1,1,1,1,1,1,1,1,1,1,
15400000,2,Apr-77,1,1,1681,1416,1535.5667,8,24,2,2,2,0,0,1632,1632,1629,1676,1673,1675,1679,1681,1680,1673,1658,1638,1578,1498,1454,1427,1476,1464,1455,1445,1437,1429,1420,1416,1417,1422,1429,1460,1459,1455,,2,2,2,2,2,2,2,2,2,2,2,2,2,2,2,2,1,1,2,2,2,2,2,2,2,1,2,1,1,1,
15400000,1,May-77,1,1,1444,1170,1343.0645,9,31,1,1,1,0,0,1443,1435,1429,1427,1427,1429,1432,1433,1444,1441,1431,1415,1399,1384,1370,1365,1366,1362,1347,1327,1307,1286,1270,1255,1240,1226,1212,1198,1187,1178,1170,1,1,1,1,1,1,1,1,1,1,1,1,1,1,1,1,1,1,1,1,1,1,1,1,1,1,1,1,1,1,1
15400000,2,May-77,1,1,1444,1170,1343.0645,9,31,1,1,1,0,0,1443,1435,1429,1427,1427,1429,1432,1433,1444,1441,1431,1415,1399,1384,1370,1365,1366,1362,1347,1327,1307,1286,1270,1255,1240,1226,1212,1198,1187,1178,1170,1,1,1,1,1,1,1,1,1,1,1,1,1,1,1,1,1,1,1,1,1,1,1,1,1,1,1,1,1,1,1
15400000,1,Jun-77,1,1,1161,939,1052.7333,1,27,1,1,1,0,0,1161,1151,1147,1140,1130,1124,1118,1111,1107,1098,1096,1085,1076,1068,1057,1050,1044,1037,1040,1039,1031,1016,997,982,964,947,939,939,946,942,,1,1,1,1,1,1,1,1,1,1,1,1,1,1,1,1,1,1,1,1,1,1,1,1,1,1,1,1,1,1,
15400000,2,Jun-77,1,1,1161,939,1052.7333,1,27,1,1,1,0,0,1161,1151,1147,1140,1130,1124,1118,1111,1107,1098,1096,1085,1076,1068,1057,1050,1044,1037,1040,1039,1031,1016,997,982,964,947,939,939,946,942,,1,1,1,1,1,1,1,1,1,1,1,1,1,1,1,1,1,1,1,1,1,1,1,1,1,1,1,1,1,1,
15400000,1,Jul-77,1,1,925,643,783.38708,1,31,1,1,1,0,0,925,905,883,867,857,835,818,805,792,778,774,783,789,800,824,841,848,844,818,793,766,744,727,716,708,701,694,681,668,658,643,1,1,1,1,1,1,1,1,1,1,1,1,1,1,1,1,1,1,1,1,1,1,1,1,1,1,1,1,1,1,1
15400000,2,Jul-77,1,1,925,643,783.38708,1,31,1,1,1,0,0,925,905,883,867,857,835,818,805,792,778,774,783,789,800,824,841,848,844,818,793,766,744,727,716,708,701,694,681,668,658,643,1,1,1,1,1,1,1,1,1,1,1,1,1,1,1,1,1,1,1,1,1,1,1,1,1,1,1,1,1,1,1
15400000,1,Aug-77,1,1,651,479,567.5484,11,31,1,1,1,0,0,628,617,609,598,587,573,559,560,587,629,651,644,623,605,584,571,565,559,555,549,544,540,541,542,537,528,519,512,504,495,479,1,1,1,1,1,1,1,1,1,1,1,1,1,1,1,1,1,1,1,1,1,1,1,1,1,1,1,1,1,1,1
15400000,2,Aug-77,1,1,651,479,567.5484,11,31,1,1,1,0,0,628,617,609,598,587,573,559,560,587,629,651,644,623,605,584,571,565,559,555,549,544,540,541,542,537,528,519,512,504,495,479,1,1,1,1,1,1,1,1,1,1,1,1,1,1,1,1,1,1,1,1,1,1,1,1,1,1,1,1,1,1,1
15400000,1,Sep-77,1,1,525,440,468.73331,13,29,1,1,1,0,0,468,458,453,449,445,448,456,460,471,493,513,522,525,516,507,497,485,474,462,451,449,450,457,460,459,455,450,445,440,444,,1,1,1,1,1,1,1,1,1,1,1,1,1,1,1,1,1,1,1,1,1,1,1,1,1,1,1,1,1,1,
15400000,2,Sep-77,1,1,525,440,468.73331,13,29,1,1,1,0,0,468,458,453,449,445,448,456,460,471,493,513,522,525,516,507,497,485,474,462,451,449,450,457,460,459,455,450,445,440,444,,1,1,1,1,1,1,1,1,1,1,1,1,1,1,1,1,1,1,1,1,1,1,1,1,1,1,1,1,1,1,
15400000,1,Oct-77,1,1,643,448,564.32257,9,1,1,1,1,0,0,448,457,468,484,497,505,552,613,643,643,631,612,591,572,552,539,536,531,544,563,577,577,570,568,570,604,618,621,614,601,593,1,1,1,1,1,1,1,1,1,1,1,1,1,1,1,1,1,1,1,1,1,1,1,1,1,1,1,1,1,1,1
15400000,2,Oct-77,1,1,643,448,564.32257,9,1,1,1,1,0,0,448,457,468,484,497,505,552,613,643,643,631,612,591,572,552,539,536,531,544,563,577,577,570,568,570,604,618,621,614,601,593,1,1,1,1,1,1,1,1,1,1,1,1,1,1,1,1,1,1,1,1,1,1,1,1,1,1,1,1,1,1,1
15400000,1,Nov-77,1,1,1026,581,803.33331,24,1,1,1,1,0,0,581,589,609,634,646,645,640,630,626,619,619,638,688,726,757,781,812,863,919,973,1000,1012,1019,1026,1021,1014,1006,1003,1006,998,,1,1,1,1,1,1,1,1,1,1,1,1,1,1,1,1,1,1,1,1,1,1,1,1,1,1,1,1,1,1,
15400000,2,Nov-77,1,1,1026,581,803.33331,24,1,1,1,1,0,0,581,589,609,634,646,645,640,630,626,619,619,638,688,726,757,781,812,863,919,973,1000,1012,1019,1026,1021,1014,1006,1003,1006,998,,1,1,1,1,1,1,1,1,1,1,1,1,1,1,1,1,1,1,1,1,1,1,1,1,1,1,1,1,1,1,
15400000,1,Dec-77,1,1,1151,969,1060.7097,31,3,1,1,1,0,0,987,973,969,975,1000,1009,998,984,978,990,1015,1046,1067,1084,1098,1088,1080,1083,1097,1122,1142,1145,1133,1114,1102,1093,1085,1080,1085,1109,1151,1,1,1,1,1,1,1,1,1,1,1,1,1,1,1,1,1,1,1,1,1,1,1,1,1,1,1,1,1,1,1
15400000,2,Dec-77,1,1,1151,969,1060.7097,31,3,1,1,1,0,0,987,973,969,975,1000,1009,998,984,978,990,1015,1046,1067,1084,1098,1088,1080,1083,1097,1122,1142,1145,1133,1114,1102,1093,1085,1080,1085,1109,1151,1,1,1,1,1,1,1,1,1,1,1,1,1,1,1,1,1,1,1,1,1,1,1,1,1,1,1,1,1,1,1
15400000,1,Jan-78,1,1,1385,1187,1298.2258,31,1,1,1,1,0,0,1187,1205,1237,1254,1268,1266,1267,1268,1269,1258,1247,1241,1241,1250,1273,1290,1312,1322,1333,1344,1352,1358,1353,1346,1337,1342,1348,1355,1363,1374,1385,1,1,1,1,1,1,1,1,1,1,1,1,1,1,1,1,1,1,1,1,1,1,1,1,1,1,1,1,1,1,1
15400000,2,Jan-78,1,1,1385,1187,1298.2258,31,1,1,1,1,0,0,1187,1205,1237,1254,1268,1266,1267,1268,1269,1258,1247,1241,1241,1250,1273,1290,1312,1322,1333,1344,1352,1358,1353,1346,1337,1342,1348,1355,1363,1374,1385,1,1,1,1,1,1,1,1,1,1,1,1,1,1,1,1,1,1,1,1,1,1,1,1,1,1,1,1,1,1,1
15400000,1,Feb-78,1,1,1493,1393,1448.8571,28,1,1,1,1,0,0,1393,1404,1411,1416,1424,1430,1439,1449,1447,1449,1456,1455,1459,1460,1461,1465,1466,1466,1461,1459,1457,1451,1448,1447,1452,1469,1481,1493,,,,1,1,1,1,1,1,1,1,1,1,1,1,1,1,1,1,1,1,1,1,1,1,1,1,1,1,1,1,,,
15400000,2,Feb-78,1,1,1652,1393,1496.5356,28,1,2,2,2,0,0,1393,1404,1413,1434,1467,1486,1493,1483,1477,1478,1491,1503,1516,1508,1504,1500,1493,1485,1472,1460,1468,1488,1516,1546,1567,1589,1617,1652,,,,1,1,2,2,2,2,2,2,2,2,2,2,2,2,2,2,2,2,2,2,2,2,2,2,2,2,2,2,,,
15400000,1,Mar-78,1,1,1611,1499,1585.2903,13,1,1,1,1,0,0,1499,1522,1529,1539,1549,1563,1574,1587,1599,1606,1609,1610,1611,1610,1606,1600,1598,1590,1587,1598,1595,1595,1596,1596,1597,1597,1598,1600,1599,1594,1591,1,1,1,1,1,1,1,1,1,1,1,1,1,1,1,1,1,1,1,1,1,1,1,1,1,1,1,1,1,1,1
15400000,2,Mar-78,1,1,1739,1672,1706.2258,10,1,2,2,2,0,0,1672,1679,1685,1695,1708,1718,1720,1731,1738,1739,1736,1733,1729,1721,1715,1709,1703,1694,1689,1688,1688,1691,1694,1696,1697,1698,1700,1703,1710,1711,1703,2,2,2,2,2,2,2,2,2,2,2,2,2,2,2,2,2,2,2,2,2,2,2,2,2,2,2,2,2,2,2
15400000,1,Apr-78,1,1,1584,1376,1464.4333,1,21,1,1,1,0,0,1584,1575,1568,1559,1550,1549,1550,1552,1546,1534,1515,1495,1466,1444,1425,1415,1410,1404,1394,1380,1376,1387,1388,1400,1403,1410,1415,1416,1415,1408,,1,1,1,1,1,1,1,1,1,1,1,1,1,1,1,1,1,1,1,1,1,1,1,1,1,1,1,1,1,1,
15400000,2,Apr-78,1,1,1688,1376,1474.3,1,21,2,2,2,0,0,1688,1675,1624,1576,1564,1555,1549,1552,1546,1534,1515,1495,1466,1444,1425,1415,1410,1404,1394,1380,1376,1387,1388,1400,1403,1410,1415,1416,1415,1408,,2,2,2,2,2,2,2,1,1,1,1,1,1,1,1,1,1,1,1,1,1,1,1,1,1,1,1,1,1,1,
15400000,1,May-78,1,1,1398,1140,1245.0323,1,25,1,1,1,0,0,1398,1385,1372,1355,1343,1328,1320,1319,1311,1295,1280,1272,1270,1273,1269,1258,1235,1225,1209,1191,1173,1159,1153,1149,1140,1144,1155,1160,1158,1150,1147,1,1,1,1,1,1,1,1,1,1,1,1,1,1,1,1,1,1,1,1,1,1,1,1,1,1,1,1,1,1,1
15400000,2,May-78,1,1,1398,1140,1245.0323,1,25,1,1,1,0,0,1398,1385,1372,1355,1343,1328,1320,1319,1311,1295,1280,1272,1270,1273,1269,1258,1235,1225,1209,1191,1173,1159,1153,1149,1140,1144,1155,1160,1158,1150,1147,1,1,1,1,1,1,1,1,1,1,1,1,1,1,1,1,1,1,1,1,1,1,1,1,1,1,1,1,1,1,1
15400000,1,Jun-78,1,1,1142,881,1002.8333,1,30,1,1,1,0,0,1142,1125,1120,1115,1112,1127,1136,1137,1124,1097,1074,1049,1028,1005,985,969,955,941,929,914,895,882,901,921,927,917,904,889,884,881,,1,1,1,1,1,1,1,1,1,1,1,1,1,1,1,1,1,1,1,1,1,1,1,1,1,1,1,1,1,1,
15400000,2,Jun-78,1,1,1142,881,1002.8333,1,30,1,1,1,0,0,1142,1125,1120,1115,1112,1127,1136,1137,1124,1097,1074,1049,1028,1005,985,969,955,941,929,914,895,882,901,921,927,917,904,889,884,881,,1,1,1,1,1,1,1,1,1,1,1,1,1,1,1,1,1,1,1,1,1,1,1,1,1,1,1,1,1,1,
15400000,1,Jul-78,1,1,887,645,805.3548,2,31,1,1,1,0,0,885,887,883,873,863,862,874,885,882,868,853,847,842,838,833,825,813,807,802,795,778,763,753,748,750,748,727,703,678,656,645,1,1,1,1,1,1,1,1,1,1,1,1,1,1,1,1,1,1,1,1,1,1,1,1,1,1,1,1,1,1,1
15400000,2,Jul-78,1,1,887,645,805.3548,2,31,1,1,1,0,0,885,887,883,873,863,862,874,885,882,868,853,847,842,838,833,825,813,807,802,795,778,763,753,748,750,748,727,703,678,656,645,1,1,1,1,1,1,1,1,1,1,1,1,1,1,1,1,1,1,1,1,1,1,1,1,1,1,1,1,1,1,1
15400000,1,Aug-78,1,1,640,354,470.61292,1,31,1,1,1,0,0,640,635,624,604,583,567,552,546,537,527,514,500,484,472,456,445,435,424,420,415,410,405,398,392,389,384,379,374,365,359,354,1,1,1,1,1,1,1,1,1,1,1,1,1,1,1,1,1,1,1,1,1,1,1,1,1,1,1,1,1,1,1
15400000,2,Aug-78,1,1,640,354,470.61292,1,31,1,1,1,0,0,640,635,624,604,583,567,552,546,537,527,514,500,484,472,456,445,435,424,420,415,410,405,398,392,389,384,379,374,365,359,354,1,1,1,1,1,1,1,1,1,1,1,1,1,1,1,1,1,1,1,1,1,1,1,1,1,1,1,1,1,1,1
15400000,1,Sep-78,1,1,347,292,319.46671,1,12,1,1,1,0,0,347,341,337,330,325,320,314,309,302,298,294,292,296,307,321,327,329,327,320,314,313,310,309,310,317,325,333,339,339,339,,1,1,1,1,1,1,1,1,1,1,1,1,1,1,1,1,1,1,1,1,1,1,1,1,1,1,1,1,1,1,
15400000,2,Sep-78,1,1,347,292,319.46671,1,12,1,1,1,0,0,347,341,337,330,325,320,314,309,302,298,294,292,296,307,321,327,329,327,320,314,313,310,309,310,317,325,333,339,339,339,,1,1,1,1,1,1,1,1,1,1,1,1,1,1,1,1,1,1,1,1,1,1,1,1,1,1,1,1,1,1,
15400000,1,Oct-78,1,1,509,332,381.3548,31,20,1,1,1,0,0,341,345,352,358,362,368,378,391,411,411,404,391,381,369,361,354,349,342,335,332,339,343,349,354,370,403,423,441,463,493,509,1,1,1,1,1,1,1,1,1,1,1,1,1,1,1,1,1,1,1,1,1,1,1,1,1,1,1,1,1,1,1
15400000,2,Oct-78,1,1,509,332,381.3548,31,20,1,1,1,0,0,341,345,352,358,362,368,378,391,411,411,404,391,381,369,361,354,349,342,335,332,339,343,349,354,370,403,423,441,463,493,509,1,1,1,1,1,1,1,1,1,1,1,1,1,1,1,1,1,1,1,1,1,1,1,1,1,1,1,1,1,1,1
15400000,1,Nov-78,1,1,654,516,601.23328,30,1,1,1,1,0,0,516,529,544,561,579,594,599,598,601,609,615,618,634,651,653,644,627,616,608,605,608,607,605,600,595,589,583,578,617,654,,1,1,1,1,1,1,1,1,1,1,1,1,1,1,1,1,1,1,1,1,1,1,1,1,1,1,1,1,1,1,
15400000,2,Nov-78,1,1,654,516,601.23328,30,1,1,1,1,0,0,516,529,544,561,579,594,599,598,601,609,615,618,634,651,653,644,627,616,608,605,608,607,605,600,595,589,583,578,617,654,,1,1,1,1,1,1,1,1,1,1,1,1,1,1,1,1,1,1,1,1,1,1,1,1,1,1,1,1,1,1,
15400000,1,Dec-78,1,1,1283,722,1088.2903,31,1,1,1,1,0,0,722,737,753,794,870,919,937,941,948,984,1016,1021,1033,1067,1156,1226,1239,1240,1221,1213,1218,1230,1239,1247,1253,1247,1242,1240,1243,1258,1283,1,1,1,1,1,1,1,1,1,1,1,1,1,1,1,1,1,1,1,1,1,1,1,1,1,1,1,1,1,1,1
15400000,2,Dec-78,1,1,1283,722,1088.2903,31,1,1,1,1,0,0,722,737,753,794,870,919,937,941,948,984,1016,1021,1033,1067,1156,1226,1239,1240,1221,1213,1218,1230,1239,1247,1253,1247,1242,1240,1243,1258,1283,1,1,1,1,1,1,1,1,1,1,1,1,1,1,1,1,1,1,1,1,1,1,1,1,1,1,1,1,1,1,1
15400000,1,Jan-79,1,1,1406,1302,1379.4839,23,1,1,1,1,0,0,1302,1316,1326,1331,1341,1353,1363,1373,1380,1380,1381,1386,1394,1396,1398,1396,1388,1382,1381,1386,1393,1399,1406,1404,1400,1398,1396,1400,1405,1406,1404,1,1,1,1,1,1,1,1,1,1,1,1,1,1,1,1,1,1,1,1,1,1,1,1,1,1,1,1,1,1,1
15400000,2,Jan-79,1,1,1406,1302,1379.4839,23,1,1,1,1,0,0,1302,1316,1326,1331,1341,1353,1363,1373,1380,1380,1381,1386,1394,1396,1398,1396,1388,1382,1381,1386,1393,1399,1406,1404,1400,1398,1396,1400,1405,1406,1404,1,1,1,1,1,1,1,1,1,1,1,1,1,1,1,1,1,1,1,1,1,1,1,1,1,1,1,1,1,1,1
15400000,1,Feb-79,1,1,1530,1409,1506.3214,23,1,1,1,1,0,0,1409,1423,1442,1457,1472,1487,1498,1503,1511,1519,1525,1527,1526,1525,1526,1525,1525,1527,1527,1528,1529,1529,1530,1529,1527,1524,1517,1510,,,,1,1,1,1,1,1,1,1,1,1,1,1,1,1,1,1,1,1,1,1,1,1,1,1,1,1,1,1,,,
15400000,2,Feb-79,1,1,1602,1409,1533.5356,11,1,2,2,2,0,0,1409,1423,1438,1461,1481,1500,1523,1548,1574,1597,1602,1594,1577,1566,1553,1541,1543,1559,1576,1593,1583,1556,1535,1529,1527,1524,1517,1510,,,,1,1,2,2,2,2,2,2,2,2,2,2,2,2,2,2,2,2,2,2,2,2,2,1,1,1,1,1,,,
15400000,1,Mar-79,1,1,1640,1472,1545.9677,31,7,1,1,1,0,0,1509,1503,1495,1486,1478,1474,1472,1476,1482,1488,1490,1495,1501,1507,1518,1532,1547,1561,1571,1578,1585,1591,1598,1604,1611,1615,1621,1628,1633,1636,1640,1,1,1,1,1,1,1,1,1,1,1,1,1,1,1,1,1,1,1,1,1,1,1,1,1,1,1,1,1,1,1
15400000,2,Mar-79,1,1,1677,1472,1567.2903,28,7,2,2,2,0,0,1509,1503,1495,1486,1478,1474,1472,1476,1482,1488,1490,1495,1501,1507,1518,1532,1554,1582,1616,1628,1637,1645,1652,1659,1666,1672,1676,1677,1677,1672,1667,1,1,1,1,1,1,1,1,1,1,1,1,1,1,1,1,2,2,2,2,2,2,2,2,2,2,2,2,2,2,2
15400000,1,Apr-79,1,1,1648,1554,1606.6,2,22,1,1,1,0,0,1644,1648,1648,1644,1641,1643,1643,1640,1636,1632,1632,1631,1628,1622,1614,1603,1585,1574,1568,1559,1555,1554,1555,1557,1568,1582,1593,1598,1600,1601,,1,1,1,1,1,1,1,1,1,1,1,1,1,1,1,1,1,1,1,1,1,1,1,1,1,1,1,1,1,1,
15400000,2,Apr-79,1,1,1666,1520,1621.4667,11,21,2,2,2,0,0,1664,1660,1655,1650,1646,1647,1651,1657,1662,1665,1666,1663,1658,1648,1639,1626,1605,1561,1541,1528,1520,1522,1542,1575,1610,1626,1634,1642,1645,1636,,2,2,2,2,2,2,2,2,2,2,2,2,2,2,2,2,2,2,2,2,2,2,2,2,2,2,2,2,2,2,
15400000,1,May-79,1,1,1594,1361,1459.4517,1,28,1,1,1,0,0,1594,1580,1563,1544,1526,1512,1507,1508,1510,1513,1515,1513,1498,1490,1476,1464,1452,1441,1428,1420,1413,1408,1398,1388,1381,1369,1365,1361,1368,1372,1366,1,1,1,1,1,1,1,1,1,1,1,1,1,1,1,1,1,1,1,1,1,1,1,1,1,1,1,1,1,1,1
15400000,2,May-79,1,1,1619,1361,1459.3871,1,28,2,2,2,0,0,1619,1553,1563,1544,1526,1512,1507,1508,1510,1513,1515,1513,1498,1490,1476,1464,1452,1441,1428,1420,1413,1408,1398,1388,1381,1369,1365,1361,1368,1372,1366,2,2,1,1,1,1,1,1,1,1,1,1,1,1,1,1,1,1,1,1,1,1,1,1,1,1,1,1,1,1,1
15400000,1,Jun-79,1,1,1352,926,1129.7,1,30,1,1,1,0,0,1352,1329,1308,1285,1270,1254,1240,1225,1209,1193,1181,1167,1154,1141,1129,1118,1109,1103,1090,1075,1061,1048,1037,1023,1005,987,972,956,944,926,,1,1,1,1,1,1,1,1,1,1,1,1,1,1,1,1,1,1,1,1,1,1,1,1,1,1,1,1,1,1,
15400000,2,Jun-79,1,1,1352,926,1129.7,1,30,1,1,1,0,0,1352,1329,1308,1285,1270,1254,1240,1225,1209,1193,1181,1167,1154,1141,1129,1118,1109,1103,1090,1075,1061,1048,1037,1023,1005,987,972,956,944,926,,1,1,1,1,1,1,1,1,1,1,1,1,1,1,1,1,1,1,1,1,1,1,1,1,1,1,1,1,1,1,
15400000,1,Jul-79,1,1,911,649,766.61292,1,31,1,1,1,0,0,911,898,886,873,862,849,835,819,808,795,784,782,788,792,787,775,762,756,749,745,731,715,702,689,682,679,672,667,665,658,649,1,1,1,1,1,1,1,1,1,1,1,1,1,1,1,1,1,1,1,1,1,1,1,1,1,1,1,1,1,1,1
15400000,2,Jul-79,1,1,911,649,766.61292,1,31,1,1,1,0,0,911,898,886,873,862,849,835,819,808,795,784,782,788,792,787,775,762,756,749,745,731,715,702,689,682,679,672,667,665,658,649,1,1,1,1,1,1,1,1,1,1,1,1,1,1,1,1,1,1,1,1,1,1,1,1,1,1,1,1,1,1,1
15400000,1,Aug-79,1,1,635,438,502.3548,1,31,1,1,1,0,0,635,620,608,595,581,567,554,541,531,519,508,499,492,484,478,467,461,455,447,441,442,452,464,473,487,487,479,466,455,447,438,1,1,1,1,1,1,1,1,1,1,1,1,1,1,1,1,1,1,1,1,1,1,1,1,1,1,1,1,1,1,1
15400000,2,Aug-79,1,1,635,438,502.3548,1,31,1,1,1,0,0,635,620,608,595,581,567,554,541,531,519,508,499,492,484,478,467,461,455,447,441,442,452,464,473,487,487,479,466,455,447,438,1,1,1,1,1,1,1,1,1,1,1,1,1,1,1,1,1,1,1,1,1,1,1,1,1,1,1,1,1,1,1
15400000,1,Sep-79,1,1,570,361,422.46671,26,21,1,1,1,0,0,430,426,420,417,410,409,406,403,391,383,377,372,372,377,382,407,408,389,379,369,361,364,395,497,558,570,535,512,488,467,,1,1,1,1,1,1,1,1,1,1,1,1,1,1,1,1,1,1,1,1,1,1,1,1,1,1,1,1,1,1,
15400000,2,Sep-79,1,1,570,361,422.46671,26,21,1,1,1,0,0,430,426,420,417,410,409,406,403,391,383,377,372,372,377,382,407,408,389,379,369,361,364,395,497,558,570,535,512,488,467,,1,1,1,1,1,1,1,1,1,1,1,1,1,1,1,1,1,1,1,1,1,1,1,1,1,1,1,1,1,1,
15400000,1,Oct-79,1,1,489,387,432.83871,26,8,1,1,1,0,0,450,438,424,412,404,395,390,387,389,404,429,440,440,439,439,439,439,438,436,431,429,429,438,460,479,489,478,464,447,430,412,1,1,1,1,1,1,1,1,1,1,1,1,1,1,1,1,1,1,1,1,1,1,1,1,1,1,1,1,1,1,1
15400000,2,Oct-79,1,1,489,387,432.83871,26,8,1,1,1,0,0,450,438,424,412,404,395,390,387,389,404,429,440,440,439,439,439,439,438,436,431,429,429,438,460,479,489,478,464,447,430,412,1,1,1,1,1,1,1,1,1,1,1,1,1,1,1,1,1,1,1,1,1,1,1,1,1,1,1,1,1,1,1
15400000,1,Nov-79,1,1,697,380,519,24,5,1,1,1,0,0,398,390,387,384,380,380,380,383,397,411,435,452,458,447,448,486,540,586,609,624,640,677,695,697,694,672,652,638,624,606,,1,1,1,1,1,1,1,1,1,1,1,1,1,1,1,1,1,1,1,1,1,1,1,1,1,1,1,1,1,1,
15400000,2,Nov-79,1,1,697,380,519,24,5,1,1,1,0,0,398,390,387,384,380,380,380,383,397,411,435,452,458,447,448,486,540,586,609,624,640,677,695,697,694,672,652,638,624,606,,1,1,1,1,1,1,1,1,1,1,1,1,1,1,1,1,1,1,1,1,1,1,1,1,1,1,1,1,1,1,
15400000,1,Dec-79,1,1,956,601,732.38708,31,1,1,1,1,0,0,601,609,640,703,709,698,676,657,638,628,632,656,664,648,633,623,603,606,636,747,809,837,844,848,850,863,883,911,941,955,956,1,1,1,1,1,1,1,1,1,1,1,1,1,1,1,1,1,1,1,1,1,1,1,1,1,1,1,1,1,1,1
15400000,2,Dec-79,1,1,956,601,732.38708,31,1,1,1,1,0,0,601,609,640,703,709,698,676,657,638,628,632,656,664,648,633,623,603,606,636,747,809,837,844,848,850,863,883,911,941,955,956,1,1,1,1,1,1,1,1,1,1,1,1,1,1,1,1,1,1,1,1,1,1,1,1,1,1,1,1,1,1,1
15400000,1,Jan-80,1,1,1226,978,1093.7419,31,1,1,1,1,0,0,978,981,992,999,1003,1012,1009,1003,987,991,1029,1052,1071,1100,1144,1169,1182,1187,1178,1159,1142,1126,1116,1109,1109,1120,1145,1177,1198,1212,1226,1,1,1,1,1,1,1,1,1,1,1,1,1,1,1,1,1,1,1,1,1,1,1,1,1,1,1,1,1,1,1
15400000,2,Jan-80,1,1,1226,978,1093.7419,31,1,1,1,1,0,0,978,981,992,999,1003,1012,1009,1003,987,991,1029,1052,1071,1100,1144,1169,1182,1187,1178,1159,1142,1126,1116,1109,1109,1120,1145,1177,1198,1212,1226,1,1,1,1,1,1,1,1,1,1,1,1,1,1,1,1,1,1,1,1,1,1,1,1,1,1,1,1,1,1,1
15400000,1,Feb-80,1,1,1387,1241,1281.5172,29,11,1,1,1,0,0,1244,1263,1274,1283,1294,1283,1276,1266,1254,1246,1241,1250,1254,1255,1256,1257,1259,1261,1276,1285,1282,1280,1280,1288,1303,1336,1359,1372,1387,,,1,1,1,1,1,1,1,1,1,1,1,1,1,1,1,1,1,1,1,1,1,1,1,1,1,1,1,1,1,,
15400000,2,Feb-80,1,1,1387,1241,1281.5172,29,11,1,1,1,0,0,1244,1263,1274,1283,1294,1283,1276,1266,1254,1246,1241,1250,1254,1255,1256,1257,1259,1261,1276,1285,1282,1280,1280,1288,1303,1336,1359,1372,1387,,,1,1,1,1,1,1,1,1,1,1,1,1,1,1,1,1,1,1,1,1,1,1,1,1,1,1,1,1,1,,
15400000,1,Mar-80,1,1,1521,1397,1477.7097,31,1,1,1,1,0,0,1397,1405,1411,1415,1416,1421,1429,1448,1455,1463,1469,1471,1476,1480,1485,1492,1497,1501,1506,1509,1510,1509,1510,1511,1514,1517,1518,1517,1517,1519,1521,1,1,1,1,1,1,1,1,1,1,1,1,1,1,1,1,1,1,1,1,1,1,1,1,1,1,1,1,1,1,1
15400000,2,Mar-80,1,1,1521,1397,1477.7097,31,1,1,1,1,0,0,1397,1405,1411,1415,1416,1421,1429,1448,1455,1463,1469,1471,1476,1480,1485,1492,1497,1501,1506,1509,1510,1509,1510,1511,1514,1517,1518,1517,1517,1519,1521,1,1,1,1,1,1,1,1,1,1,1,1,1,1,1,1,1,1,1,1,1,1,1,1,1,1,1,1,1,1,1
15400000,1,Apr-80,1,1,1542,1363,1495.1,5,30,1,1,1,0,0,1523,1528,1531,1536,1542,1542,1538,1532,1530,1530,1530,1534,1534,1533,1529,1522,1508,1501,1500,1500,1499,1494,1478,1458,1439,1427,1412,1391,1369,1363,,1,1,1,1,1,1,1,1,1,1,1,1,1,1,1,1,1,1,1,1,1,1,1,1,1,1,1,1,1,1,
15400000,2,Apr-80,1,1,1542,1363,1495.1,5,30,1,1,1,0,0,1523,1528,1531,1536,1542,1542,1538,1532,1530,1530,1530,1534,1534,1533,1529,1522,1508,1501,1500,1500,1499,1494,1478,1458,1439,1427,1412,1391,1369,1363,,1,1,1,1,1,1,1,1,1,1,1,1,1,1,1,1,1,1,1,1,1,1,1,1,1,1,1,1,1,1,
15400000,1,May-80,1,1,1401,1283,1329.4194,8,31,1,1,1,0,0,1350,1339,1340,1343,1364,1386,1398,1401,1387,1375,1362,1351,1343,1328,1309,1303,1300,1298,1293,1291,1297,1299,1300,1303,1311,1318,1324,1318,1304,1294,1283,1,1,1,1,1,1,1,1,1,1,1,1,1,1,1,1,1,1,1,1,1,1,1,1,1,1,1,1,1,1,1
15400000,2,May-80,1,1,1401,1283,1329.4194,8,31,1,1,1,0,0,1350,1339,1340,1343,1364,1386,1398,1401,1387,1375,1362,1351,1343,1328,1309,1303,1300,1298,1293,1291,1297,1299,1300,1303,1311,1318,1324,1318,1304,1294,1283,1,1,1,1,1,1,1,1,1,1,1,1,1,1,1,1,1,1,1,1,1,1,1,1,1,1,1,1,1,1,1
15400000,1,Jun-80,1,1,1267,1062,1174.4667,1,30,1,1,1,0,0,1267,1252,1240,1227,1209,1200,1198,1197,1196,1196,1197,1190,1182,1169,1159,1144,1131,1147,1194,1212,1212,1194,1173,1149,1133,1119,1108,1098,1079,1062,,1,1,1,1,1,1,1,1,1,1,1,1,1,1,1,1,1,1,1,1,1,1,1,1,1,1,1,1,1,1,
15400000,2,Jun-80,1,1,1267,1062,1174.4667,1,30,1,1,1,0,0,1267,1252,1240,1227,1209,1200,1198,1197,1196,1196,1197,1190,1182,1169,1159,1144,1131,1147,1194,1212,1212,1194,1173,1149,1133,1119,1108,1098,1079,1062,,1,1,1,1,1,1,1,1,1,1,1,1,1,1,1,1,1,1,1,1,1,1,1,1,1,1,1,1,1,1,
15400000,1,Jul-80,1,1,1043,652,839.6452,1,31,1,1,1,0,0,1043,1025,1008,993,977,963,948,934,920,909,899,887,875,862,845,832,815,805,794,790,787,775,762,744,729,715,704,692,678,667,652,1,1,1,1,1,1,1,1,1,1,1,1,1,1,1,1,1,1,1,1,1,1,1,1,1,1,1,1,1,1,1
15400000,2,Jul-80,1,1,1043,652,839.6452,1,31,1,1,1,0,0,1043,1025,1008,993,977,963,948,934,920,909,899,887,875,862,845,832,815,805,794,790,787,775,762,744,729,715,704,692,678,667,652,1,1,1,1,1,1,1,1,1,1,1,1,1,1,1,1,1,1,1,1,1,1,1,1,1,1,1,1,1,1,1
15400000,1,Aug-80,1,1,648,557,601.6452,24,16,1,1,1,0,0,643,632,618,609,607,608,614,610,615,618,599,584,574,566,559,557,557,562,574,582,586,602,632,648,642,629,620,618,609,594,583,1,1,1,1,1,1,1,1,1,1,1,1,1,1,1,1,1,1,1,1,1,1,1,1,1,1,1,1,1,1,1
15400000,2,Aug-80,1,1,648,557,601.6452,24,16,1,1,1,0,0,643,632,618,609,607,608,614,610,615,618,599,584,574,566,559,557,557,562,574,582,586,602,632,648,642,629,620,618,609,594,583,1,1,1,1,1,1,1,1,1,1,1,1,1,1,1,1,1,1,1,1,1,1,1,1,1,1,1,1,1,1,1
15400000,1,Sep-80,1,1,673,430,547.59998,5,28,1,1,1,0,0,577,598,633,667,673,651,636,627,609,594,587,592,598,597,583,564,548,534,523,509,499,484,469,455,448,439,434,430,432,438,,1,1,1,1,1,1,1,1,1,1,1,1,1,1,1,1,1,1,1,1,1,1,1,1,1,1,1,1,1,1,
15400000,2,Sep-80,1,1,673,430,547.59998,5,28,1,1,1,0,0,577,598,633,667,673,651,636,627,609,594,587,592,598,597,583,564,548,534,523,509,499,484,469,455,448,439,434,430,432,438,,1,1,1,1,1,1,1,1,1,1,1,1,1,1,1,1,1,1,1,1,1,1,1,1,1,1,1,1,1,1,
15400000,1,Oct-80,1,1,729,430,597.32257,21,7,1,1,1,0,0,439,452,458,451,443,434,430,432,450,529,629,660,697,685,662,636,629,647,693,728,729,715,699,688,669,657,643,635,624,629,645,1,1,1,1,1,1,1,1,1,1,1,1,1,1,1,1,1,1,1,1,1,1,1,1,1,1,1,1,1,1,1
15400000,2,Oct-80,1,1,729,430,597.32257,21,7,1,1,1,0,0,439,452,458,451,443,434,430,432,450,529,629,660,697,685,662,636,629,647,693,728,729,715,699,688,669,657,643,635,624,629,645,1,1,1,1,1,1,1,1,1,1,1,1,1,1,1,1,1,1,1,1,1,1,1,1,1,1,1,1,1,1,1
15400000,1,Nov-80,1,1,705,582,647.79999,10,29,1,1,1,0,0,665,663,652,637,622,613,624,671,703,705,698,678,657,650,654,657,674,687,682,674,668,653,640,624,614,608,601,592,582,586,,1,1,1,1,1,1,1,1,1,1,1,1,1,1,1,1,1,1,1,1,1,1,1,1,1,1,1,1,1,1,
15400000,2,Nov-80,1,1,705,582,647.79999,10,29,1,1,1,0,0,665,663,652,637,622,613,624,671,703,705,698,678,657,650,654,657,674,687,682,674,668,653,640,624,614,608,601,592,582,586,,1,1,1,1,1,1,1,1,1,1,1,1,1,1,1,1,1,1,1,1,1,1,1,1,1,1,1,1,1,1,
15400000,1,Dec-80,1,1,884,627,794.9032,9,1,1,1,1,0,0,627,685,728,740,753,782,849,881,884,872,857,833,813,795,789,794,809,816,814,813,818,820,815,798,780,749,753,781,799,800,795,1,1,1,1,1,1,1,1,1,1,1,1,1,1,1,1,1,1,1,1,1,1,1,1,1,1,1,1,1,1,1
15400000,2,Dec-80,1,1,884,627,794.9032,9,1,1,1,1,0,0,627,685,728,740,753,782,849,881,884,872,857,833,813,795,789,794,809,816,814,813,818,820,815,798,780,749,753,781,799,800,795,1,1,1,1,1,1,1,1,1,1,1,1,1,1,1,1,1,1,1,1,1,1,1,1,1,1,1,1,1,1,1
15400000,1,Jan-81,1,1,1257,749,1006.6129,30,5,1,1,1,0,0,783,771,766,756,749,751,750,752,768,814,868,908,967,994,1015,1038,1066,1083,1089,1098,1133,1180,1201,1214,1221,1226,1235,1244,1252,1257,1256,1,1,1,1,1,1,1,1,1,1,1,1,1,1,1,1,1,1,1,1,1,1,1,1,1,1,1,1,1,1,1
15400000,2,Jan-81,1,1,1228,749,997.41937,29,5,2,2,2,0,0,783,771,766,756,749,751,750,752,768,814,868,908,967,994,1015,1038,1066,1083,1089,1098,1133,1180,1201,1150,1170,1193,1212,1221,1228,1225,1221,1,1,1,1,1,1,1,1,1,1,1,1,1,1,1,1,1,1,1,1,1,1,1,2,2,2,2,2,2,2,2
15400000,1,Feb-81,1,1,1470,1242,1342.7144,28,8,1,1,1,0,0,1260,1265,1268,1266,1258,1251,1246,1242,1253,1270,1284,1303,1319,1335,1351,1362,1374,1381,1390,1399,1405,1416,1427,1436,1445,1455,1465,1470,,,,1,1,1,1,1,1,1,1,1,1,1,1,1,1,1,1,1,1,1,1,1,1,1,1,1,1,1,1,,,
15400000,2,Feb-81,1,1,1470,1224,1325.2144,28,1,2,2,2,0,0,1224,1229,1232,1236,1242,1244,1244,1242,1237,1235,1236,1249,1274,1293,1308,1318,1374,1381,1390,1399,1405,1416,1427,1436,1445,1455,1465,1470,,,,2,2,2,2,2,2,2,1,2,2,2,2,2,2,2,2,1,1,1,1,1,1,1,1,1,1,1,1,,,
15400000,1,Mar-81,1,1,1549,1480,1509.5161,30,1,1,1,1,0,0,1480,1488,1492,1502,1504,1506,1506,1500,1501,1502,1503,1500,1498,1496,1497,1499,1499,1501,1502,1500,1501,1505,1511,1517,1524,1534,1538,1543,1548,1549,1549,1,1,1,1,1,1,1,1,1,1,1,1,1,1,1,1,1,1,1,1,1,1,1,1,1,1,1,1,1,1,1
15400000,2,Mar-81,1,1,1549,1480,1509.5161,30,1,1,1,1,0,0,1480,1488,1492,1502,1504,1506,1506,1500,1501,1502,1503,1500,1498,1496,1497,1499,1499,1501,1502,1500,1501,1505,1511,1517,1524,1534,1538,1543,1548,1549,1549,1,1,1,1,1,1,1,1,1,1,1,1,1,1,1,1,1,1,1,1,1,1,1,1,1,1,1,1,1,1,1
15400000,1,Apr-81,1,1,1548,1436,1508.5667,1,29,1,1,1,0,0,1548,1546,1541,1538,1535,1534,1531,1529,1529,1524,1515,1508,1501,1493,1490,1501,1506,1512,1507,1504,1515,1521,1523,1521,1510,1489,1466,1444,1436,1440,,1,1,1,1,1,1,1,1,1,1,1,1,1,1,1,1,1,1,1,1,1,1,1,1,1,1,1,1,1,1,
15400000,2,Apr-81,1,1,1548,1436,1508.5667,1,29,1,1,1,0,0,1548,1546,1541,1538,1535,1534,1531,1529,1529,1524,1515,1508,1501,1493,1490,1501,1506,1512,1507,1504,1515,1521,1523,1521,1510,1489,1466,1444,1436,1440,,1,1,1,1,1,1,1,1,1,1,1,1,1,1,1,1,1,1,1,1,1,1,1,1,1,1,1,1,1,1,
15400000,1,May-81,1,1,1445,1299,1357.4194,1,31,1,1,1,0,0,1445,1431,1410,1398,1397,1397,1393,1379,1358,1346,1339,1325,1320,1322,1322,1332,1346,1352,1353,1354,1376,1386,1388,1373,1353,1339,1326,1316,1305,1300,1299,1,1,1,1,1,1,1,1,1,1,1,1,1,1,1,1,1,1,1,1,1,1,1,1,1,1,1,1,1,1,1
15400000,2,May-81,1,1,1445,1299,1357.4194,1,31,1,1,1,0,0,1445,1431,1410,1398,1397,1397,1393,1379,1358,1346,1339,1325,1320,1322,1322,1332,1346,1352,1353,1354,1376,1386,1388,1373,1353,1339,1326,1316,1305,1300,1299,1,1,1,1,1,1,1,1,1,1,1,1,1,1,1,1,1,1,1,1,1,1,1,1,1,1,1,1,1,1,1
15400000,1,Jun-81,1,1,1308,1045,1203.7333,10,30,1,1,1,0,0,1303,1301,1289,1280,1272,1258,1250,1274,1303,1308,1296,1284,1268,1251,1228,1207,1186,1161,1144,1137,1133,1130,1134,1145,1144,1128,1105,1084,1064,1045,,1,1,1,1,1,1,1,1,1,1,1,1,1,1,1,1,1,1,1,1,1,1,1,1,1,1,1,1,1,1,
15400000,2,Jun-81,1,1,1308,1045,1203.7333,10,30,1,1,1,0,0,1303,1301,1289,1280,1272,1258,1250,1274,1303,1308,1296,1284,1268,1251,1228,1207,1186,1161,1144,1137,1133,1130,1134,1145,1144,1128,1105,1084,1064,1045,,1,1,1,1,1,1,1,1,1,1,1,1,1,1,1,1,1,1,1,1,1,1,1,1,1,1,1,1,1,1,
15400000,1,Jul-81,1,1,1025,584,776.70972,1,31,1,1,1,0,0,1025,1003,978,955,934,912,895,873,857,843,829,815,800,786,769,755,740,728,714,710,712,705,687,669,660,652,643,631,615,599,584,1,1,1,1,1,1,1,1,1,1,1,1,1,1,1,1,1,1,1,1,1,1,1,1,1,1,1,1,1,1,1
15400000,2,Jul-81,1,1,1025,584,776.70972,1,31,1,1,1,0,0,1025,1003,978,955,934,912,895,873,857,843,829,815,800,786,769,755,740,728,714,710,712,705,687,669,660,652,643,631,615,599,584,1,1,1,1,1,1,1,1,1,1,1,1,1,1,1,1,1,1,1,1,1,1,1,1,1,1,1,1,1,1,1
15400000,1,Aug-81,1,1,565,433,486.96771,1,15,1,1,1,0,0,565,547,537,526,514,503,491,484,473,464,456,446,439,436,433,444,456,467,474,480,479,472,469,483,514,529,528,518,505,490,474,1,1,1,1,1,1,1,1,1,1,1,1,1,1,1,1,1,1,1,1,1,1,1,1,1,1,1,1,1,1,1
15400000,2,Aug-81,1,1,565,433,486.96771,1,15,1,1,1,0,0,565,547,537,526,514,503,491,484,473,464,456,446,439,436,433,444,456,467,474,480,479,472,469,483,514,529,528,518,505,490,474,1,1,1,1,1,1,1,1,1,1,1,1,1,1,1,1,1,1,1,1,1,1,1,1,1,1,1,1,1,1,1
15400000,1,Sep-81,1,1,460,352,385.93329,1,19,1,1,1,0,0,460,444,432,420,410,401,393,390,395,395,389,380,370,362,358,357,356,355,352,352,358,365,377,392,398,393,385,379,376,384,,1,1,1,1,1,1,1,1,1,1,1,1,1,1,1,1,1,1,1,1,1,1,1,1,1,1,1,1,1,1,
15400000,2,Sep-81,1,1,460,352,385.93329,1,19,1,1,1,0,0,460,444,432,420,410,401,393,390,395,395,389,380,370,362,358,357,356,355,352,352,358,365,377,392,398,393,385,379,376,384,,1,1,1,1,1,1,1,1,1,1,1,1,1,1,1,1,1,1,1,1,1,1,1,1,1,1,1,1,1,1,
15400000,1,Oct-81,1,1,781,380,528.3548,31,8,1,1,1,0,0,400,413,421,419,411,400,388,380,384,391,402,400,397,396,420,495,546,558,554,558,579,596,613,641,679,719,752,761,759,766,781,1,1,1,1,1,1,1,1,1,1,1,1,1,1,1,1,1,1,1,1,1,1,1,1,1,1,1,1,1,1,1
15400000,2,Oct-81,1,1,781,380,528.3548,31,8,1,1,1,0,0,400,413,421,419,411,400,388,380,384,391,402,400,397,396,420,495,546,558,554,558,579,596,613,641,679,719,752,761,759,766,781,1,1,1,1,1,1,1,1,1,1,1,1,1,1,1,1,1,1,1,1,1,1,1,1,1,1,1,1,1,1,1
15400000,1,Nov-81,1,1,891,717,810.03333,16,6,1,1,1,0,0,783,770,751,731,719,717,722,758,808,813,796,783,791,838,882,891,879,862,842,827,816,807,800,798,800,831,870,876,876,864,,1,1,1,1,1,1,1,1,1,1,1,1,1,1,1,1,1,1,1,1,1,1,1,1,1,1,1,1,1,1,
15400000,2,Nov-81,1,1,891,717,810.03333,16,6,1,1,1,0,0,783,770,751,731,719,717,722,758,808,813,796,783,791,838,882,891,879,862,842,827,816,807,800,798,800,831,870,876,876,864,,1,1,1,1,1,1,1,1,1,1,1,1,1,1,1,1,1,1,1,1,1,1,1,1,1,1,1,1,1,1,
15400000,1,Dec-81,1,1,1211,847,1071.7419,29,3,1,1,1,0,0,859,848,847,853,880,952,985,1021,1056,1062,1047,1039,1049,1066,1083,1093,1099,1103,1103,1106,1126,1161,1185,1197,1197,1191,1193,1203,1211,1210,1199,1,1,1,1,1,1,1,1,1,1,1,1,1,1,1,1,1,1,1,1,1,1,1,1,1,1,1,1,1,1,1
15400000,2,Dec-81,1,1,1211,847,1071.7419,29,3,1,1,1,0,0,859,848,847,853,880,952,985,1021,1056,1062,1047,1039,1049,1066,1083,1093,1099,1103,1103,1106,1126,1161,1185,1197,1197,1191,1193,1203,1211,1210,1199,1,1,1,1,1,1,1,1,1,1,1,1,1,1,1,1,1,1,1,1,1,1,1,1,1,1,1,1,1,1,1
15400000,1,Jan-82,1,1,1509,1160,1375.6451,31,3,1,1,1,0,0,1184,1165,1160,1180,1219,1251,1283,1305,1320,1334,1344,1353,1364,1376,1385,1393,1409,1419,1430,1442,1454,1461,1469,1471,1476,1485,1499,1494,1503,1508,1509,1,1,1,1,1,1,1,1,1,1,1,1,1,1,1,1,1,1,1,1,1,1,1,1,1,1,1,1,1,1,1
15400000,2,Jan-82,1,1,1509,1160,1375.6451,31,3,1,1,1,0,0,1184,1165,1160,1180,1219,1251,1283,1305,1320,1334,1344,1353,1364,1376,1385,1393,1409,1419,1430,1442,1454,1461,1469,1471,1476,1485,1499,1494,1503,1508,1509,1,1,1,1,1,1,1,1,1,1,1,1,1,1,1,1,1,1,1,1,1,1,1,1,1,1,1,1,1,1,1
15400000,1,Feb-82,1,1,1571,1493,1532.25,28,8,1,1,1,0,0,1510,1514,1519,1518,1513,1501,1499,1493,1494,1499,1505,1509,1513,1522,1526,1537,1547,1548,1550,1547,1560,1565,1568,1566,1569,1570,1570,1571,,,,1,1,1,1,1,1,1,1,1,1,1,1,1,1,1,1,1,1,1,1,1,1,1,1,1,1,1,1,,,
15400000,2,Feb-82,1,1,1571,1493,1532.25,28,8,1,1,1,0,0,1510,1514,1519,1518,1513,1501,1499,1493,1494,1499,1505,1509,1513,1522,1526,1537,1547,1548,1550,1547,1560,1565,1568,1566,1569,1570,1570,1571,,,,1,1,1,1,1,1,1,1,1,1,1,1,1,1,1,1,1,1,1,1,1,1,1,1,1,1,1,1,,,
15400000,1,Mar-82,1,1,1678,1572,1635.129,31,3,1,1,1,0,0,1574,1573,1572,1573,1576,1589,1590,1591,1599,1605,1608,1613,1621,1631,1647,1657,1660,1669,1672,1674,1673,1674,1676,1676,1669,1668,1666,1670,1672,1673,1678,1,1,1,1,1,1,1,1,1,1,1,1,1,1,1,1,1,1,1,1,1,1,1,1,1,1,1,1,1,1,1
15400000,2,Mar-82,1,1,1678,1572,1635.129,31,3,1,1,1,0,0,1574,1573,1572,1573,1576,1589,1590,1591,1599,1605,1608,1613,1621,1631,1647,1657,1660,1669,1672,1674,1673,1674,1676,1676,1669,1668,1666,1670,1672,1673,1678,1,1,1,1,1,1,1,1,1,1,1,1,1,1,1,1,1,1,1,1,1,1,1,1,1,1,1,1,1,1,1
15400000,1,Apr-82,1,1,1715,1676,1695.9,23,15,1,1,1,0,0,1684,1688,1692,1699,1704,1706,1707,1706,1705,1698,1688,1686,1688,1678,1676,1682,1687,1691,1696,1700,1704,1710,1715,1714,1711,1704,1695,1696,1682,1685,,1,1,1,1,1,1,1,1,1,1,1,1,1,1,1,1,1,1,1,1,1,1,1,1,1,1,1,1,1,1,
15400000,2,Apr-82,1,1,1715,1676,1695.9,23,15,1,1,1,0,0,1684,1688,1692,1699,1704,1706,1707,1706,1705,1698,1688,1686,1688,1678,1676,1682,1687,1691,1696,1700,1704,1710,1715,1714,1711,1704,1695,1696,1682,1685,,1,1,1,1,1,1,1,1,1,1,1,1,1,1,1,1,1,1,1,1,1,1,1,1,1,1,1,1,1,1,
15400000,1,May-82,1,1,1686,1476,1558.7742,1,31,1,1,1,0,0,1686,1684,1682,1672,1662,1647,1627,1612,1593,1584,1573,1562,1552,1539,1521,1523,1523,1525,1523,1522,1509,1506,1507,1513,1518,1514,1509,1495,1481,1482,1476,1,1,1,1,1,1,1,1,1,1,1,1,1,1,1,1,1,1,1,1,1,1,1,1,1,1,1,1,1,1,1
15400000,2,May-82,1,1,1686,1476,1558.7742,1,31,1,1,1,0,0,1686,1684,1682,1672,1662,1647,1627,1612,1593,1584,1573,1562,1552,1539,1521,1523,1523,1525,1523,1522,1509,1506,1507,1513,1518,1514,1509,1495,1481,1482,1476,1,1,1,1,1,1,1,1,1,1,1,1,1,1,1,1,1,1,1,1,1,1,1,1,1,1,1,1,1,1,1
15400000,1,Jun-82,1,1,1472,1206,1312.7333,1,30,1,1,1,0,0,1472,1462,1451,1429,1405,1392,1378,1357,1335,1321,1312,1303,1294,1282,1272,1265,1261,1261,1267,1274,1286,1292,1275,1262,1258,1271,1266,1245,1228,1206,,1,1,1,1,1,1,1,1,1,1,1,1,1,1,1,1,1,1,1,1,1,1,1,1,1,1,1,1,1,1,
15400000,2,Jun-82,1,1,1472,1206,1312.7333,1,30,1,1,1,0,0,1472,1462,1451,1429,1405,1392,1378,1357,1335,1321,1312,1303,1294,1282,1272,1265,1261,1261,1267,1274,1286,1292,1275,1262,1258,1271,1266,1245,1228,1206,,1,1,1,1,1,1,1,1,1,1,1,1,1,1,1,1,1,1,1,1,1,1,1,1,1,1,1,1,1,1,
15400000,1,Jul-82,1,1,1182,930,1065.0645,1,31,1,1,1,0,0,1182,1166,1148,1125,1107,1096,1084,1075,1063,1047,1038,1014,998,1014,1035,1055,1078,1112,1145,1152,1141,1116,1078,1056,1038,1025,1007,977,965,950,930,1,1,1,1,1,1,1,1,1,1,1,1,1,1,1,1,1,1,1,1,1,1,1,1,1,1,1,1,1,1,1
15400000,2,Jul-82,1,1,1182,930,1065.0645,1,31,1,1,1,0,0,1182,1166,1148,1125,1107,1096,1084,1075,1063,1047,1038,1014,998,1014,1035,1055,1078,1112,1145,1152,1141,1116,1078,1056,1038,1025,1007,977,965,950,930,1,1,1,1,1,1,1,1,1,1,1,1,1,1,1,1,1,1,1,1,1,1,1,1,1,1,1,1,1,1,1
15400000,1,Aug-82,1,1,885,575,726.96771,1,31,1,1,1,0,0,885,834,816,804,793,786,782,779,782,792,810,819,810,796,777,750,720,701,677,669,668,666,667,669,652,637,627,617,594,582,575,1,1,1,1,1,1,1,1,1,1,1,1,1,1,1,1,1,1,1,1,1,1,1,1,1,1,1,1,1,1,1
15400000,2,Aug-82,1,1,885,575,726.96771,1,31,1,1,1,0,0,885,834,816,804,793,786,782,779,782,792,810,819,810,796,777,750,720,701,677,669,668,666,667,669,652,637,627,617,594,582,575,1,1,1,1,1,1,1,1,1,1,1,1,1,1,1,1,1,1,1,1,1,1,1,1,1,1,1,1,1,1,1
15400000,1,Sep-82,1,1,669,448,524.6333,30,20,1,1,1,0,0,567,559,555,551,547,543,535,528,523,510,496,489,486,486,484,481,474,468,457,448,452,465,484,505,534,563,602,631,647,669,,1,1,1,1,1,1,1,1,1,1,1,1,1,1,1,1,1,1,1,1,1,1,1,1,1,1,1,1,1,1,
15400000,2,Sep-82,1,1,669,448,524.6333,30,20,1,1,1,0,0,567,559,555,551,547,543,535,528,523,510,496,489,486,486,484,481,474,468,457,448,452,465,484,505,534,563,602,631,647,669,,1,1,1,1,1,1,1,1,1,1,1,1,1,1,1,1,1,1,1,1,1,1,1,1,1,1,1,1,1,1,
15400000,1,Oct-82,1,1,972,620,783.5484,16,9,1,1,1,0,0,676,664,651,642,637,628,622,622,620,628,675,752,810,860,910,972,944,935,926,884,847,822,806,791,806,821,836,852,868,884,899,1,1,1,1,1,1,1,1,1,1,1,1,1,1,1,1,1,1,1,1,1,1,1,1,1,1,1,1,1,1,1
15400000,2,Oct-82,1,1,972,620,783.5484,16,9,1,1,1,0,0,676,664,651,642,637,628,622,622,620,628,675,752,810,860,910,972,944,935,926,884,847,822,806,791,806,821,836,852,868,884,899,1,1,1,1,1,1,1,1,1,1,1,1,1,1,1,1,1,1,1,1,1,1,1,1,1,1,1,1,1,1,1
15400000,1,Nov-82,1,1,1184,823,1021.4667,30,8,1,1,1,0,0,914,916,905,883,865,847,827,823,864,918,972,1023,1044,1052,1058,1062,1068,1094,1109,1111,1114,1119,1125,1119,1107,1104,1108,1141,1168,1184,,1,1,1,1,1,1,1,1,1,1,1,1,1,1,1,1,1,1,1,1,1,1,1,1,1,1,1,1,1,1,
15400000,2,Nov-82,1,1,1184,823,1021.4667,30,8,1,1,1,0,0,914,916,905,883,865,847,827,823,864,918,972,1023,1044,1052,1058,1062,1068,1094,1109,1111,1114,1119,1125,1119,1107,1104,1108,1141,1168,1184,,1,1,1,1,1,1,1,1,1,1,1,1,1,1,1,1,1,1,1,1,1,1,1,1,1,1,1,1,1,1,
15400000,1,Dec-82,1,1,1292,1104,1174.3871,31,8,1,1,1,0,0,1187,1179,1166,1149,1137,1116,1106,1104,1114,1124,1128,1138,1148,1167,1166,1158,1153,1157,1169,1174,1192,1187,1193,1181,1186,1199,1220,1254,1275,1287,1292,1,1,1,1,1,1,1,1,1,1,1,1,1,1,1,1,1,1,1,1,1,1,1,1,1,1,1,1,1,1,1
15400000,2,Dec-82,1,1,1292,1104,1174.3871,31,8,1,1,1,0,0,1187,1179,1166,1149,1137,1116,1106,1104,1114,1124,1128,1138,1148,1167,1166,1158,1153,1157,1169,1174,1192,1187,1193,1181,1186,1199,1220,1254,1275,1287,1292,1,1,1,1,1,1,1,1,1,1,1,1,1,1,1,1,1,1,1,1,1,1,1,1,1,1,1,1,1,1,1
15400000,1,Jan-83,1,1,1346,1195,1261.2903,22,9,1,1,1,0,0,1285,1268,1248,1227,1213,1209,1208,1200,1195,1199,1205,1209,1221,1232,1237,1247,1253,1258,1269,1300,1333,1346,1344,1325,1313,1308,1298,1291,1284,1282,1293,1,1,1,1,1,1,1,1,1,1,1,1,1,1,1,1,1,1,1,1,1,1,1,1,1,1,1,1,1,1,1
15400000,2,Jan-83,1,1,1346,1195,1261.2903,22,9,1,1,1,0,0,1285,1268,1248,1227,1213,1209,1208,1200,1195,1199,1205,1209,1221,1232,1237,1247,1253,1258,1269,1300,1333,1346,1344,1325,1313,1308,1298,1291,1284,1282,1293,1,1,1,1,1,1,1,1,1,1,1,1,1,1,1,1,1,1,1,1,1,1,1,1,1,1,1,1,1,1,1
15400000,1,Feb-83,1,1,1483,1316,1400.75,28,1,1,1,1,0,0,1316,1354,1375,1387,1396,1399,1399,1395,1385,1375,1368,1361,1364,1372,1373,1368,1366,1368,1375,1396,1426,1445,1462,1471,1478,1482,1482,1483,,,,1,1,1,1,1,1,1,1,1,1,1,1,1,1,1,1,1,1,1,1,1,1,1,1,1,1,1,1,,,
15400000,2,Feb-83,1,1,1483,1316,1400.75,28,1,1,1,1,0,0,1316,1354,1375,1387,1396,1399,1399,1395,1385,1375,1368,1361,1364,1372,1373,1368,1366,1368,1375,1396,1426,1445,1462,1471,1478,1482,1482,1483,,,,1,1,1,1,1,1,1,1,1,1,1,1,1,1,1,1,1,1,1,1,1,1,1,1,1,1,1,1,,,
15400000,1,Mar-83,1,1,1534,1445,1492.1935,26,31,1,1,1,0,0,1483,1485,1482,1478,1469,1463,1458,1461,1466,1467,1474,1471,1469,1471,1477,1491,1499,1506,1509,1517,1526,1528,1527,1530,1532,1534,1534,1526,1505,1475,1445,1,1,1,1,1,1,1,1,1,1,1,1,1,1,1,1,1,1,1,1,1,1,1,1,1,1,1,1,1,1,1
15400000,2,Mar-83,1,1,1534,1445,1492.1935,26,31,1,1,1,0,0,1483,1485,1482,1478,1469,1463,1458,1461,1466,1467,1474,1471,1469,1471,1477,1491,1499,1506,1509,1517,1526,1528,1527,1530,1532,1534,1534,1526,1505,1475,1445,1,1,1,1,1,1,1,1,1,1,1,1,1,1,1,1,1,1,1,1,1,1,1,1,1,1,1,1,1,1,1
15400000,1,Apr-83,1,1,1443,1357,1408.3667,11,26,1,1,1,0,0,1416,1399,1395,1404,1407,1401,1395,1405,1423,1440,1443,1440,1438,1434,1424,1412,1414,1415,1415,1420,1425,1418,1403,1387,1374,1357,1365,1381,1398,1403,,1,1,1,1,1,1,1,1,1,1,1,1,1,1,1,1,1,1,1,1,1,1,1,1,1,1,1,1,1,1,
15400000,2,Apr-83,1,1,1443,1357,1408.3667,11,26,1,1,1,0,0,1416,1399,1395,1404,1407,1401,1395,1405,1423,1440,1443,1440,1438,1434,1424,1412,1414,1415,1415,1420,1425,1418,1403,1387,1374,1357,1365,1381,1398,1403,,1,1,1,1,1,1,1,1,1,1,1,1,1,1,1,1,1,1,1,1,1,1,1,1,1,1,1,1,1,1,
15400000,1,May-83,1,1,1436,1343,1390.5806,20,17,1,1,1,0,0,1404,1409,1414,1410,1405,1410,1410,1404,1398,1394,1391,1394,1399,1390,1366,1348,1343,1370,1415,1436,1434,1412,1386,1372,1364,1366,1372,1378,1382,1375,1357,1,1,1,1,1,1,1,1,1,1,1,1,1,1,1,1,1,1,1,1,1,1,1,1,1,1,1,1,1,1,1
15400000,2,May-83,1,1,1436,1343,1390.5806,20,17,1,1,1,0,0,1404,1409,1414,1410,1405,1410,1410,1404,1398,1394,1391,1394,1399,1390,1366,1348,1343,1370,1415,1436,1434,1412,1386,1372,1364,1366,1372,1378,1382,1375,1357,1,1,1,1,1,1,1,1,1,1,1,1,1,1,1,1,1,1,1,1,1,1,1,1,1,1,1,1,1,1,1
15400000,1,Jun-83,1,1,1328,1120,1226.3667,1,29,1,1,1,0,0,1328,1305,1286,1274,1274,1268,1256,1238,1230,1224,1226,1230,1232,1234,1252,1267,1271,1266,1252,1238,1230,1216,1195,1175,1164,1149,1140,1128,1120,1123,,1,1,1,1,1,1,1,1,1,1,1,1,1,1,1,1,1,1,1,1,1,1,1,1,1,1,1,1,1,1,
15400000,2,Jun-83,1,1,1328,1120,1226.3667,1,29,1,1,1,0,0,1328,1305,1286,1274,1274,1268,1256,1238,1230,1224,1226,1230,1232,1234,1252,1267,1271,1266,1252,1238,1230,1216,1195,1175,1164,1149,1140,1128,1120,1123,,1,1,1,1,1,1,1,1,1,1,1,1,1,1,1,1,1,1,1,1,1,1,1,1,1,1,1,1,1,1,
15400000,1,Jul-83,1,1,1178,1006,1118.6451,21,31,1,1,1,0,0,1134,1146,1148,1144,1135,1127,1124,1122,1120,1118,1116,1114,1116,1119,1124,1132,1142,1162,1169,1175,1178,1176,1164,1144,1120,1084,1056,1035,1018,1010,1006,1,1,1,1,1,1,1,1,1,1,1,1,1,1,1,1,1,1,1,1,1,1,1,1,1,1,1,1,1,1,1
15400000,2,Jul-83,1,1,1178,914,1112.4194,21,31,2,2,2,0,0,1134,1146,1148,1144,1135,1127,1124,1122,1120,1118,1116,1114,1116,1119,1124,1132,1142,1162,1169,1175,1178,1176,1164,1144,1120,1084,1056,1032,985,945,914,1,1,1,1,1,1,1,1,1,1,1,1,1,1,1,1,1,1,1,1,1,1,1,1,1,1,1,2,2,2,2
15400000,1,Aug-83,1,1,1003,592,816.25812,1,31,1,1,1,0,0,1003,998,996,994,990,987,984,978,966,940,915,890,865,847,825,808,795,778,764,746,725,706,693,680,670,658,648,636,620,607,592,1,1,1,1,1,1,1,1,1,1,1,1,1,1,1,1,1,1,1,1,1,1,1,1,1,1,1,1,1,1,1
15400000,2,Aug-83,1,1,890,592,730.12903,1,31,2,2,2,0,0,890,867,850,835,821,808,798,784,771,762,756,751,745,738,731,725,720,715,709,703,696,686,676,666,670,658,648,636,620,607,592,2,2,2,2,2,2,2,2,2,2,2,2,2,2,2,2,2,2,2,2,2,2,2,2,1,1,1,1,1,1,1
15400000,1,Sep-83,1,1,581,462,522.66669,19,30,1,1,1,0,0,572,560,548,534,523,515,508,508,512,515,519,524,528,531,534,542,552,566,581,558,535,520,512,508,498,490,482,475,468,462,,1,1,1,1,1,1,1,1,1,1,1,1,1,1,1,1,1,1,1,1,1,1,1,1,1,1,1,1,1,1,
15400000,2,Sep-83,1,1,581,462,522.66669,19,30,1,1,1,0,0,572,560,548,534,523,515,508,508,512,515,519,524,528,531,534,542,552,566,581,558,535,520,512,508,498,490,482,475,468,462,,1,1,1,1,1,1,1,1,1,1,1,1,1,1,1,1,1,1,1,1,1,1,1,1,1,1,1,1,1,1,
15400000,1,Oct-83,1,1,528,418,457.38708,29,13,1,1,1,0,0,456,449,444,439,435,434,441,442,438,434,428,420,418,418,418,422,421,418,418,426,460,488,500,496,491,505,519,526,528,524,523,1,1,1,1,1,1,1,1,1,1,1,1,1,1,1,1,1,1,1,1,1,1,1,1,1,1,1,1,1,1,1
15400000,2,Oct-83,1,1,528,418,457.38708,29,13,1,1,1,0,0,456,449,444,439,435,434,441,442,438,434,428,420,418,418,418,422,421,418,418,426,460,488,500,496,491,505,519,526,528,524,523,1,1,1,1,1,1,1,1,1,1,1,1,1,1,1,1,1,1,1,1,1,1,1,1,1,1,1,1,1,1,1
15400000,1,Nov-83,1,1,739,484,618.1333,30,8,1,1,1,0,0,530,540,545,538,525,506,492,484,494,514,550,570,568,564,580,622,665,685,692,706,722,724,721,718,714,710,706,704,716,739,,1,1,1,1,1,1,1,1,1,1,1,1,1,1,1,1,1,1,1,1,1,1,1,1,1,1,1,1,1,1,
15400000,2,Nov-83,1,1,739,484,618.1333,30,8,1,1,1,0,0,530,540,545,538,525,506,492,484,494,514,550,570,568,564,580,622,665,685,692,706,722,724,721,718,714,710,706,704,716,739,,1,1,1,1,1,1,1,1,1,1,1,1,1,1,1,1,1,1,1,1,1,1,1,1,1,1,1,1,1,1,
15400000,1,Dec-83,1,1,920,718,828.61292,10,26,1,1,1,0,0,766,785,804,828,852,859,864,876,904,920,918,906,903,904,899,890,866,848,826,808,790,770,752,734,722,718,722,750,801,838,864,1,1,1,1,1,1,1,1,1,1,1,1,1,1,1,1,1,1,1,1,1,1,1,1,1,1,1,1,1,1,1
15400000,2,Dec-83,1,1,920,713,837.58063,10,23,2,2,2,0,0,766,785,804,828,852,859,864,876,904,920,918,906,903,904,899,890,866,848,826,800,753,728,713,739,756,777,797,825,859,891,909,1,1,1,1,1,1,1,1,1,1,1,1,1,1,1,1,1,1,1,2,2,2,2,2,2,2,2,2,2,2,2
15400000,1,Jan-84,1,1,1384,890,1240.5161,31,1,1,1,1,0,0,890,916,933,948,982,1048,1073,1150,1174,1220,1251,1280,1289,1298,1302,1304,1312,1319,1330,1340,1348,1358,1365,1370,1375,1378,1380,1381,1380,1378,1384,1,1,1,1,1,1,1,1,1,1,1,1,1,1,1,1,1,1,1,1,1,1,1,1,1,1,1,1,1,1,1
15400000,2,Jan-84,1,1,1437,925,1283.871,26,1,2,2,2,0,0,925,941,962,1005,1045,1084,1120,1157,1196,1240,1273,1294,1314,1331,1344,1354,1362,1373,1381,1393,1406,1415,1423,1428,1435,1437,1437,1431,1429,1430,1435,2,2,2,2,2,2,2,2,2,2,2,2,2,2,2,2,2,2,2,2,2,2,2,2,2,2,2,2,2,2,2
15400000,1,Feb-84,1,1,1560,1389,1471.4138,29,1,1,1,1,0,0,1389,1396,1404,1408,1414,1418,1426,1433,1436,1441,1446,1449,1454,1459,1464,1474,1481,1488,1496,1502,1508,1510,1519,1525,1531,1538,1548,1554,1560,,,1,1,1,1,1,1,1,1,1,1,1,1,1,1,1,1,1,1,1,1,1,1,1,1,1,1,1,1,1,,
15400000,2,Feb-84,1,1,1595,1441,1527.2415,29,1,2,2,2,0,0,1441,1449,1457,1465,1473,1477,1484,1494,1502,1508,1511,1513,1515,1519,1521,1526,1534,1543,1553,1563,1570,1573,1575,1577,1582,1588,1590,1592,1595,,,2,2,2,2,2,2,2,2,2,2,2,2,2,2,2,2,2,2,2,2,2,2,2,2,2,2,2,2,2,,
15400000,1,Mar-84,1,1,1672,1567,1616.8065,31,1,1,1,1,0,0,1567,1570,1574,1578,1582,1589,1593,1602,1605,1614,1618,1619,1618,1615,1614,1612,1610,1610,1614,1618,1620,1622,1626,1633,1642,1647,1654,1658,1660,1665,1672,1,1,1,1,1,1,1,1,1,1,1,1,1,1,1,1,1,1,1,1,1,1,1,1,1,1,1,1,1,1,1
15400000,2,Mar-84,1,1,1672,1595,1624.5483,31,1,2,2,2,0,0,1595,1598,1600,1602,1605,1612,1617,1619,1622,1623,1624,1624,1623,1621,1615,1611,1609,1610,1614,1618,1620,1622,1626,1633,1642,1647,1654,1658,1660,1665,1672,2,2,2,2,2,2,2,2,2,2,2,2,2,2,2,2,2,1,1,1,1,1,1,1,1,1,1,1,1,1,1
15400000,1,Apr-84,1,1,1744,1676,1719.5667,16,1,1,1,1,0,0,1676,1679,1684,1692,1702,1709,1715,1719,1725,1728,1731,1734,1736,1740,1742,1744,1742,1740,1737,1734,1728,1718,1712,1710,1714,1715,1718,1718,1719,1726,,1,1,1,1,1,1,1,1,1,1,1,1,1,1,1,1,1,1,1,1,1,1,1,1,1,1,1,1,1,1,
15400000,2,Apr-84,1,1,1744,1676,1719.5667,16,1,1,1,1,0,0,1676,1679,1684,1692,1702,1709,1715,1719,1725,1728,1731,1734,1736,1740,1742,1744,1742,1740,1737,1734,1728,1718,1712,1710,1714,1715,1718,1718,1719,1726,,1,1,1,1,1,1,1,1,1,1,1,1,1,1,1,1,1,1,1,1,1,1,1,1,1,1,1,1,1,1,
15400000,1,May-84,1,1,1727,1421,1581.3871,1,31,1,1,1,0,0,1727,1727,1721,1708,1697,1686,1674,1662,1649,1638,1628,1618,1612,1604,1595,1588,1576,1569,1560,1550,1538,1526,1512,1498,1481,1470,1463,1453,1442,1430,1421,1,1,1,1,1,1,1,1,1,1,1,1,1,1,1,1,1,1,1,1,1,1,1,1,1,1,1,1,1,1,1
15400000,2,May-84,1,1,1727,1421,1581.3871,1,31,1,1,1,0,0,1727,1727,1721,1708,1697,1686,1674,1662,1649,1638,1628,1618,1612,1604,1595,1588,1576,1569,1560,1550,1538,1526,1512,1498,1481,1470,1463,1453,1442,1430,1421,1,1,1,1,1,1,1,1,1,1,1,1,1,1,1,1,1,1,1,1,1,1,1,1,1,1,1,1,1,1,1
15400000,1,Jun-84,1,1,1440,1152,1291.1,5,30,1,1,1,0,0,1412,1406,1408,1429,1440,1434,1419,1398,1378,1366,1353,1343,1329,1312,1291,1271,1251,1233,1223,1220,1224,1216,1200,1188,1180,1173,1166,1160,1158,1152,,1,1,1,1,1,1,1,1,1,1,1,1,1,1,1,1,1,1,1,1,1,1,1,1,1,1,1,1,1,1,
15400000,2,Jun-84,1,1,1440,1152,1291.1,5,30,1,1,1,0,0,1412,1406,1408,1429,1440,1434,1419,1398,1378,1366,1353,1343,1329,1312,1291,1271,1251,1233,1223,1220,1224,1216,1200,1188,1180,1173,1166,1160,1158,1152,,1,1,1,1,1,1,1,1,1,1,1,1,1,1,1,1,1,1,1,1,1,1,1,1,1,1,1,1,1,1,
15400000,1,Jul-84,1,1,1142,766,951.3548,1,31,1,1,1,0,0,1142,1135,1140,1132,1114,1086,1062,1034,1006,981,957,936,920,907,902,908,942,974,972,946,916,896,880,872,863,854,836,820,805,788,766,1,1,1,1,1,1,1,1,1,1,1,1,1,1,1,1,1,1,1,1,1,1,1,1,1,1,1,1,1,1,1
15400000,2,Jul-84,1,1,1142,766,951.3548,1,31,1,1,1,0,0,1142,1135,1140,1132,1114,1086,1062,1034,1006,981,957,936,920,907,902,908,942,974,972,946,916,896,880,872,863,854,836,820,805,788,766,1,1,1,1,1,1,1,1,1,1,1,1,1,1,1,1,1,1,1,1,1,1,1,1,1,1,1,1,1,1,1
15400000,1,Aug-84,1,1,746,507,596.83868,1,30,1,1,1,0,0,746,726,711,695,675,655,638,624,608,594,590,605,610,610,596,582,574,571,572,572,568,563,560,560,556,546,536,526,514,507,512,1,1,1,1,1,1,1,1,1,1,1,1,1,1,1,1,1,1,1,1,1,1,1,1,1,1,1,1,1,1,1
15400000,2,Aug-84,1,1,746,507,596.83868,1,30,1,1,1,0,0,746,726,711,695,675,655,638,624,608,594,590,605,610,610,596,582,574,571,572,572,568,563,560,560,556,546,536,526,514,507,512,1,1,1,1,1,1,1,1,1,1,1,1,1,1,1,1,1,1,1,1,1,1,1,1,1,1,1,1,1,1,1
15400000,1,Sep-84,1,1,540,364,438.96671,2,30,1,1,1,0,0,529,540,536,524,510,499,490,480,470,462,456,448,439,434,429,426,423,419,416,412,404,398,393,390,384,381,376,371,366,364,,1,1,1,1,1,1,1,1,1,1,1,1,1,1,1,1,1,1,1,1,1,1,1,1,1,1,1,1,1,1,
15400000,2,Sep-84,1,1,540,364,438.96671,2,30,1,1,1,0,0,529,540,536,524,510,499,490,480,470,462,456,448,439,434,429,426,423,419,416,412,404,398,393,390,384,381,376,371,366,364,,1,1,1,1,1,1,1,1,1,1,1,1,1,1,1,1,1,1,1,1,1,1,1,1,1,1,1,1,1,1,
15400000,1,Oct-84,1,1,674,363,451.93549,30,1,1,1,1,0,0,363,366,378,424,484,508,502,484,468,450,437,424,412,402,394,389,386,385,385,385,386,387,390,405,417,452,535,608,656,674,674,1,1,1,1,1,1,1,1,1,1,1,1,1,1,1,1,1,1,1,1,1,1,1,1,1,1,1,1,1,1,1
15400000,2,Oct-84,1,1,674,363,451.93549,30,1,1,1,1,0,0,363,366,378,424,484,508,502,484,468,450,437,424,412,402,394,389,386,385,385,385,386,387,390,405,417,452,535,608,656,674,674,1,1,1,1,1,1,1,1,1,1,1,1,1,1,1,1,1,1,1,1,1,1,1,1,1,1,1,1,1,1,1
15400000,1,Nov-84,1,1,1113,634,898.90002,28,4,1,1,1,0,0,666,651,639,634,645,692,750,771,771,771,792,855,904,921,922,919,931,959,987,1011,1017,1024,1052,1081,1092,1096,1107,1113,1104,1090,,1,1,1,1,1,1,1,1,1,1,1,1,1,1,1,1,1,1,1,1,1,1,1,1,1,1,1,1,1,1,
15400000,2,Nov-84,1,1,1113,634,898.90002,28,4,1,1,1,0,0,666,651,639,634,645,692,750,771,771,771,792,855,904,921,922,919,931,959,987,1011,1017,1024,1052,1081,1092,1096,1107,1113,1104,1090,,1,1,1,1,1,1,1,1,1,1,1,1,1,1,1,1,1,1,1,1,1,1,1,1,1,1,1,1,1,1,
15400000,1,Dec-84,1,1,1198,1054,1122.8387,15,3,1,1,1,0,0,1068,1056,1054,1056,1060,1060,1058,1071,1106,1125,1125,1132,1162,1191,1198,1184,1168,1150,1134,1120,1130,1155,1169,1166,1152,1132,1114,1112,1116,1132,1152,1,1,1,1,1,1,1,1,1,1,1,1,1,1,1,1,1,1,1,1,1,1,1,1,1,1,1,1,1,1,1
15400000,2,Dec-84,1,1,1198,1054,1122.8387,15,3,1,1,1,0,0,1068,1056,1054,1056,1060,1060,1058,1071,1106,1125,1125,1132,1162,1191,1198,1184,1168,1150,1134,1120,1130,1155,1169,1166,1152,1132,1114,1112,1116,1132,1152,1,1,1,1,1,1,1,1,1,1,1,1,1,1,1,1,1,1,1,1,1,1,1,1,1,1,1,1,1,1,1
15400000,1,Jan-85,1,1,1466,1166,1356.4517,24,1,1,1,1,0,0,1166,1178,1192,1198,1196,1211,1237,1256,1274,1288,1306,1330,1350,1369,1388,1402,1411,1420,1430,1438,1448,1458,1462,1466,1465,1462,1458,1452,1448,1445,1446,1,1,1,1,1,1,1,1,1,1,1,1,1,1,1,1,1,1,1,1,1,1,1,1,1,1,1,1,1,1,1
15400000,2,Jan-85,1,1,1466,1166,1356.4517,24,1,1,1,1,0,0,1166,1178,1192,1198,1196,1211,1237,1256,1274,1288,1306,1330,1350,1369,1388,1402,1411,1420,1430,1438,1448,1458,1462,1466,1465,1462,1458,1452,1448,1445,1446,1,1,1,1,1,1,1,1,1,1,1,1,1,1,1,1,1,1,1,1,1,1,1,1,1,1,1,1,1,1,1
15400000,1,Feb-85,1,1,1512,1449,1476.3929,26,7,1,1,1,0,0,1452,1459,1465,1467,1464,1456,1449,1450,1457,1466,1470,1472,1472,1468,1466,1464,1468,1471,1477,1484,1492,1500,1506,1509,1510,1512,1509,1504,,,,1,1,1,1,1,1,1,1,1,1,1,1,1,1,1,1,1,1,1,1,1,1,1,1,1,1,1,1,,,
15400000,2,Feb-85,1,1,1512,1449,1476.3929,26,7,1,1,1,0,0,1452,1459,1465,1467,1464,1456,1449,1450,1457,1466,1470,1472,1472,1468,1466,1464,1468,1471,1477,1484,1492,1500,1506,1509,1510,1512,1509,1504,,,,1,1,1,1,1,1,1,1,1,1,1,1,1,1,1,1,1,1,1,1,1,1,1,1,1,1,1,1,,,
15400000,1,Mar-85,1,1,1540,1455,1493,19,7,1,1,1,0,0,1497,1486,1471,1463,1459,1458,1455,1462,1474,1486,1488,1491,1496,1496,1498,1514,1528,1538,1540,1534,1526,1509,1498,1492,1496,1502,1502,1496,1484,1474,1470,1,1,1,1,1,1,1,1,1,1,1,1,1,1,1,1,1,1,1,1,1,1,1,1,1,1,1,1,1,1,1
15400000,2,Mar-85,1,1,1540,1455,1493,19,7,1,1,1,0,0,1497,1486,1471,1463,1459,1458,1455,1462,1474,1486,1488,1491,1496,1496,1498,1514,1528,1538,1540,1534,1526,1509,1498,1492,1496,1502,1502,1496,1484,1474,1470,1,1,1,1,1,1,1,1,1,1,1,1,1,1,1,1,1,1,1,1,1,1,1,1,1,1,1,1,1,1,1
15400000,1,Apr-85,1,1,1543,1468,1506.3333,11,1,1,1,1,0,0,1468,1470,1468,1471,1479,1480,1480,1494,1516,1532,1543,1543,1536,1528,1517,1506,1503,1504,1503,1504,1496,1490,1492,1501,1520,1530,1530,1526,1526,1534,,1,1,1,1,1,1,1,1,1,1,1,1,1,1,1,1,1,1,1,1,1,1,1,1,1,1,1,1,1,1,
15400000,2,Apr-85,1,1,1543,1468,1506.3333,11,1,1,1,1,0,0,1468,1470,1468,1471,1479,1480,1480,1494,1516,1532,1543,1543,1536,1528,1517,1506,1503,1504,1503,1504,1496,1490,1492,1501,1520,1530,1530,1526,1526,1534,,1,1,1,1,1,1,1,1,1,1,1,1,1,1,1,1,1,1,1,1,1,1,1,1,1,1,1,1,1,1,
15400000,1,May-85,1,1,1564,1358,1460.9355,5,31,1,1,1,0,0,1548,1555,1557,1560,1564,1560,1546,1536,1522,1504,1487,1473,1458,1444,1433,1429,1428,1428,1424,1428,1439,1440,1432,1418,1409,1399,1391,1381,1372,1366,1358,1,1,1,1,1,1,1,1,1,1,1,1,1,1,1,1,1,1,1,1,1,1,1,1,1,1,1,1,1,1,1
15400000,2,May-85,1,1,1564,1358,1460.9355,5,31,1,1,1,0,0,1548,1555,1557,1560,1564,1560,1546,1536,1522,1504,1487,1473,1458,1444,1433,1429,1428,1428,1424,1428,1439,1440,1432,1418,1409,1399,1391,1381,1372,1366,1358,1,1,1,1,1,1,1,1,1,1,1,1,1,1,1,1,1,1,1,1,1,1,1,1,1,1,1,1,1,1,1
15400000,1,Jun-85,1,1,1346,1023,1201.5,1,30,1,1,1,0,0,1346,1336,1325,1314,1308,1308,1314,1310,1300,1290,1280,1264,1249,1234,1218,1205,1192,1172,1161,1147,1134,1120,1108,1096,1083,1070,1060,1046,1032,1023,,1,1,1,1,1,1,1,1,1,1,1,1,1,1,1,1,1,1,1,1,1,1,1,1,1,1,1,1,1,1,
15400000,2,Jun-85,1,1,1346,1023,1201.5,1,30,1,1,1,0,0,1346,1336,1325,1314,1308,1308,1314,1310,1300,1290,1280,1264,1249,1234,1218,1205,1192,1172,1161,1147,1134,1120,1108,1096,1083,1070,1060,1046,1032,1023,,1,1,1,1,1,1,1,1,1,1,1,1,1,1,1,1,1,1,1,1,1,1,1,1,1,1,1,1,1,1,
15400000,1,Jul-85,1,1,1018,677,874.5484,1,31,1,1,1,0,0,1018,1009,998,987,973,962,958,967,972,967,962,954,947,938,928,910,889,870,854,842,828,810,792,774,758,742,725,712,700,688,677,1,1,1,1,1,1,1,1,1,1,1,1,1,1,1,1,1,1,1,1,1,1,1,1,1,1,1,1,1,1,1
15400000,2,Jul-85,1,1,1018,677,874.5484,1,31,1,1,1,0,0,1018,1009,998,987,973,962,958,967,972,967,962,954,947,938,928,910,889,870,854,842,828,810,792,774,758,742,725,712,700,688,677,1,1,1,1,1,1,1,1,1,1,1,1,1,1,1,1,1,1,1,1,1,1,1,1,1,1,1,1,1,1,1
15400000,1,Aug-85,1,1,834,554,690.67743,8,31,1,1,1,0,0,671,705,746,764,753,779,826,834,817,792,767,746,726,712,700,696,698,698,694,684,670,654,638,624,606,591,581,568,561,556,554,1,1,1,1,1,1,1,1,1,1,1,1,1,1,1,1,1,1,1,1,1,1,1,1,1,1,1,1,1,1,1
15400000,2,Aug-85,1,1,834,554,690.67743,8,31,1,1,1,0,0,671,705,746,764,753,779,826,834,817,792,767,746,726,712,700,696,698,698,694,684,670,654,638,624,606,591,581,568,561,556,554,1,1,1,1,1,1,1,1,1,1,1,1,1,1,1,1,1,1,1,1,1,1,1,1,1,1,1,1,1,1,1
15400000,1,Sep-85,1,1,604,460,531.40002,27,17,1,1,1,0,0,550,544,539,546,559,557,544,528,516,506,498,492,486,480,471,466,460,466,478,495,508,530,562,582,590,599,604,602,596,588,,1,1,1,1,1,1,1,1,1,1,1,1,1,1,1,1,1,1,1,1,1,1,1,1,1,1,1,1,1,1,
15400000,2,Sep-85,1,1,604,460,531.40002,27,17,1,1,1,0,0,550,544,539,546,559,557,544,528,516,506,498,492,486,480,471,466,460,466,478,495,508,530,562,582,590,599,604,602,596,588,,1,1,1,1,1,1,1,1,1,1,1,1,1,1,1,1,1,1,1,1,1,1,1,1,1,1,1,1,1,1,
15400000,1,Oct-85,1,1,638,556,603.74188,27,16,1,1,1,0,0,584,594,620,633,631,622,621,622,618,612,604,599,592,578,565,556,556,562,580,606,620,614,604,605,611,625,638,634,622,603,585,1,1,1,1,1,1,1,1,1,1,1,1,1,1,1,1,1,1,1,1,1,1,1,1,1,1,1,1,1,1,1
15400000,2,Oct-85,1,1,638,556,603.74188,27,16,1,1,1,0,0,584,594,620,633,631,622,621,622,618,612,604,599,592,578,565,556,556,562,580,606,620,614,604,605,611,625,638,634,622,603,585,1,1,1,1,1,1,1,1,1,1,1,1,1,1,1,1,1,1,1,1,1,1,1,1,1,1,1,1,1,1,1
15400000,1,Nov-85,1,1,992,558,775.23328,22,4,1,1,1,0,0,572,568,562,558,560,565,570,572,594,692,780,820,824,810,792,778,790,834,885,940,980,992,978,950,918,892,874,864,863,880,,1,1,1,1,1,1,1,1,1,1,1,1,1,1,1,1,1,1,1,1,1,1,1,1,1,1,1,1,1,1,
15400000,2,Nov-85,1,1,992,558,775.23328,22,4,1,1,1,0,0,572,568,562,558,560,565,570,572,594,692,780,820,824,810,792,778,790,834,885,940,980,992,978,950,918,892,874,864,863,880,,1,1,1,1,1,1,1,1,1,1,1,1,1,1,1,1,1,1,1,1,1,1,1,1,1,1,1,1,1,1,
15400000,1,Dec-85,1,1,1135,804,947.67743,31,16,1,1,1,0,0,940,1005,1036,1035,1014,987,948,922,900,886,870,857,842,824,808,804,813,835,862,896,932,966,995,1001,1010,1022,1028,1042,1067,1096,1135,1,1,1,1,1,1,1,1,1,1,1,1,1,1,1,1,1,1,1,1,1,1,1,1,1,1,1,1,1,1,1
15400000,2,Dec-85,1,1,1135,804,947.67743,31,16,1,1,1,0,0,940,1005,1036,1035,1014,987,948,922,900,886,870,857,842,824,808,804,813,835,862,896,932,966,995,1001,1010,1022,1028,1042,1067,1096,1135,1,1,1,1,1,1,1,1,1,1,1,1,1,1,1,1,1,1,1,1,1,1,1,1,1,1,1,1,1,1,1
15400000,1,Jan-86,1,1,1417,1178,1257.6451,31,8,1,1,1,0,0,1186,1219,1225,1234,1222,1215,1194,1178,1188,1215,1234,1253,1254,1242,1224,1210,1201,1192,1184,1182,1203,1226,1271,1317,1343,1367,1383,1394,1405,1409,1417,1,1,1,1,1,1,1,1,1,1,1,1,1,1,1,1,1,1,1,1,1,1,1,1,1,1,1,1,1,1,1
15400000,2,Jan-86,1,1,1417,1178,1257.6451,31,8,1,1,1,0,0,1186,1219,1225,1234,1222,1215,1194,1178,1188,1215,1234,1253,1254,1242,1224,1210,1201,1192,1184,1182,1203,1226,1271,1317,1343,1367,1383,1394,1405,1409,1417,1,1,1,1,1,1,1,1,1,1,1,1,1,1,1,1,1,1,1,1,1,1,1,1,1,1,1,1,1,1,1
15400000,1,Feb-86,1,1,1554,1420,1502.8214,28,1,1,1,1,0,0,1420,1425,1424,1425,1434,1447,1459,1469,1483,1489,1496,1501,1506,1516,1523,1527,1533,1538,1540,1541,1542,1543,1544,1548,1550,1551,1551,1554,,,,1,1,1,1,1,1,1,1,1,1,1,1,1,1,1,1,1,1,1,1,1,1,1,1,1,1,1,1,,,
15400000,2,Feb-86,1,1,1554,1420,1502.8214,28,1,1,1,1,0,0,1420,1425,1424,1425,1434,1447,1459,1469,1483,1489,1496,1501,1506,1516,1523,1527,1533,1538,1540,1541,1542,1543,1544,1548,1550,1551,1551,1554,,,,1,1,1,1,1,1,1,1,1,1,1,1,1,1,1,1,1,1,1,1,1,1,1,1,1,1,1,1,,,
15400000,1,Mar-86,1,1,1709,1556,1629.7097,31,1,1,1,1,0,0,1556,1561,1563,1562,1562,1572,1574,1579,1588,1593,1599,1609,1616,1622,1630,1634,1642,1647,1654,1658,1660,1662,1663,1668,1675,1681,1685,1696,1698,1703,1709,1,1,1,1,1,1,1,1,1,1,1,1,1,1,1,1,1,1,1,1,1,1,1,1,1,1,1,1,1,1,1
15400000,2,Mar-86,1,1,1709,1556,1629.7097,31,1,1,1,1,0,0,1556,1561,1563,1562,1562,1572,1574,1579,1588,1593,1599,1609,1616,1622,1630,1634,1642,1647,1654,1658,1660,1662,1663,1668,1675,1681,1685,1696,1698,1703,1709,1,1,1,1,1,1,1,1,1,1,1,1,1,1,1,1,1,1,1,1,1,1,1,1,1,1,1,1,1,1,1
15400000,1,Apr-86,1,1,1725,1577,1666.6333,4,30,1,1,1,0,0,1715,1719,1722,1725,1725,1722,1720,1713,1708,1704,1699,1696,1691,1689,1678,1670,1660,1645,1636,1634,1637,1642,1639,1630,1617,1605,1599,1594,1588,1577,,1,1,1,1,1,1,1,1,1,1,1,1,1,1,1,1,1,1,1,1,1,1,1,1,1,1,1,1,1,1,
15400000,2,Apr-86,1,1,1725,1577,1666.6333,4,30,1,1,1,0,0,1715,1719,1722,1725,1725,1722,1720,1713,1708,1704,1699,1696,1691,1689,1678,1670,1660,1645,1636,1634,1637,1642,1639,1630,1617,1605,1599,1594,1588,1577,,1,1,1,1,1,1,1,1,1,1,1,1,1,1,1,1,1,1,1,1,1,1,1,1,1,1,1,1,1,1,
15400000,1,May-86,1,1,1574,1428,1483.7742,4,20,1,1,1,0,0,1567,1568,1573,1574,1563,1546,1526,1508,1494,1483,1464,1457,1458,1453,1447,1443,1438,1435,1429,1428,1429,1434,1446,1457,1460,1462,1466,1471,1490,1512,1516,1,1,1,1,1,1,1,1,1,1,1,1,1,1,1,1,1,1,1,1,1,1,1,1,1,1,1,1,1,1,1
15400000,2,May-86,1,1,1574,1428,1483.7742,4,20,1,1,1,0,0,1567,1568,1573,1574,1563,1546,1526,1508,1494,1483,1464,1457,1458,1453,1447,1443,1438,1435,1429,1428,1429,1434,1446,1457,1460,1462,1466,1471,1490,1512,1516,1,1,1,1,1,1,1,1,1,1,1,1,1,1,1,1,1,1,1,1,1,1,1,1,1,1,1,1,1,1,1
15400000,1,Jun-86,1,1,1505,1132,1287.4,1,29,1,1,1,0,0,1505,1489,1470,1449,1431,1411,1391,1370,1346,1325,1305,1286,1270,1262,1254,1248,1244,1254,1259,1261,1240,1222,1210,1199,1189,1169,1155,1141,1132,1135,,1,1,1,1,1,1,1,1,1,1,1,1,1,1,1,1,1,1,1,1,1,1,1,1,1,1,1,1,1,1,
15400000,2,Jun-86,1,1,1505,1132,1287.4,1,29,1,1,1,0,0,1505,1489,1470,1449,1431,1411,1391,1370,1346,1325,1305,1286,1270,1262,1254,1248,1244,1254,1259,1261,1240,1222,1210,1199,1189,1169,1155,1141,1132,1135,,1,1,1,1,1,1,1,1,1,1,1,1,1,1,1,1,1,1,1,1,1,1,1,1,1,1,1,1,1,1,
15400000,1,Jul-86,1,1,1141,862,985.0968,1,31,1,1,1,0,0,1141,1138,1127,1116,1103,1098,1096,1098,1097,1092,1071,1049,1025,1005,984,966,948,929,913,897,885,879,874,869,868,874,883,889,886,876,862,1,1,1,1,1,1,1,1,1,1,1,1,1,1,1,1,1,1,1,1,1,1,1,1,1,1,1,1,1,1,1
15400000,2,Jul-86,1,1,1141,862,985.0968,1,31,1,1,1,0,0,1141,1138,1127,1116,1103,1098,1096,1098,1097,1092,1071,1049,1025,1005,984,966,948,929,913,897,885,879,874,869,868,874,883,889,886,876,862,1,1,1,1,1,1,1,1,1,1,1,1,1,1,1,1,1,1,1,1,1,1,1,1,1,1,1,1,1,1,1
15400000,1,Aug-86,1,1,845,612,722.61292,1,18,1,1,1,0,0,845,826,809,791,776,761,747,734,719,704,691,679,663,649,639,628,619,612,628,718,810,836,822,789,761,737,714,696,678,664,656,1,1,1,1,1,1,1,1,1,1,1,1,1,1,1,1,1,1,1,1,1,1,1,1,1,1,1,1,1,1,1
15400000,2,Aug-86,1,1,845,612,722.61292,1,18,1,1,1,0,0,845,826,809,791,776,761,747,734,719,704,691,679,663,649,639,628,619,612,628,718,810,836,822,789,761,737,714,696,678,664,656,1,1,1,1,1,1,1,1,1,1,1,1,1,1,1,1,1,1,1,1,1,1,1,1,1,1,1,1,1,1,1
15400000,1,Sep-86,1,1,684,561,627.5,28,23,1,1,1,0,0,654,656,660,661,661,660,655,646,636,626,616,614,615,617,622,622,618,612,601,588,576,566,561,566,587,634,672,684,677,662,,1,1,1,1,1,1,1,1,1,1,1,1,1,1,1,1,1,1,1,1,1,1,1,1,1,1,1,1,1,1,
15400000,2,Sep-86,1,1,684,561,627.5,28,23,1,1,1,0,0,654,656,660,661,661,660,655,646,636,626,616,614,615,617,622,622,618,612,601,588,576,566,561,566,587,634,672,684,677,662,,1,1,1,1,1,1,1,1,1,1,1,1,1,1,1,1,1,1,1,1,1,1,1,1,1,1,1,1,1,1,
15400000,1,Oct-86,1,1,746,636,680.32257,5,27,1,1,1,0,0,646,640,672,718,746,743,727,707,690,676,666,663,666,669,666,683,720,738,734,720,704,690,676,661,648,639,636,637,637,636,636,1,1,1,1,1,1,1,1,1,1,1,1,1,1,1,1,1,1,1,1,1,1,1,1,1,1,1,1,1,1,1
15400000,2,Oct-86,1,1,746,636,680.32257,5,27,1,1,1,0,0,646,640,672,718,746,743,727,707,690,676,666,663,666,669,666,683,720,738,734,720,704,690,676,661,648,639,636,637,637,636,636,1,1,1,1,1,1,1,1,1,1,1,1,1,1,1,1,1,1,1,1,1,1,1,1,1,1,1,1,1,1,1
15400000,1,Nov-86,1,1,696,531,611.6333,30,10,1,1,1,0,0,641,645,639,621,600,581,564,550,538,531,543,549,551,554,567,586,602,617,638,658,662,656,635,624,631,650,664,673,683,696,,1,1,1,1,1,1,1,1,1,1,1,1,1,1,1,1,1,1,1,1,1,1,1,1,1,1,1,1,1,1,
15400000,2,Nov-86,1,1,696,531,611.6333,30,10,1,1,1,0,0,641,645,639,621,600,581,564,550,538,531,543,549,551,554,567,586,602,617,638,658,662,656,635,624,631,650,664,673,683,696,,1,1,1,1,1,1,1,1,1,1,1,1,1,1,1,1,1,1,1,1,1,1,1,1,1,1,1,1,1,1,
15400000,1,Dec-86,1,1,1167,726,990.58063,26,1,1,1,1,0,0,726,794,874,920,942,956,968,980,987,983,972,957,947,942,936,928,927,939,948,957,964,985,1029,1099,1149,1167,1167,1160,1147,1132,1126,1,1,1,1,1,1,1,1,1,1,1,1,1,1,1,1,1,1,1,1,1,1,1,1,1,1,1,1,1,1,1
15400000,2,Dec-86,1,1,1167,711,992.67743,26,1,2,2,2,0,0,711,874,874,920,942,956,968,980,987,983,972,957,947,942,936,928,927,939,948,957,964,985,1029,1099,1149,1167,1167,1160,1147,1132,1126,2,2,1,1,1,1,1,1,1,1,1,1,1,1,1,1,1,1,1,1,1,1,1,1,1,1,1,1,1,1,1
15400000,1,Jan-87,1,1,1416,1131,1281.5161,31,1,1,1,1,0,0,1131,1142,1150,1149,1142,1136,1141,1164,1196,1218,1224,1236,1250,1271,1292,1309,1316,1321,1328,1343,1355,1365,1369,1375,1382,1388,1392,1403,1411,1412,1416,1,1,1,1,1,1,1,1,1,1,1,1,1,1,1,1,1,1,1,1,1,1,1,1,1,1,1,1,1,1,1
15400000,2,Jan-87,1,1,1416,1131,1281.5161,31,1,1,1,1,0,0,1131,1142,1150,1149,1142,1136,1141,1164,1196,1218,1224,1236,1250,1271,1292,1309,1316,1321,1328,1343,1355,1365,1369,1375,1382,1388,1392,1403,1411,1412,1416,1,1,1,1,1,1,1,1,1,1,1,1,1,1,1,1,1,1,1,1,1,1,1,1,1,1,1,1,1,1,1
15400000,1,Feb-87,1,1,1473,1310,1417.5,12,27,1,1,1,0,0,1422,1432,1436,1439,1443,1447,1442,1457,1460,1464,1468,1473,1470,1470,1469,1472,1468,1454,1434,1408,1385,1358,1340,1331,1315,1313,1310,1310,,,,1,1,1,1,1,1,1,1,1,1,1,1,1,1,1,1,1,1,1,1,1,1,1,1,1,1,1,1,,,
15400000,2,Feb-87,1,1,1473,1310,1417.5,12,27,1,1,1,0,0,1422,1432,1436,1439,1443,1447,1442,1457,1460,1464,1468,1473,1470,1470,1469,1472,1468,1454,1434,1408,1385,1358,1340,1331,1315,1313,1310,1310,,,,1,1,1,1,1,1,1,1,1,1,1,1,1,1,1,1,1,1,1,1,1,1,1,1,1,1,1,1,,,
15400000,1,Mar-87,1,1,1437,1218,1338.5161,17,31,1,1,1,0,0,1317,1327,1333,1340,1349,1350,1346,1342,1354,1376,1397,1410,1415,1417,1428,1436,1437,1426,1396,1367,1354,1326,1304,1283,1266,1250,1241,1234,1231,1224,1218,1,1,1,1,1,1,1,1,1,1,1,1,1,1,1,1,1,1,1,1,1,1,1,1,1,1,1,1,1,1,1
15400000,2,Mar-87,1,1,1437,1218,1338.5161,17,31,1,1,1,0,0,1317,1327,1333,1340,1349,1350,1346,1342,1354,1376,1397,1410,1415,1417,1428,1436,1437,1426,1396,1367,1354,1326,1304,1283,1266,1250,1241,1234,1231,1224,1218,1,1,1,1,1,1,1,1,1,1,1,1,1,1,1,1,1,1,1,1,1,1,1,1,1,1,1,1,1,1,1
15400000,1,Apr-87,1,1,1296,1168,1218.5667,9,18,1,1,1,0,0,1213,1217,1223,1235,1238,1255,1272,1288,1296,1293,1272,1254,1235,1217,1200,1184,1173,1168,1173,1183,1180,1174,1173,1177,1180,1181,1208,1228,1240,1227,,1,1,1,1,1,1,1,1,1,1,1,1,1,1,1,1,1,1,1,1,1,1,1,1,1,1,1,1,1,1,
15400000,2,Apr-87,1,1,1296,1168,1218.5667,9,18,1,1,1,0,0,1213,1217,1223,1235,1238,1255,1272,1288,1296,1293,1272,1254,1235,1217,1200,1184,1173,1168,1173,1183,1180,1174,1173,1177,1180,1181,1208,1228,1240,1227,,1,1,1,1,1,1,1,1,1,1,1,1,1,1,1,1,1,1,1,1,1,1,1,1,1,1,1,1,1,1,
15400000,1,May-87,1,1,1231,1026,1164.1613,10,31,1,1,1,0,0,1208,1197,1208,1222,1215,1200,1217,1223,1229,1231,1217,1200,1184,1180,1184,1179,1159,1135,1109,1098,1137,1181,1187,1167,1140,1124,1114,1098,1071,1049,1026,1,1,1,1,1,1,1,1,1,1,1,1,1,1,1,1,1,1,1,1,1,1,1,1,1,1,1,1,1,1,1
15400000,2,May-87,1,1,1231,1026,1164.1613,10,31,1,1,1,0,0,1208,1197,1208,1222,1215,1200,1217,1223,1229,1231,1217,1200,1184,1180,1184,1179,1159,1135,1109,1098,1137,1181,1187,1167,1140,1124,1114,1098,1071,1049,1026,1,1,1,1,1,1,1,1,1,1,1,1,1,1,1,1,1,1,1,1,1,1,1,1,1,1,1,1,1,1,1
15400000,1,Jun-87,1,1,1004,736,857.3667,1,30,1,1,1,0,0,1004,980,959,937,921,902,885,870,854,846,862,884,908,907,896,882,865,847,830,820,819,820,814,806,800,785,773,760,749,736,,1,1,1,1,1,1,1,1,1,1,1,1,1,1,1,1,1,1,1,1,1,1,1,1,1,1,1,1,1,1,
15400000,2,Jun-87,1,1,1004,736,857.3667,1,30,1,1,1,0,0,1004,980,959,937,921,902,885,870,854,846,862,884,908,907,896,882,865,847,830,820,819,820,814,806,800,785,773,760,749,736,,1,1,1,1,1,1,1,1,1,1,1,1,1,1,1,1,1,1,1,1,1,1,1,1,1,1,1,1,1,1,
15400000,1,Jul-87,1,1,724,484,585.48389,1,31,1,1,1,0,0,724,715,709,703,694,682,667,652,639,630,612,604,593,590,582,576,564,557,550,545,536,528,515,502,496,491,491,507,510,502,484,1,1,1,1,1,1,1,1,1,1,1,1,1,1,1,1,1,1,1,1,1,1,1,1,1,1,1,1,1,1,1
15400000,2,Jul-87,1,1,724,484,585.48389,1,31,1,1,1,0,0,724,715,709,703,694,682,667,652,639,630,612,604,593,590,582,576,564,557,550,545,536,528,515,502,496,491,491,507,510,502,484,1,1,1,1,1,1,1,1,1,1,1,1,1,1,1,1,1,1,1,1,1,1,1,1,1,1,1,1,1,1,1
15400000,1,Aug-87,1,1,491,338,434.3548,16,31,1,1,1,0,0,469,457,456,462,483,490,484,477,467,459,452,447,444,455,478,491,487,472,458,443,428,414,402,380,370,379,363,363,352,345,338,1,1,1,1,1,1,1,1,1,1,1,1,1,1,1,1,1,1,1,1,1,1,1,1,1,1,1,1,1,1,1
15400000,2,Aug-87,1,1,491,338,434.3548,16,31,1,1,1,0,0,469,457,456,462,483,490,484,477,467,459,452,447,444,455,478,491,487,472,458,443,428,414,402,380,370,379,363,363,352,345,338,1,1,1,1,1,1,1,1,1,1,1,1,1,1,1,1,1,1,1,1,1,1,1,1,1,1,1,1,1,1,1
15400000,1,Sep-87,1,1,376,276,320.20001,23,12,1,1,1,0,0,331,327,321,315,311,305,297,291,287,282,279,276,276,278,281,284,291,301,313,328,350,370,376,373,368,362,356,355,359,363,,1,1,1,1,1,1,1,1,1,1,1,1,1,1,1,1,1,1,1,1,1,1,1,1,1,1,1,1,1,1,
15400000,2,Sep-87,1,1,376,276,320.20001,23,12,1,1,1,0,0,331,327,321,315,311,305,297,291,287,282,279,276,276,278,281,284,291,301,313,328,350,370,376,373,368,362,356,355,359,363,,1,1,1,1,1,1,1,1,1,1,1,1,1,1,1,1,1,1,1,1,1,1,1,1,1,1,1,1,1,1,
15400000,1,Oct-87,1,1,693,267,377.6774,29,22,1,1,1,0,0,363,364,365,364,357,345,332,320,311,304,298,297,306,311,311,306,293,284,276,273,268,267,280,327,394,470,577,672,693,690,690,1,1,1,1,1,1,1,1,1,1,1,1,1,1,1,1,1,1,1,1,1,1,1,1,1,1,1,1,1,1,1
15400000,2,Oct-87,1,1,693,267,377.6774,29,22,1,1,1,0,0,363,364,365,364,357,345,332,320,311,304,298,297,306,311,311,306,293,284,276,273,268,267,280,327,394,470,577,672,693,690,690,1,1,1,1,1,1,1,1,1,1,1,1,1,1,1,1,1,1,1,1,1,1,1,1,1,1,1,1,1,1,1
15400000,1,Nov-87,1,1,802,599,702.06671,23,11,1,1,1,0,0,703,702,684,666,654,639,629,625,606,601,599,602,604,620,670,718,728,718,708,717,750,787,802,802,798,794,789,789,786,772,,1,1,1,1,1,1,1,1,1,1,1,1,1,1,1,1,1,1,1,1,1,1,1,1,1,1,1,1,1,1,
15400000,2,Nov-87,1,1,802,599,702.06671,23,11,1,1,1,0,0,703,702,684,666,654,639,629,625,606,601,599,602,604,620,670,718,728,718,708,717,750,787,802,802,798,794,789,789,786,772,,1,1,1,1,1,1,1,1,1,1,1,1,1,1,1,1,1,1,1,1,1,1,1,1,1,1,1,1,1,1,
15400000,1,Dec-87,1,1,1222,835,1113.4517,25,2,1,1,1,0,0,873,835,883,909,938,979,1028,1070,1110,1138,1167,1156,1134,1135,1148,1155,1156,1156,1155,1160,1163,1174,1193,1210,1222,1216,1212,1207,1207,1210,1218,1,1,1,1,1,1,1,1,1,1,1,1,1,1,1,1,1,1,1,1,1,1,1,1,1,1,1,1,1,1,1
15400000,2,Dec-87,1,1,1239,835,1118.0645,25,2,2,2,2,0,0,873,835,883,909,938,979,1028,1070,1110,1138,1167,1156,1134,1135,1148,1155,1156,1156,1155,1160,1163,1174,1193,1238,1239,1236,1229,1226,1223,1223,1231,1,1,1,1,1,1,1,1,1,1,1,1,1,1,1,1,1,1,1,1,1,1,1,2,2,2,2,2,2,2,2
15400000,1,Jan-88,1,1,1405,1207,1275,31,7,1,1,1,0,0,1218,1215,1217,1217,1215,1209,1207,1210,1221,1231,1238,1250,1259,1267,1274,1274,1275,1267,1269,1279,1281,1317,1322,1321,1319,1318,1328,1346,1368,1388,1405,1,1,1,1,1,1,1,1,1,1,1,1,1,1,1,1,1,1,1,1,1,1,1,1,1,1,1,1,1,1,1
15400000,2,Jan-88,1,1,1422,1201,1273.3871,31,8,2,2,2,0,0,1232,1228,1226,1226,1221,1214,1204,1201,1211,1222,1230,1238,1248,1264,1271,1267,1256,1251,1259,1273,1297,1315,1324,1323,1311,1306,1317,1340,1374,1404,1422,2,2,2,2,2,2,2,2,2,2,2,2,2,2,2,2,2,2,2,2,2,2,2,2,2,2,2,2,2,2,2
15400000,1,Feb-88,1,1,1492,1396,1440.6207,29,19,1,1,1,0,0,1414,1421,1428,1434,1436,1435,1431,1433,1433,1437,1448,1450,1449,1441,1429,1430,1422,1401,1396,1399,1413,1436,1453,1467,1484,1488,1490,1488,1492,,,1,1,1,1,1,1,1,1,1,1,1,1,1,1,1,1,1,1,1,1,1,1,1,1,1,1,1,1,1,,
15400000,2,Feb-88,1,1,1492,1347,1429.4138,29,19,2,2,2,0,0,1439,1451,1456,1456,1453,1446,1437,1431,1431,1437,1443,1445,1438,1410,1398,1387,1376,1361,1347,1350,1373,1405,1442,1473,1476,1474,1466,1460,1492,,,2,2,2,2,2,2,2,2,2,1,2,2,2,2,2,2,2,2,2,2,2,2,2,2,2,2,2,2,1,,
15400000,1,Mar-88,1,1,1570,1406,1496,24,12,1,1,1,0,0,1484,1484,1488,1489,1484,1467,1452,1438,1428,1422,1412,1406,1408,1420,1434,1453,1479,1504,1518,1528,1542,1555,1566,1570,1569,1564,1560,1560,1560,1565,1567,1,1,1,1,1,1,1,1,1,1,1,1,1,1,1,1,1,1,1,1,1,1,1,1,1,1,1,1,1,1,1
15400000,2,Mar-88,1,1,1570,1406,1496,24,12,1,1,1,0,0,1484,1484,1488,1489,1484,1467,1452,1438,1428,1422,1412,1406,1408,1420,1434,1453,1479,1504,1518,1528,1542,1555,1566,1570,1569,1564,1560,1560,1560,1565,1567,1,1,1,1,1,1,1,1,1,1,1,1,1,1,1,1,1,1,1,1,1,1,1,1,1,1,1,1,1,1,1
15400000,1,Apr-88,1,1,1618,1570,1598.8667,25,1,1,1,1,0,0,1570,1579,1585,1589,1599,1607,1596,1590,1594,1597,1597,1597,1597,1597,1597,1598,1597,1597,1599,1602,1607,1612,1616,1617,1618,1615,1606,1600,1598,1593,,1,1,1,1,1,1,1,1,1,1,1,1,1,1,1,1,1,1,1,1,1,1,1,1,1,1,1,1,1,1,
15400000,2,Apr-88,1,1,1618,1570,1598.8667,25,1,1,1,1,0,0,1570,1579,1585,1589,1599,1607,1596,1590,1594,1597,1597,1597,1597,1597,1597,1598,1597,1597,1599,1602,1607,1612,1616,1617,1618,1615,1606,1600,1598,1593,,1,1,1,1,1,1,1,1,1,1,1,1,1,1,1,1,1,1,1,1,1,1,1,1,1,1,1,1,1,1,
15400000,1,May-88,1,1,1583,1308,1410.0968,1,25,1,1,1,0,0,1583,1571,1560,1550,1543,1532,1513,1498,1475,1461,1446,1436,1420,1405,1395,1382,1370,1357,1347,1335,1328,1322,1317,1311,1308,1314,1327,1335,1330,1324,1318,1,1,1,1,1,1,1,1,1,1,1,1,1,1,1,1,1,1,1,1,1,1,1,1,1,1,1,1,1,1,1
15400000,2,May-88,1,1,1583,1308,1410.0968,1,25,1,1,1,0,0,1583,1571,1560,1550,1543,1532,1513,1498,1475,1461,1446,1436,1420,1405,1395,1382,1370,1357,1347,1335,1328,1322,1317,1311,1308,1314,1327,1335,1330,1324,1318,1,1,1,1,1,1,1,1,1,1,1,1,1,1,1,1,1,1,1,1,1,1,1,1,1,1,1,1,1,1,1
15400000,1,Jun-88,1,1,1341,951,1146.2333,5,30,1,1,1,0,0,1307,1292,1292,1324,1341,1329,1303,1277,1251,1228,1210,1191,1174,1155,1142,1129,1111,1103,1090,1077,1064,1052,1039,1023,1011,999,986,973,963,951,,1,1,1,1,1,1,1,1,1,1,1,1,1,1,1,1,1,1,1,1,1,1,1,1,1,1,1,1,1,1,
15400000,2,Jun-88,1,1,1341,951,1146.2333,5,30,1,1,1,0,0,1307,1292,1292,1324,1341,1329,1303,1277,1251,1228,1210,1191,1174,1155,1142,1129,1111,1103,1090,1077,1064,1052,1039,1023,1011,999,986,973,963,951,,1,1,1,1,1,1,1,1,1,1,1,1,1,1,1,1,1,1,1,1,1,1,1,1,1,1,1,1,1,1,
15400000,1,Jul-88,1,1,939,615,809.06451,1,31,1,1,1,0,0,939,928,914,907,899,894,884,872,852,850,845,861,887,890,882,871,853,834,814,796,776,759,738,721,705,687,672,659,648,629,615,1,1,1,1,1,1,1,1,1,1,1,1,1,1,1,1,1,1,1,1,1,1,1,1,1,1,1,1,1,1,1
15400000,2,Jul-88,1,1,939,615,809.06451,1,31,1,1,1,0,0,939,928,914,907,899,894,884,872,852,850,845,861,887,890,882,871,853,834,814,796,776,759,738,721,705,687,672,659,648,629,615,1,1,1,1,1,1,1,1,1,1,1,1,1,1,1,1,1,1,1,1,1,1,1,1,1,1,1,1,1,1,1
15400000,1,Aug-88,1,1,601,351,458.3548,1,31,1,1,1,0,0,601,589,577,566,553,542,533,521,509,499,491,481,472,466,459,452,444,435,426,417,408,400,395,386,382,379,375,373,367,360,351,1,1,1,1,1,1,1,1,1,1,1,1,1,1,1,1,1,1,1,1,1,1,1,1,1,1,1,1,1,1,1
15400000,2,Aug-88,1,1,601,351,458.3548,1,31,1,1,1,0,0,601,589,577,566,553,542,533,521,509,499,491,481,472,466,459,452,444,435,426,417,408,400,395,386,382,379,375,373,367,360,351,1,1,1,1,1,1,1,1,1,1,1,1,1,1,1,1,1,1,1,1,1,1,1,1,1,1,1,1,1,1,1
15400000,1,Sep-88,1,1,344,248,287.83331,1,22,1,1,1,0,0,344,336,330,324,318,310,303,300,295,289,285,282,278,274,270,266,260,257,256,254,250,248,248,268,286,300,305,303,300,296,,1,1,1,1,1,1,1,1,1,1,1,1,1,1,1,1,1,1,1,1,1,1,1,1,1,1,1,1,1,1,
15400000,2,Sep-88,1,1,344,248,287.83331,1,22,1,1,1,0,0,344,336,330,324,318,310,303,300,295,289,285,282,278,274,270,266,260,257,256,254,250,248,248,268,286,300,305,303,300,296,,1,1,1,1,1,1,1,1,1,1,1,1,1,1,1,1,1,1,1,1,1,1,1,1,1,1,1,1,1,1,
15400000,1,Oct-88,1,1,351,290,321.03229,25,2,1,1,1,0,0,293,290,291,294,302,320,330,331,332,335,334,330,328,326,324,321,317,315,311,308,313,328,338,350,351,342,332,323,316,314,313,1,1,1,1,1,1,1,1,1,1,1,1,1,1,1,1,1,1,1,1,1,1,1,1,1,1,1,1,1,1,1
15400000,2,Oct-88,1,1,351,290,321.03229,25,2,1,1,1,0,0,293,290,291,294,302,320,330,331,332,335,334,330,328,326,324,321,317,315,311,308,313,328,338,350,351,342,332,323,316,314,313,1,1,1,1,1,1,1,1,1,1,1,1,1,1,1,1,1,1,1,1,1,1,1,1,1,1,1,1,1,1,1
15400000,1,Nov-88,1,1,510,313,428.96671,30,2,1,1,1,0,0,314,313,317,362,432,465,465,448,446,458,477,484,479,469,464,451,437,418,409,396,395,398,416,435,439,436,435,437,464,510,,1,1,1,1,1,1,1,1,1,1,1,1,1,1,1,1,1,1,1,1,1,1,1,1,1,1,1,1,1,1,
15400000,2,Nov-88,1,1,510,313,428.96671,30,2,1,1,1,0,0,314,313,317,362,432,465,465,448,446,458,477,484,479,469,464,451,437,418,409,396,395,398,416,435,439,436,435,437,464,510,,1,1,1,1,1,1,1,1,1,1,1,1,1,1,1,1,1,1,1,1,1,1,1,1,1,1,1,1,1,1,
15400000,1,Dec-88,1,1,781,539,666.48389,31,4,1,1,1,0,0,543,549,540,539,545,558,569,595,655,679,688,676,665,673,684,696,695,686,679,673,665,678,732,752,745,739,739,742,747,754,781,1,1,1,1,1,1,1,1,1,1,1,1,1,1,1,1,1,1,1,1,1,1,1,1,1,1,1,1,1,1,1
15400000,2,Dec-88,1,1,781,539,666.48389,31,4,1,1,1,0,0,543,549,540,539,545,558,569,595,655,679,688,676,665,673,684,696,695,686,679,673,665,678,732,752,745,739,739,742,747,754,781,1,1,1,1,1,1,1,1,1,1,1,1,1,1,1,1,1,1,1,1,1,1,1,1,1,1,1,1,1,1,1
15400000,1,Jan-89,1,1,1298,898,1142.4839,31,1,1,1,1,0,0,898,1022,1102,1128,1131,1139,1137,1140,1138,1141,1138,1127,1127,1148,1163,1164,1153,1139,1129,1121,1147,1167,1178,1176,1167,1155,1153,1159,1176,1256,1298,1,1,1,1,1,1,1,1,1,1,1,1,1,1,1,1,1,1,1,1,1,1,1,1,1,1,1,1,1,1,1
15400000,2,Jan-89,1,1,1298,898,1142.4839,31,1,1,1,1,0,0,898,1022,1102,1128,1131,1139,1137,1140,1138,1141,1138,1127,1127,1148,1163,1164,1153,1139,1129,1121,1147,1167,1178,1176,1167,1155,1153,1159,1176,1256,1298,1,1,1,1,1,1,1,1,1,1,1,1,1,1,1,1,1,1,1,1,1,1,1,1,1,1,1,1,1,1,1
15400000,1,Feb-89,1,1,1396,1324,1351.25,28,22,1,1,1,0,0,1331,1353,1361,1357,1348,1341,1333,1331,1336,1346,1357,1361,1366,1358,1360,1361,1366,1367,1358,1340,1330,1324,1324,1329,1348,1366,1387,1396,,,,1,1,1,1,1,1,1,1,1,1,1,1,1,1,1,1,1,1,1,1,1,1,1,1,1,1,1,1,,,
15400000,2,Feb-89,1,1,1396,1324,1351.25,28,22,1,1,1,0,0,1331,1353,1361,1357,1348,1341,1333,1331,1336,1346,1357,1361,1366,1358,1360,1361,1366,1367,1358,1340,1330,1324,1324,1329,1348,1366,1387,1396,,,,1,1,1,1,1,1,1,1,1,1,1,1,1,1,1,1,1,1,1,1,1,1,1,1,1,1,1,1,,,
15400000,1,Mar-89,1,1,1470,1397,1436.0323,12,7,1,1,1,0,0,1401,1413,1421,1424,1415,1406,1397,1404,1431,1456,1467,1470,1464,1456,1453,1457,1461,1463,1460,1451,1436,1424,1422,1431,1441,1443,1439,1431,1425,1428,1427,1,1,1,1,1,1,1,1,1,1,1,1,1,1,1,1,1,1,1,1,1,1,1,1,1,1,1,1,1,1,1
15400000,2,Mar-89,1,1,1470,1397,1436.0323,12,7,1,1,1,0,0,1401,1413,1421,1424,1415,1406,1397,1404,1431,1456,1467,1470,1464,1456,1453,1457,1461,1463,1460,1451,1436,1424,1422,1431,1441,1443,1439,1431,1425,1428,1427,1,1,1,1,1,1,1,1,1,1,1,1,1,1,1,1,1,1,1,1,1,1,1,1,1,1,1,1,1,1,1
15400000,1,Apr-89,1,1,1453,1351,1415.6333,8,30,1,1,1,0,0,1427,1434,1435,1430,1424,1425,1442,1453,1452,1440,1427,1424,1423,1415,1407,1407,1411,1414,1410,1403,1394,1388,1391,1410,1426,1427,1413,1393,1373,1351,,1,1,1,1,1,1,1,1,1,1,1,1,1,1,1,1,1,1,1,1,1,1,1,1,1,1,1,1,1,1,
15400000,2,Apr-89,1,1,1453,1351,1415.6333,8,30,1,1,1,0,0,1427,1434,1435,1430,1424,1425,1442,1453,1452,1440,1427,1424,1423,1415,1407,1407,1411,1414,1410,1403,1394,1388,1391,1410,1426,1427,1413,1393,1373,1351,,1,1,1,1,1,1,1,1,1,1,1,1,1,1,1,1,1,1,1,1,1,1,1,1,1,1,1,1,1,1,
15400000,1,May-89,1,1,1358,1032,1219.5806,9,31,1,1,1,0,0,1332,1326,1328,1327,1318,1322,1339,1357,1358,1344,1326,1311,1298,1280,1261,1237,1213,1196,1178,1151,1144,1128,1118,1107,1101,1097,1090,1078,1062,1048,1032,1,1,1,1,1,1,1,1,1,1,1,1,1,1,1,1,1,1,1,1,1,1,1,1,1,1,1,1,1,1,1
15400000,2,May-89,1,1,1358,1032,1219.5806,9,31,1,1,1,0,0,1332,1326,1328,1327,1318,1322,1339,1357,1358,1344,1326,1311,1298,1280,1261,1237,1213,1196,1178,1151,1144,1128,1118,1107,1101,1097,1090,1078,1062,1048,1032,1,1,1,1,1,1,1,1,1,1,1,1,1,1,1,1,1,1,1,1,1,1,1,1,1,1,1,1,1,1,1
15400000,1,Jun-89,1,1,1014,811,913.96667,1,30,1,1,1,0,0,1014,1007,1002,989,968,958,949,944,939,928,915,901,889,890,899,922,939,952,941,925,905,885,867,856,851,855,852,840,826,811,,1,1,1,1,1,1,1,1,1,1,1,1,1,1,1,1,1,1,1,1,1,1,1,1,1,1,1,1,1,1,
15400000,2,Jun-89,1,1,1014,811,913.96667,1,30,1,1,1,0,0,1014,1007,1002,989,968,958,949,944,939,928,915,901,889,890,899,922,939,952,941,925,905,885,867,856,851,855,852,840,826,811,,1,1,1,1,1,1,1,1,1,1,1,1,1,1,1,1,1,1,1,1,1,1,1,1,1,1,1,1,1,1,
15400000,1,Jul-89,1,1,821,519,696.0968,8,31,1,1,1,0,0,793,780,765,755,759,790,814,821,819,811,797,783,768,749,734,721,706,689,674,659,644,631,618,606,595,581,565,555,544,534,519,1,1,1,1,1,1,1,1,1,1,1,1,1,1,1,1,1,1,1,1,1,1,1,1,1,1,1,1,1,1,1
15400000,2,Jul-89,1,1,821,519,696.0968,8,31,1,1,1,0,0,793,780,765,755,759,790,814,821,819,811,797,783,768,749,734,721,706,689,674,659,644,631,618,606,595,581,565,555,544,534,519,1,1,1,1,1,1,1,1,1,1,1,1,1,1,1,1,1,1,1,1,1,1,1,1,1,1,1,1,1,1,1
15400000,1,Aug-89,1,1,514,343,452.38708,3,31,1,1,1,0,0,506,511,514,513,510,504,500,499,500,500,505,499,490,478,471,474,470,457,449,443,438,428,415,403,390,378,370,362,356,348,343,1,1,1,1,1,1,1,1,1,1,1,1,1,1,1,1,1,1,1,1,1,1,1,1,1,1,1,1,1,1,1
15400000,2,Aug-89,1,1,514,343,452.38708,3,31,1,1,1,0,0,506,511,514,513,510,504,500,499,500,500,505,499,490,478,471,474,470,457,449,443,438,428,415,403,390,378,370,362,356,348,343,1,1,1,1,1,1,1,1,1,1,1,1,1,1,1,1,1,1,1,1,1,1,1,1,1,1,1,1,1,1,1
15400000,1,Sep-89,1,1,582,331,430.5,24,4,1,1,1,0,0,339,336,333,331,335,344,355,368,388,403,404,409,411,408,400,394,388,380,384,422,491,561,581,582,572,555,540,518,501,482,,1,1,1,1,1,1,1,1,1,1,1,1,1,1,1,1,1,1,1,1,1,1,1,1,1,1,1,1,1,1,
15400000,2,Sep-89,1,1,582,331,430.5,24,4,1,1,1,0,0,339,336,333,331,335,344,355,368,388,403,404,409,411,408,400,394,388,380,384,422,491,561,581,582,572,555,540,518,501,482,,1,1,1,1,1,1,1,1,1,1,1,1,1,1,1,1,1,1,1,1,1,1,1,1,1,1,1,1,1,1,
15400000,1,Oct-89,1,1,467,325,387.93549,1,20,1,1,1,0,0,467,452,436,429,428,427,423,414,407,395,382,372,366,356,347,339,333,329,326,325,332,341,350,358,367,391,417,441,436,426,414,1,1,1,1,1,1,1,1,1,1,1,1,1,1,1,1,1,1,1,1,1,1,1,1,1,1,1,1,1,1,1
15400000,2,Oct-89,1,1,467,325,387.93549,1,20,1,1,1,0,0,467,452,436,429,428,427,423,414,407,395,382,372,366,356,347,339,333,329,326,325,332,341,350,358,367,391,417,441,436,426,414,1,1,1,1,1,1,1,1,1,1,1,1,1,1,1,1,1,1,1,1,1,1,1,1,1,1,1,1,1,1,1
15400000,1,Nov-89,1,1,568,395,473.56671,23,2,1,1,1,0,0,399,395,395,400,408,412,416,417,421,432,446,456,466,478,485,500,510,519,525,533,548,564,568,550,537,519,489,473,462,484,,1,1,1,1,1,1,1,1,1,1,1,1,1,1,1,1,1,1,1,1,1,1,1,1,1,1,1,1,1,1,
15400000,2,Nov-89,1,1,568,395,473.56671,23,2,1,1,1,0,0,399,395,395,400,408,412,416,417,421,432,446,456,466,478,485,500,510,519,525,533,548,564,568,550,537,519,489,473,462,484,,1,1,1,1,1,1,1,1,1,1,1,1,1,1,1,1,1,1,1,1,1,1,1,1,1,1,1,1,1,1,
15400000,1,Dec-89,1,1,905,473,669.83868,31,9,1,1,1,0,0,517,553,549,541,540,511,493,482,473,475,481,492,516,591,613,625,632,661,721,804,819,833,839,846,856,870,879,877,880,891,905,1,1,1,1,1,1,1,1,1,1,1,1,1,1,1,1,1,1,1,1,1,1,1,1,1,1,1,1,1,1,1
15400000,2,Dec-89,1,1,905,473,669.83868,31,9,1,1,1,0,0,517,553,549,541,540,511,493,482,473,475,481,492,516,591,613,625,632,661,721,804,819,833,839,846,856,870,879,877,880,891,905,1,1,1,1,1,1,1,1,1,1,1,1,1,1,1,1,1,1,1,1,1,1,1,1,1,1,1,1,1,1,1
15400000,1,Jan-90,1,1,1275,940,1120.5483,23,1,1,1,1,0,0,940,1012,1047,1066,1056,1066,1049,1036,1029,1013,995,989,996,987,999,1074,1111,1160,1186,1198,1211,1235,1275,1253,1252,1261,1253,1246,1234,1248,1260,1,1,1,1,1,1,1,1,1,1,1,1,1,1,1,1,1,1,1,1,1,1,1,1,1,1,1,1,1,1,1
15400000,2,Jan-90,1,1,1275,940,1120.5483,23,1,1,1,1,0,0,940,1012,1047,1066,1056,1066,1049,1036,1029,1013,995,989,996,987,999,1074,1111,1160,1186,1198,1211,1235,1275,1253,1252,1261,1253,1246,1234,1248,1260,1,1,1,1,1,1,1,1,1,1,1,1,1,1,1,1,1,1,1,1,1,1,1,1,1,1,1,1,1,1,1
15400000,1,Feb-90,1,1,1404,1218,1335.25,19,5,1,1,1,0,0,1259,1245,1232,1224,1218,1270,1303,1325,1340,1348,1352,1343,1335,1336,1365,1384,1395,1401,1404,1402,1400,1393,1376,1364,1357,1349,1339,1328,,,,1,1,1,1,1,1,1,1,1,1,1,1,1,1,1,1,1,1,1,1,1,1,1,1,1,1,1,1,,,
15400000,2,Feb-90,1,1,1404,1218,1335.25,19,5,1,1,1,0,0,1259,1245,1232,1224,1218,1270,1303,1325,1340,1348,1352,1343,1335,1336,1365,1384,1395,1401,1404,1402,1400,1393,1376,1364,1357,1349,1339,1328,,,,1,1,1,1,1,1,1,1,1,1,1,1,1,1,1,1,1,1,1,1,1,1,1,1,1,1,1,1,,,
15400000,1,Mar-90,1,1,1452,1261,1358.1613,7,31,1,1,1,0,0,1317,1319,1372,1405,1436,1450,1452,1439,1425,1410,1403,1398,1391,1373,1367,1368,1376,1374,1365,1353,1342,1333,1312,1307,1301,1298,1298,1296,1292,1270,1261,1,1,1,1,1,1,1,1,1,1,1,1,1,1,1,1,1,1,1,1,1,1,1,1,1,1,1,1,1,1,1
15400000,2,Mar-90,1,1,1452,1261,1358.1613,7,31,1,1,1,0,0,1317,1319,1372,1405,1436,1450,1452,1439,1425,1410,1403,1398,1391,1373,1367,1368,1376,1374,1365,1353,1342,1333,1312,1307,1301,1298,1298,1296,1292,1270,1261,1,1,1,1,1,1,1,1,1,1,1,1,1,1,1,1,1,1,1,1,1,1,1,1,1,1,1,1,1,1,1
15400000,1,Apr-90,1,1,1299,1194,1241.3333,8,30,1,1,1,0,0,1253,1246,1244,1278,1279,1280,1288,1299,1282,1271,1257,1247,1240,1231,1227,1225,1221,1220,1220,1223,1219,1214,1210,1218,1227,1248,1241,1225,1213,1194,,1,1,1,1,1,1,1,1,1,1,1,1,1,1,1,1,1,1,1,1,1,1,1,1,1,1,1,1,1,1,
15400000,2,Apr-90,1,1,1299,1194,1241.3333,8,30,1,1,1,0,0,1253,1246,1244,1278,1279,1280,1288,1299,1282,1271,1257,1247,1240,1231,1227,1225,1221,1220,1220,1223,1219,1214,1210,1218,1227,1248,1241,1225,1213,1194,,1,1,1,1,1,1,1,1,1,1,1,1,1,1,1,1,1,1,1,1,1,1,1,1,1,1,1,1,1,1,
15400000,1,May-90,1,1,1219,1037,1171.3226,19,31,1,1,1,0,0,1185,1179,1180,1196,1198,1196,1191,1172,1162,1177,1179,1174,1169,1166,1182,1201,1218,1217,1219,1189,1166,1156,1159,1173,1184,1179,1159,1135,1115,1098,1037,1,1,1,1,1,1,1,1,1,1,1,1,1,1,1,1,1,1,1,1,1,1,1,1,1,1,1,1,1,1,1
15400000,2,May-90,1,1,1219,1037,1171.3226,19,31,1,1,1,0,0,1185,1179,1180,1196,1198,1196,1191,1172,1162,1177,1179,1174,1169,1166,1182,1201,1218,1217,1219,1189,1166,1156,1159,1173,1184,1179,1159,1135,1115,1098,1037,1,1,1,1,1,1,1,1,1,1,1,1,1,1,1,1,1,1,1,1,1,1,1,1,1,1,1,1,1,1,1
15400000,1,Jun-90,1,1,1129,941,1041.1667,12,29,1,1,1,0,0,1056,1044,1039,1043,1075,1084,1079,1071,1070,1080,1093,1129,1066,1062,1045,1032,1063,1082,1072,1060,1047,1032,1022,1005,993,982,969,954,941,945,,1,1,1,1,1,1,1,1,1,1,1,1,1,1,1,1,1,1,1,1,1,1,1,1,1,1,1,1,1,1,
15400000,2,Jun-90,1,1,1129,941,1041.1667,12,29,1,1,1,0,0,1056,1044,1039,1043,1075,1084,1079,1071,1070,1080,1093,1129,1066,1062,1045,1032,1063,1082,1072,1060,1047,1032,1022,1005,993,982,969,954,941,945,,1,1,1,1,1,1,1,1,1,1,1,1,1,1,1,1,1,1,1,1,1,1,1,1,1,1,1,1,1,1,
15400000,1,Jul-90,1,1,986,608,790.74188,3,26,1,1,1,0,0,941,974,986,976,965,923,936,944,868,850,844,819,793,784,779,786,820,830,819,795,771,746,663,615,610,608,608,608,608,614,630,1,1,1,1,1,1,1,1,1,1,1,1,1,1,1,1,1,1,1,1,1,1,1,1,1,1,1,1,1,1,1
15400000,2,Jul-90,1,1,986,608,790.74188,3,26,1,1,1,0,0,941,974,986,976,965,923,936,944,868,850,844,819,793,784,779,786,820,830,819,795,771,746,663,615,610,608,608,608,608,614,630,1,1,1,1,1,1,1,1,1,1,1,1,1,1,1,1,1,1,1,1,1,1,1,1,1,1,1,1,1,1,1
15400000,1,Aug-90,1,1,643,385,484.96771,1,24,1,1,1,0,0,643,637,618,604,569,575,561,550,538,523,510,496,482,468,458,444,435,429,420,416,407,449,391,385,387,399,410,429,458,471,472,1,1,1,1,1,1,1,1,1,1,1,1,1,1,1,1,1,1,1,1,1,1,1,1,1,1,1,1,1,1,1
15400000,2,Aug-90,1,1,643,385,484.96771,1,24,1,1,1,0,0,643,637,618,604,569,575,561,550,538,523,510,496,482,468,458,444,435,429,420,416,407,449,391,385,387,399,410,429,458,471,472,1,1,1,1,1,1,1,1,1,1,1,1,1,1,1,1,1,1,1,1,1,1,1,1,1,1,1,1,1,1,1
15400000,1,Sep-90,1,1,463,373,406.03329,1,29,1,1,1,0,0,463,447,442,433,427,422,417,413,410,408,407,408,403,402,401,399,398,391,382,377,378,390,407,423,417,402,385,377,373,379,,1,1,1,1,1,1,1,1,1,1,1,1,1,1,1,1,1,1,1,1,1,1,1,1,1,1,1,1,1,1,
15400000,2,Sep-90,1,1,463,373,406.03329,1,29,1,1,1,0,0,463,447,442,433,427,422,417,413,410,408,407,408,403,402,401,399,398,391,382,377,378,390,407,423,417,402,385,377,373,379,,1,1,1,1,1,1,1,1,1,1,1,1,1,1,1,1,1,1,1,1,1,1,1,1,1,1,1,1,1,1,
15400000,1,Oct-90,1,1,783,388,503.5806,30,11,1,1,1,0,0,395,415,450,471,462,448,430,413,404,395,388,388,409,416,430,447,466,470,479,476,478,476,469,489,588,700,727,733,750,783,766,1,1,1,1,1,1,1,1,1,1,1,1,1,1,1,1,1,1,1,1,1,1,1,1,1,1,1,1,1,1,1
15400000,2,Oct-90,1,1,683,388,484.2258,30,11,2,2,2,0,0,395,415,450,471,462,448,430,413,404,395,388,388,409,416,430,447,466,470,479,476,478,476,469,489,588,600,627,633,650,683,666,1,1,1,1,1,1,1,1,1,1,1,1,1,1,1,1,1,1,1,1,1,1,1,1,1,2,2,2,2,2,2
15400000,1,Nov-90,1,1,1041,630,887.90002,17,3,1,1,1,0,0,648,639,630,631,661,685,705,766,825,878,906,924,923,913,931,1015,1041,1033,1018,1001,989,980,974,968,974,991,1000,998,995,995,,1,1,1,1,1,1,1,1,1,1,1,1,1,1,1,1,1,1,1,1,1,1,1,1,1,1,1,1,1,1,
15400000,2,Nov-90,1,1,1041,630,887.90002,17,3,1,1,1,0,0,648,639,630,631,661,685,705,766,825,878,906,924,923,913,931,1015,1041,1033,1018,1001,989,980,974,968,974,991,1000,998,995,995,,1,1,1,1,1,1,1,1,1,1,1,1,1,1,1,1,1,1,1,1,1,1,1,1,1,1,1,1,1,1,
15400000,1,Dec-90,1,1,1128,1001,1069.5161,19,1,1,1,1,0,0,1001,1018,1047,1077,1079,1065,1041,1041,1063,1083,1093,1099,1099,1088,1101,1111,1122,1124,1128,1125,1111,1092,1075,1060,1038,1026,1013,1004,1009,1035,1087,1,1,1,1,1,1,1,1,1,1,1,1,1,1,1,1,1,1,1,1,1,1,1,1,1,1,1,1,1,1,1
15400000,2,Dec-90,1,1,1128,1001,1069.5161,19,1,1,1,1,0,0,1001,1018,1047,1077,1079,1065,1041,1041,1063,1083,1093,1099,1099,1088,1101,1111,1122,1124,1128,1125,1111,1092,1075,1060,1038,1026,1013,1004,1009,1035,1087,1,1,1,1,1,1,1,1,1,1,1,1,1,1,1,1,1,1,1,1,1,1,1,1,1,1,1,1,1,1,1
15400000,1,Jan-91,1,1,1446,1120,1308.3226,28,1,1,1,1,0,0,1120,1139,1146,1157,1174,1177,1175,1185,1203,1217,1239,1254,1266,1286,1302,1318,1351,1366,1382,1393,1400,1404,1408,1413,1431,1439,1445,1446,1443,1440,1439,1,1,1,1,1,1,1,1,1,1,1,1,1,1,1,1,1,1,1,1,1,1,1,1,1,1,1,1,1,1,1
15400000,2,Jan-91,1,1,1446,1120,1308.3226,28,1,1,1,1,0,0,1120,1139,1146,1157,1174,1177,1175,1185,1203,1217,1239,1254,1266,1286,1302,1318,1351,1366,1382,1393,1400,1404,1408,1413,1431,1439,1445,1446,1443,1440,1439,1,1,1,1,1,1,1,1,1,1,1,1,1,1,1,1,1,1,1,1,1,1,1,1,1,1,1,1,1,1,1
15400000,1,Feb-91,1,1,1514,1439,1479.1786,28,1,1,1,1,0,0,1439,1444,1445,1454,1473,1488,1495,1491,1481,1468,1461,1452,1455,1462,1472,1477,1481,1478,1478,1486,1492,1498,1501,1503,1506,1510,1513,1514,,,,1,1,1,1,1,1,1,1,1,1,1,1,1,1,1,1,1,1,1,1,1,1,1,1,1,1,1,1,,,
15400000,2,Feb-91,1,1,1514,1439,1479.1786,28,1,1,1,1,0,0,1439,1444,1445,1454,1473,1488,1495,1491,1481,1468,1461,1452,1455,1462,1472,1477,1481,1478,1478,1486,1492,1498,1501,1503,1506,1510,1513,1514,,,,1,1,1,1,1,1,1,1,1,1,1,1,1,1,1,1,1,1,1,1,1,1,1,1,1,1,1,1,,,
15400000,1,Mar-91,1,1,1602,1484,1519.871,31,9,1,1,1,0,0,1516,1518,1512,1504,1499,1496,1493,1490,1484,1487,1488,1488,1486,1488,1490,1489,1495,1492,1497,1511,1521,1532,1541,1546,1556,1562,1572,1581,1585,1595,1602,1,1,1,1,1,1,1,1,1,1,1,1,1,1,1,1,1,1,1,1,1,1,1,1,1,1,1,1,1,1,1
15400000,2,Mar-91,1,1,1602,1484,1519.871,31,9,1,1,1,0,0,1516,1518,1512,1504,1499,1496,1493,1490,1484,1487,1488,1488,1486,1488,1490,1489,1495,1492,1497,1511,1521,1532,1541,1546,1556,1562,1572,1581,1585,1595,1602,1,1,1,1,1,1,1,1,1,1,1,1,1,1,1,1,1,1,1,1,1,1,1,1,1,1,1,1,1,1,1
15400000,1,Apr-91,1,1,1612,1372,1477.4333,2,30,1,1,1,0,0,1609,1612,1596,1579,1559,1542,1526,1517,1511,1508,1505,1499,1483,1469,1456,1455,1452,1450,1448,1437,1435,1424,1416,1412,1420,1417,1412,1406,1396,1372,,1,1,1,1,1,1,1,1,1,1,1,1,1,1,1,1,1,1,1,1,1,1,1,1,1,1,1,1,1,1,
15400000,2,Apr-91,1,1,1612,1372,1477.4333,2,30,1,1,1,0,0,1609,1612,1596,1579,1559,1542,1526,1517,1511,1508,1505,1499,1483,1469,1456,1455,1452,1450,1448,1437,1435,1424,1416,1412,1420,1417,1412,1406,1396,1372,,1,1,1,1,1,1,1,1,1,1,1,1,1,1,1,1,1,1,1,1,1,1,1,1,1,1,1,1,1,1,
15400000,1,May-91,1,1,1359,1178,1276.4517,1,31,1,1,1,0,0,1359,1348,1343,1336,1334,1330,1329,1327,1317,1304,1302,1304,1312,1313,1308,1290,1275,1264,1251,1245,1252,1249,1241,1239,1234,1218,1204,1193,1188,1183,1178,1,1,1,1,1,1,1,1,1,1,1,1,1,1,1,1,1,1,1,1,1,1,1,1,1,1,1,1,1,1,1
15400000,2,May-91,1,1,1359,1178,1276.4517,1,31,1,1,1,0,0,1359,1348,1343,1336,1334,1330,1329,1327,1317,1304,1302,1304,1312,1313,1308,1290,1275,1264,1251,1245,1252,1249,1241,1239,1234,1218,1204,1193,1188,1183,1178,1,1,1,1,1,1,1,1,1,1,1,1,1,1,1,1,1,1,1,1,1,1,1,1,1,1,1,1,1,1,1
15400000,1,Jun-91,1,1,1241,934,1084.6667,13,26,1,1,1,0,0,1164,1162,1149,1141,1130,1117,1101,1093,1093,1110,1178,1129,1241,1224,1194,1158,1131,1099,1074,1049,1023,999,980,958,946,934,943,989,1017,1014,,1,1,1,1,1,1,1,1,1,1,1,1,1,1,1,1,1,1,1,1,1,1,1,1,1,1,1,1,1,1,
15400000,2,Jun-91,1,1,1164,934,1075.6667,1,26,2,2,2,0,0,1164,1162,1149,1141,1130,1117,1101,1093,1093,1110,1118,1129,1141,1154,1154,1158,1131,1099,1074,1049,1023,999,980,958,946,934,943,989,1017,1014,,1,1,1,1,1,1,1,1,1,1,2,1,2,2,2,1,1,1,1,1,1,1,1,1,1,1,1,1,1,1,
15400000,1,Jul-91,1,1,991,624,770.93549,1,29,1,1,1,0,0,991,965,942,919,900,875,867,848,839,925,799,784,765,752,738,725,711,698,697,718,734,744,728,704,689,668,650,630,624,628,642,1,1,1,1,1,1,1,1,1,1,1,1,1,1,1,1,1,1,1,1,1,1,1,1,1,1,1,1,1,1,1
15400000,2,Jul-91,1,1,991,624,767.70972,1,29,2,2,2,0,0,991,965,942,919,900,875,867,848,839,825,799,784,765,752,738,725,711,698,697,718,734,744,728,704,689,668,650,630,624,628,642,1,1,1,1,1,1,1,1,1,2,1,1,1,1,1,1,1,1,1,1,1,1,1,1,1,1,1,1,1,1,1
15400000,1,Aug-91,1,1,642,411,538.77417,1,31,1,1,1,0,0,642,633,619,605,592,578,573,570,566,574,583,575,567,557,551,539,527,522,543,555,550,536,517,503,487,471,458,445,432,421,411,1,1,1,1,1,1,1,1,1,1,1,1,1,1,1,1,1,1,1,1,1,1,1,1,1,1,1,1,1,1,1
15400000,2,Aug-91,1,1,642,411,538.77417,1,31,1,1,1,0,0,642,633,619,605,592,578,573,570,566,574,583,575,567,557,551,539,527,522,543,555,550,536,517,503,487,471,458,445,432,421,411,1,1,1,1,1,1,1,1,1,1,1,1,1,1,1,1,1,1,1,1,1,1,1,1,1,1,1,1,1,1,1
15400000,1,Sep-91,1,1,397,305,348.3667,1,16,1,1,1,0,0,397,387,377,371,372,374,376,373,363,350,346,335,326,318,312,305,305,313,328,341,348,345,339,336,340,347,354,353,357,363,,1,1,1,1,1,1,1,1,1,1,1,1,1,1,1,1,1,1,1,1,1,1,1,1,1,1,1,1,1,1,
15400000,2,Sep-91,1,1,397,305,348.3667,1,16,1,1,1,0,0,397,387,377,371,372,374,376,373,363,350,346,335,326,318,312,305,305,313,328,341,348,345,339,336,340,347,354,353,357,363,,1,1,1,1,1,1,1,1,1,1,1,1,1,1,1,1,1,1,1,1,1,1,1,1,1,1,1,1,1,1,
15400000,1,Oct-91,1,1,497,320,412.5484,18,8,1,1,1,0,0,365,358,349,341,334,326,321,320,329,361,399,412,408,402,415,454,490,497,492,483,470,460,435,419,411,420,447,467,471,468,465,1,1,1,1,1,1,1,1,1,1,1,1,1,1,1,1,1,1,1,1,1,1,1,1,1,1,1,1,1,1,1
15400000,2,Oct-91,1,1,497,320,412.5484,18,8,1,1,1,0,0,365,358,349,341,334,326,321,320,329,361,399,412,408,402,415,454,490,497,492,483,470,460,435,419,411,420,447,467,471,468,465,1,1,1,1,1,1,1,1,1,1,1,1,1,1,1,1,1,1,1,1,1,1,1,1,1,1,1,1,1,1,1
15400000,1,Nov-91,1,1,876,443,645.76672,22,9,1,1,1,0,0,458,451,450,448,446,445,444,446,443,443,453,488,537,578,598,626,662,713,776,822,859,876,876,874,874,875,872,862,848,830,,1,1,1,1,1,1,1,1,1,1,1,1,1,1,1,1,1,1,1,1,1,1,1,1,1,1,1,1,1,1,
15400000,2,Nov-91,1,1,876,443,645.76672,22,9,1,1,1,0,0,458,451,450,448,446,445,444,446,443,443,453,488,537,578,598,626,662,713,776,822,859,876,876,874,874,875,872,862,848,830,,1,1,1,1,1,1,1,1,1,1,1,1,1,1,1,1,1,1,1,1,1,1,1,1,1,1,1,1,1,1,
15400000,1,Dec-91,1,1,1028,794,933.41937,18,3,1,1,1,0,0,812,799,794,796,802,804,812,827,848,872,912,948,960,956,955,978,1012,1028,1022,1006,998,999,997,1001,1004,1009,1007,997,990,991,1000,,,,,,,,,,,,,,,,,,,,,,,,,,,,,,,
15400000,2,Dec-91,1,1,1028,794,933.41937,18,3,1,1,1,0,0,812,799,794,796,802,804,812,827,848,872,912,948,960,956,955,978,1012,1028,1022,1006,998,999,997,1001,1004,1009,1007,997,990,991,1000,1,1,1,1,1,1,1,1,1,1,1,1,1,1,1,1,1,1,1,1,1,1,1,1,1,1,1,1,1,1,1
15400000,1,Jan-92,1,1,1338,1022,1253.5483,23,1,1,1,1,0,0,1022,1072,1135,1166,1176,1182,1197,1218,1236,1243,1244,1233,1223,1222,1232,1251,1270,1288,1298,1308,1319,1331,1338,1338,1332,1331,1333,1334,1334,1330,1324,,,,,,,,,,,,,,,,,,,,,,,,,,,,,,,
15400000,2,Jan-92,1,1,1338,1022,1253.5483,23,1,1,1,1,0,0,1022,1072,1135,1166,1176,1182,1197,1218,1236,1243,1244,1233,1223,1222,1232,1251,1270,1288,1298,1308,1319,1331,1338,1338,1332,1331,1333,1334,1334,1330,1324,1,1,1,1,1,1,1,1,1,1,1,1,1,1,1,1,1,1,1,1,1,1,1,1,1,1,1,1,1,1,1
15400000,1,Feb-92,1,1,1450,1231,1300.0345,29,8,1,1,1,0,0,1322,1317,1303,1284,1264,1250,1237,1231,1260,1279,1286,1280,1275,1273,1269,1255,1243,1236,1236,1239,1263,1296,1331,1364,1388,1408,1424,1438,1450,,,,,,,,,,,,,,,,,,,,,,,,,,,,,,,,,
15400000,2,Feb-92,1,1,1450,1231,1300.0345,29,8,1,1,1,0,0,1322,1317,1303,1284,1264,1250,1237,1231,1260,1279,1286,1280,1275,1273,1269,1255,1243,1236,1236,1239,1263,1296,1331,1364,1388,1408,1424,1438,1450,,,1,1,1,1,1,1,1,1,1,1,1,1,1,1,1,1,1,1,1,1,1,1,1,1,1,1,1,1,1,,
15400000,1,Mar-92,1,1,1604,1460,1557.7419,31,1,1,1,1,0,0,1460,1474,1486,1497,1512,1522,1531,1535,1539,1541,1547,1553,1550,1554,1558,1564,1572,1576,1578,1582,1580,1584,1594,1597,1602,1602,1600,1598,1598,1600,1604,,,,,,,,,,,,,,,,,,,,,,,,,,,,,,,
15400000,2,Mar-92,1,1,1604,1460,1557.7419,31,1,1,1,1,0,0,1460,1474,1486,1497,1512,1522,1531,1535,1539,1541,1547,1553,1550,1554,1558,1564,1572,1576,1578,1582,1580,1584,1594,1597,1602,1602,1600,1598,1598,1600,1604,1,1,1,1,1,1,1,1,1,1,1,1,1,1,1,1,1,1,1,1,1,1,1,1,1,1,1,1,1,1,1
15400000,1,Apr-92,1,1,1604,1462,1527.6333,1,24,1,1,1,0,0,1604,1602,1598,1593,1588,1583,1578,1572,1562,1551,1545,1532,1528,1526,1516,1503,1502,1518,1521,1517,1500,1480,1465,1462,1472,1475,1477,1478,1484,1497,,,,,,,,,,,,,,,,,,,,,,,,,,,,,,,,
15400000,2,Apr-92,1,1,1604,1462,1527.6333,1,24,1,1,1,0,0,1604,1602,1598,1593,1588,1583,1578,1572,1562,1551,1545,1532,1528,1526,1516,1503,1502,1518,1521,1517,1500,1480,1465,1462,1472,1475,1477,1478,1484,1497,,1,1,1,1,1,1,1,1,1,1,1,1,1,1,1,1,1,1,1,1,1,1,1,1,1,1,1,1,1,1,
15400000,1,May-92,1,1,1520,1288,1435.3871,11,31,1,1,1,0,0,1502,1504,1501,1495,1488,1495,1502,1510,1514,1516,1520,1520,1512,1502,1482,1459,1442,1428,1415,1407,1397,1380,1367,1358,1356,1351,1344,1328,1314,1300,1288,,,,,,,,,,,,,,,,,,,,,,,,,,,,,,,
15400000,2,May-92,1,1,1520,1288,1435.3871,11,31,1,1,1,0,0,1502,1504,1501,1495,1488,1495,1502,1510,1514,1516,1520,1520,1512,1502,1482,1459,1442,1428,1415,1407,1397,1380,1367,1358,1356,1351,1344,1328,1314,1300,1288,1,1,1,1,1,1,1,1,1,1,1,1,1,1,1,1,1,1,1,1,1,1,1,1,1,1,1,1,1,1,1
15400000,1,Jun-92,1,1,1319,1156,1233.2667,6,28,1,1,1,0,0,1277,1266,1265,1285,1312,1319,1312,1299,1281,1267,1258,1250,1252,1254,1255,1252,1244,1232,1215,1199,1188,1183,1182,1180,1173,1166,1160,1156,1158,1158,,,,,,,,,,,,,,,,,,,,,,,,,,,,,,,,
15400000,2,Jun-92,1,1,1319,1156,1233.2667,6,28,1,1,1,0,0,1277,1266,1265,1285,1312,1319,1312,1299,1281,1267,1258,1250,1252,1254,1255,1252,1244,1232,1215,1199,1188,1183,1182,1180,1173,1166,1160,1156,1158,1158,,1,1,1,1,1,1,1,1,1,1,1,1,1,1,1,1,1,1,1,1,1,1,1,1,1,1,1,1,1,1,
15400000,1,Jul-92,1,1,1250,902,1088.6774,7,31,1,1,1,0,0,1153,1148,1146,1165,1198,1230,1250,1242,1220,1190,1168,1154,1146,1138,1119,1102,1081,1062,1045,1030,1022,1022,1023,1016,1004,988,972,955,938,920,902,,,,,,,,,,,,,,,,,,,,,,,,,,,,,,,
15400000,2,Jul-92,1,1,1250,902,1088.6774,7,31,1,1,1,0,0,1153,1148,1146,1165,1198,1230,1250,1242,1220,1190,1168,1154,1146,1138,1119,1102,1081,1062,1045,1030,1022,1022,1023,1016,1004,988,972,955,938,920,902,1,1,1,1,1,1,1,1,1,1,1,1,1,1,1,1,1,1,1,1,1,1,1,1,1,1,1,1,1,1,1
15400000,1,Aug-92,1,1,884,491,677.70972,1,24,1,1,1,0,0,884,865,844,823,802,780,760,735,714,694,678,660,642,624,606,588,570,556,543,528,518,508,499,491,492,591,757,833,836,809,779,,,,,,,,,,,,,,,,,,,,,,,,,,,,,,,
15400000,2,Aug-92,1,1,884,491,677.70972,1,24,1,1,1,0,0,884,865,844,823,802,780,760,735,714,694,678,660,642,624,606,588,570,556,543,528,518,508,499,491,492,591,757,833,836,809,779,1,1,1,1,1,1,1,1,1,1,1,1,1,1,1,1,1,1,1,1,1,1,1,1,1,1,1,1,1,1,1
15400000,1,Sep-92,1,1,936,650,783.09998,22,6,1,1,1,0,0,750,724,704,684,665,650,654,702,750,760,745,720,697,688,683,684,692,740,838,906,927,936,933,926,918,911,898,882,867,859,,,,,,,,,,,,,,,,,,,,,,,,,,,,,,,,
15400000,2,Sep-92,1,1,936,650,783.09998,22,6,1,1,1,0,0,750,724,704,684,665,650,654,702,750,760,745,720,697,688,683,684,692,740,838,906,927,936,933,926,918,911,898,882,867,859,,1,1,1,1,1,1,1,1,1,1,1,1,1,1,1,1,1,1,1,1,1,1,1,1,1,1,1,1,1,1,
15400000,1,Oct-92,1,1,990,829,907.58063,3,26,1,1,1,0,0,884,951,990,986,960,939,933,935,941,948,954,958,949,938,931,922,914,911,918,915,900,883,864,846,834,829,830,832,843,848,849,,,,,,,,,,,,,,,,,,,,,,,,,,,,,,,
15400000,2,Oct-92,1,1,990,829,907.58063,3,26,1,1,1,0,0,884,951,990,986,960,939,933,935,941,948,954,958,949,938,931,922,914,911,918,915,900,883,864,846,834,829,830,832,843,848,849,1,1,1,1,1,1,1,1,1,1,1,1,1,1,1,1,1,1,1,1,1,1,1,1,1,1,1,1,1,1,1
15400000,1,Nov-92,1,1,1072,830,905.1333,30,4,1,1,1,0,0,847,842,832,830,844,872,911,923,918,925,949,959,949,926,905,891,879,868,856,845,845,855,868,890,906,933,958,1004,1052,1072,,,,,,,,,,,,,,,,,,,,,,,,,,,,,,,,
15400000,2,Nov-92,1,1,1072,830,905.1333,30,4,1,1,1,0,0,847,842,832,830,844,872,911,923,918,925,949,959,949,926,905,891,879,868,856,845,845,855,868,890,906,933,958,1004,1052,1072,,1,1,1,1,1,1,1,1,1,1,1,1,1,1,1,1,1,1,1,1,1,1,1,1,1,1,1,1,1,1,
15400000,1,Dec-92,1,1,1269,1084,1179.5161,31,1,1,1,1,0,0,1084,1103,1112,1110,1102,1090,1098,1124,1149,1166,1182,1194,1204,1214,1230,1244,1248,1244,1236,1212,1195,1185,1177,1186,1194,1194,1188,1188,1205,1238,1269,,,,,,,,,,,,,,,,,,,,,,,,,,,,,,,
15400000,2,Dec-92,1,1,1269,1084,1179.5161,31,1,1,1,1,0,0,1084,1103,1112,1110,1102,1090,1098,1124,1149,1166,1182,1194,1204,1214,1230,1244,1248,1244,1236,1212,1195,1185,1177,1186,1194,1194,1188,1188,1205,1238,1269,1,1,1,1,1,1,1,1,1,1,1,1,1,1,1,1,1,1,1,1,1,1,1,1,1,1,1,1,1,1,1
15400000,1,Jan-93,1,1,1502,1280,1399.7097,31,1,1,1,1,0,0,1280,1287,1297,1314,1323,1330,1340,1348,1364,1382,1396,1406,1414,1420,1425,1419,1415,1413,1409,1408,1411,1417,1424,1434,1443,1457,1467,1474,1481,1491,1502,1,1,1,1,1,1,1,1,1,1,1,1,1,1,1,1,1,1,1,1,1,1,1,1,1,1,1,1,1,1,1
15400000,2,Jan-93,1,1,1502,1280,1399.7097,31,1,1,1,1,0,0,1280,1287,1297,1314,1323,1330,1340,1348,1364,1382,1396,1406,1414,1420,1425,1419,1415,1413,1409,1408,1411,1417,1424,1434,1443,1457,1467,1474,1481,1491,1502,1,1,1,1,1,1,1,1,1,1,1,1,1,1,1,1,1,1,1,1,1,1,1,1,1,1,1,1,1,1,1
15400000,1,Feb-93,1,1,1625,1503,1581.2144,27,1,1,1,1,0,0,1503,1509,1524,1534,1540,1546,1551,1556,1563,1573,1580,1582,1586,1588,1593,1593,1593,1598,1601,1604,1610,1615,1619,1621,1621,1622,1625,1624,,,,1,1,1,1,1,1,1,1,1,1,1,1,1,1,1,1,1,1,1,1,1,1,1,1,1,1,1,1,,,
15400000,2,Feb-93,1,1,1625,1503,1581.2144,27,1,1,1,1,0,0,1503,1509,1524,1534,1540,1546,1551,1556,1563,1573,1580,1582,1586,1588,1593,1593,1593,1598,1601,1604,1610,1615,1619,1621,1621,1622,1625,1624,,,,1,1,1,1,1,1,1,1,1,1,1,1,1,1,1,1,1,1,1,1,1,1,1,1,1,1,1,1,,,
15400000,1,Mar-93,1,1,1681,1618,1645.5483,17,4,1,1,1,0,0,1624,1622,1620,1618,1619,1622,1626,1630,1637,1642,1648,1654,1659,1668,1673,1679,1681,1679,1672,1663,1653,1648,1638,1632,1631,1631,1637,1643,1648,1655,1660,1,1,1,1,1,1,1,1,1,1,1,1,1,1,1,1,1,1,1,1,1,1,1,1,1,1,1,1,1,1,1
15400000,2,Mar-93,1,1,1681,1618,1645.5483,17,4,1,1,1,0,0,1624,1622,1620,1618,1619,1622,1626,1630,1637,1642,1648,1654,1659,1668,1673,1679,1681,1679,1672,1663,1653,1648,1638,1632,1631,1631,1637,1643,1648,1655,1660,1,1,1,1,1,1,1,1,1,1,1,1,1,1,1,1,1,1,1,1,1,1,1,1,1,1,1,1,1,1,1
15400000,1,Apr-93,1,1,1684,1643,1659.5667,18,13,1,1,1,0,0,1660,1660,1654,1654,1652,1650,1650,1650,1650,1650,1647,1644,1643,1653,1668,1678,1681,1684,1649,1672,1672,1672,1672,1671,1670,1668,1662,1656,1652,1643,,1,1,1,1,1,1,1,1,1,1,1,1,1,1,1,1,1,1,1,1,1,1,1,1,1,1,1,1,1,1,
15400000,2,Apr-93,1,1,1684,1643,1660.5333,18,13,2,2,2,0,0,1660,1660,1654,1654,1652,1650,1650,1650,1650,1650,1647,1644,1643,1653,1668,1678,1681,1684,1678,1672,1672,1672,1672,1671,1670,1668,1662,1656,1652,1643,,1,1,1,1,1,1,1,1,1,1,1,1,1,1,1,1,1,1,2,1,1,1,1,1,1,1,1,1,1,1,
15400000,1,May-93,1,1,1628,1267,1444.6451,1,30,1,1,1,0,0,1628,1608,1589,1576,1567,1557,1544,1529,1507,1487,1471,1462,1456,1452,1445,1430,1417,1413,1435,1451,1453,1438,1412,1379,1350,1326,1305,1285,1273,1267,1272,1,1,1,1,1,1,1,1,1,1,1,1,1,1,1,1,1,1,1,1,1,1,1,1,1,1,1,1,1,1,1
15400000,2,May-93,1,1,1628,1267,1444.6451,1,30,1,1,1,0,0,1628,1608,1589,1576,1567,1557,1544,1529,1507,1487,1471,1462,1456,1452,1445,1430,1417,1413,1435,1451,1453,1438,1412,1379,1350,1326,1305,1285,1273,1267,1272,1,1,1,1,1,1,1,1,1,1,1,1,1,1,1,1,1,1,1,1,1,1,1,1,1,1,1,1,1,1,1
15400000,1,Jun-93,1,1,1278,868,1086,1,30,1,1,1,0,0,1278,1277,1272,1259,1243,1228,1226,1224,1211,1193,1169,1145,1123,1108,1092,1078,1065,1051,1034,1016,998,979,961,944,930,919,908,896,885,868,,1,1,1,1,1,1,1,1,1,1,1,1,1,1,1,1,1,1,1,1,1,1,1,1,1,1,1,1,1,1,
15400000,2,Jun-93,1,1,1278,868,1086,1,30,1,1,1,0,0,1278,1277,1272,1259,1243,1228,1226,1224,1211,1193,1169,1145,1123,1108,1092,1078,1065,1051,1034,1016,998,979,961,944,930,919,908,896,885,868,,1,1,1,1,1,1,1,1,1,1,1,1,1,1,1,1,1,1,1,1,1,1,1,1,1,1,1,1,1,1,
15400000,1,Jul-93,1,1,855,583,726.25812,1,31,1,1,1,0,0,855,836,819,805,790,774,763,749,732,723,723,743,779,791,793,782,765,745,725,712,699,691,684,675,663,650,637,622,610,596,583,1,1,1,1,1,1,1,1,1,1,1,1,1,1,1,1,1,1,1,1,1,1,1,1,1,1,1,1,1,1,1
15400000,2,Jul-93,1,1,855,583,726.25812,1,31,1,1,1,0,0,855,836,819,805,790,774,763,749,732,723,723,743,779,791,793,782,765,745,725,712,699,691,684,675,663,650,637,622,610,596,583,1,1,1,1,1,1,1,1,1,1,1,1,1,1,1,1,1,1,1,1,1,1,1,1,1,1,1,1,1,1,1
15400000,1,Aug-93,1,1,615,479,543.48389,21,16,1,1,1,0,0,573,564,552,540,532,528,530,531,531,527,516,509,501,493,485,479,479,523,581,614,615,600,578,558,544,541,550,557,561,572,584,1,1,1,1,1,1,1,1,1,1,1,1,1,1,1,1,1,1,1,1,1,1,1,1,1,1,1,1,1,1,1
15400000,2,Aug-93,1,1,615,479,543.48389,21,16,1,1,1,0,0,573,564,552,540,532,528,530,531,531,527,516,509,501,493,485,479,479,523,581,614,615,600,578,558,544,541,550,557,561,572,584,1,1,1,1,1,1,1,1,1,1,1,1,1,1,1,1,1,1,1,1,1,1,1,1,1,1,1,1,1,1,1
15400000,1,Sep-93,1,1,585,452,507.39999,1,30,1,1,1,0,0,585,574,556,536,518,503,494,502,529,553,559,555,544,530,517,505,497,495,492,490,487,485,483,477,471,464,459,456,454,452,,1,1,1,1,1,1,1,1,1,1,1,1,1,1,1,1,1,1,1,1,1,1,1,1,1,1,1,1,1,1,
15400000,2,Sep-93,1,1,585,452,507.39999,1,30,1,1,1,0,0,585,574,556,536,518,503,494,502,529,553,559,555,544,530,517,505,497,495,492,490,487,485,483,477,471,464,459,456,454,452,,1,1,1,1,1,1,1,1,1,1,1,1,1,1,1,1,1,1,1,1,1,1,1,1,1,1,1,1,1,1,
15400000,1,Oct-93,1,1,555,452,498.3548,16,1,1,1,1,0,0,452,458,473,480,479,474,471,473,478,479,476,473,485,520,548,555,544,528,512,498,490,481,479,481,494,511,528,536,536,530,527,1,1,1,1,1,1,1,1,1,1,1,1,1,1,1,1,1,1,1,1,1,1,1,1,1,1,1,1,1,1,1
15400000,2,Oct-93,1,1,555,452,498.3548,16,1,1,1,1,0,0,452,458,473,480,479,474,471,473,478,479,476,473,485,520,548,555,544,528,512,498,490,481,479,481,494,511,528,536,536,530,527,1,1,1,1,1,1,1,1,1,1,1,1,1,1,1,1,1,1,1,1,1,1,1,1,1,1,1,1,1,1,1
15400000,1,Nov-93,1,1,989,530,777.76672,25,1,1,1,1,0,0,530,535,547,568,595,635,702,753,787,788,767,740,722,726,749,763,771,771,777,804,839,892,953,986,989,971,944,919,908,902,,1,1,1,1,1,1,1,1,1,1,1,1,1,1,1,1,1,1,1,1,1,1,1,1,1,1,1,1,1,1,
15400000,2,Nov-93,1,1,989,530,777.76672,25,1,1,1,1,0,0,530,535,547,568,595,635,702,753,787,788,767,740,722,726,749,763,771,771,777,804,839,892,953,986,989,971,944,919,908,902,,1,1,1,1,1,1,1,1,1,1,1,1,1,1,1,1,1,1,1,1,1,1,1,1,1,1,1,1,1,1,
15400000,1,Dec-93,1,1,1222,894,1053.8387,26,1,1,1,1,0,0,894,898,915,928,934,926,910,916,933,947,962,972,980,989,1001,1017,1054,1085,1101,1110,1138,1170,1195,1211,1216,1222,1222,1215,1205,1200,1203,1,1,1,1,1,1,1,1,1,1,1,1,1,1,1,1,1,1,1,1,1,1,1,1,1,1,1,1,1,1,1
15400000,2,Dec-93,1,1,1222,894,1053.8387,26,1,1,1,1,0,0,894,898,915,928,934,926,910,916,933,947,962,972,980,989,1001,1017,1054,1085,1101,1110,1138,1170,1195,1211,1216,1222,1222,1215,1205,1200,1203,1,1,1,1,1,1,1,1,1,1,1,1,1,1,1,1,1,1,1,1,1,1,1,1,1,1,1,1,1,1,1
15400000,1,Jan-94,1,1,1309,1204,1253,31,1,1,1,1,0,0,1204,1207,1208,1218,1231,1242,1251,1262,1268,1277,1286,1281,1270,1273,1279,1283,1277,1258,1240,1222,1219,1226,1226,1229,1242,1259,1266,1271,1274,1285,1309,1,1,1,1,1,1,1,1,1,1,1,1,1,1,1,1,1,1,1,1,1,1,1,1,1,1,1,1,1,1,1
15400000,2,Jan-94,1,1,1309,1204,1253,31,1,1,1,1,0,0,1204,1207,1208,1218,1231,1242,1251,1262,1268,1277,1286,1281,1270,1273,1279,1283,1277,1258,1240,1222,1219,1226,1226,1229,1242,1259,1266,1271,1274,1285,1309,1,1,1,1,1,1,1,1,1,1,1,1,1,1,1,1,1,1,1,1,1,1,1,1,1,1,1,1,1,1,1
15400000,1,Feb-94,1,1,1530,1340,1443.7856,28,1,1,1,1,0,0,1340,1366,1387,1402,1405,1403,1404,1408,1410,1406,1406,1411,1417,1427,1447,1455,1465,1474,1476,1478,1481,1484,1495,1499,1506,1517,1527,1530,,,,1,1,1,1,1,1,1,1,1,1,1,1,1,1,1,1,1,1,1,1,1,1,1,1,1,1,1,1,,,
15400000,2,Feb-94,1,1,1530,1340,1443.7856,28,1,1,1,1,0,0,1340,1366,1387,1402,1405,1403,1404,1408,1410,1406,1406,1411,1417,1427,1447,1455,1465,1474,1476,1478,1481,1484,1495,1499,1506,1517,1527,1530,,,,1,1,1,1,1,1,1,1,1,1,1,1,1,1,1,1,1,1,1,1,1,1,1,1,1,1,1,1,,,
15400000,1,Mar-94,1,1,1544,1368,1468.6451,4,22,1,1,1,0,0,1535,1536,1539,1544,1544,1544,1543,1542,1538,1531,1521,1506,1491,1475,1459,1443,1424,1407,1399,1391,1379,1368,1369,1390,1416,1432,1444,1448,1456,1457,1457,1,1,1,1,1,1,1,1,1,1,1,1,1,1,1,1,1,1,1,1,1,1,1,1,1,1,1,1,1,1,1
15400000,2,Mar-94,1,1,1544,1368,1468.6451,4,22,1,1,1,0,0,1535,1536,1539,1544,1544,1544,1543,1542,1538,1531,1521,1506,1491,1475,1459,1443,1424,1407,1399,1391,1379,1368,1369,1390,1416,1432,1444,1448,1456,1457,1457,1,1,1,1,1,1,1,1,1,1,1,1,1,1,1,1,1,1,1,1,1,1,1,1,1,1,1,1,1,1,1
15400000,1,Apr-94,1,1,1525,1418,1473.8,20,4,1,1,1,0,0,1449,1438,1425,1418,1420,1431,1440,1453,1458,1454,1452,1463,1484,1498,1499,1505,1513,1518,1523,1525,1524,1518,1511,1507,1500,1488,1471,1453,1443,1433,,1,1,1,1,1,1,1,1,1,1,1,1,1,1,1,1,1,1,1,1,1,1,1,1,1,1,1,1,1,1,
15400000,2,Apr-94,1,1,1525,1418,1473.8,20,4,1,1,1,0,0,1449,1438,1425,1418,1420,1431,1440,1453,1458,1454,1452,1463,1484,1498,1499,1505,1513,1518,1523,1525,1524,1518,1511,1507,1500,1488,1471,1453,1443,1433,,1,1,1,1,1,1,1,1,1,1,1,1,1,1,1,1,1,1,1,1,1,1,1,1,1,1,1,1,1,1,
15400000,1,May-94,1,1,1416,1050,1264.2581,1,31,1,1,1,0,0,1416,1398,1389,1393,1399,1397,1389,1379,1370,1352,1329,1305,1286,1270,1260,1261,1276,1291,1289,1272,1246,1220,1193,1168,1142,1122,1104,1089,1075,1062,1050,1,1,1,1,1,1,1,1,1,1,1,1,1,1,1,1,1,1,1,1,1,1,1,1,1,1,1,1,1,1,1
15400000,2,May-94,1,1,1416,1050,1264.2581,1,31,1,1,1,0,0,1416,1398,1389,1393,1399,1397,1389,1379,1370,1352,1329,1305,1286,1270,1260,1261,1276,1291,1289,1272,1246,1220,1193,1168,1142,1122,1104,1089,1075,1062,1050,1,1,1,1,1,1,1,1,1,1,1,1,1,1,1,1,1,1,1,1,1,1,1,1,1,1,1,1,1,1,1
15400000,1,Jun-94,1,1,1069,749,895.40002,5,30,1,1,1,0,0,1037,1028,1037,1061,1069,1058,1037,1011,986,966,945,925,907,892,882,876,875,869,856,835,816,798,781,767,756,752,765,767,759,749,,1,1,1,1,1,1,1,1,1,1,1,1,1,1,1,1,1,1,1,1,1,1,1,1,1,1,1,1,1,1,
15400000,2,Jun-94,1,1,1069,749,895.40002,5,30,1,1,1,0,0,1037,1028,1037,1061,1069,1058,1037,1011,986,966,945,925,907,892,882,876,875,869,856,835,816,798,781,767,756,752,765,767,759,749,,1,1,1,1,1,1,1,1,1,1,1,1,1,1,1,1,1,1,1,1,1,1,1,1,1,1,1,1,1,1,
15400000,1,Jul-94,1,1,745,470,609.83868,1,31,1,1,1,0,0,745,741,737,730,721,710,696,682,668,655,648,641,635,628,622,614,607,600,591,580,570,559,546,534,523,512,499,488,479,474,470,1,1,1,1,1,1,1,1,1,1,1,1,1,1,1,1,1,1,1,1,1,1,1,1,1,1,1,1,1,1,1
15400000,2,Jul-94,1,1,745,470,609.83868,1,31,1,1,1,0,0,745,741,737,730,721,710,696,682,668,655,648,641,635,628,622,614,607,600,591,580,570,559,546,534,523,512,499,488,479,474,470,1,1,1,1,1,1,1,1,1,1,1,1,1,1,1,1,1,1,1,1,1,1,1,1,1,1,1,1,1,1,1
15400000,1,Aug-94,1,1,557,329,441.9032,12,31,1,1,1,0,0,470,472,471,468,461,457,453,444,456,500,547,557,540,516,492,472,458,449,443,438,431,420,408,394,383,372,364,353,345,336,329,1,1,1,1,1,1,1,1,1,1,1,1,1,1,1,1,1,1,1,1,1,1,1,1,1,1,1,1,1,1,1
15400000,2,Aug-94,1,1,557,329,441.9032,12,31,1,1,1,0,0,470,472,471,468,461,457,453,444,456,500,547,557,540,516,492,472,458,449,443,438,431,420,408,394,383,372,364,353,345,336,329,1,1,1,1,1,1,1,1,1,1,1,1,1,1,1,1,1,1,1,1,1,1,1,1,1,1,1,1,1,1,1
15400000,1,Sep-94,1,1,322,248,273.89999,1,21,1,1,1,0,0,322,316,310,303,299,293,286,282,276,272,269,267,267,266,264,259,254,250,249,249,248,248,249,249,250,260,275,289,296,300,,1,1,1,1,1,1,1,1,1,1,1,1,1,1,1,1,1,1,1,1,1,1,1,1,1,1,1,1,1,1,
15400000,2,Sep-94,1,1,322,248,273.89999,1,21,1,1,1,0,0,322,316,310,303,299,293,286,282,276,272,269,267,267,266,264,259,254,250,249,249,248,248,249,249,250,260,275,289,296,300,,1,1,1,1,1,1,1,1,1,1,1,1,1,1,1,1,1,1,1,1,1,1,1,1,1,1,1,1,1,1,
15400000,1,Oct-94,1,1,544,301,409.3226,31,1,1,1,1,0,0,301,309,323,333,338,344,350,357,369,398,439,464,465,461,454,447,438,429,419,409,401,396,395,400,408,419,427,447,481,524,544,1,1,1,1,1,1,1,1,1,1,1,1,1,1,1,1,1,1,1,1,1,1,1,1,1,1,1,1,1,1,1
15400000,2,Oct-94,1,1,544,301,409.3226,31,1,1,1,1,0,0,301,309,323,333,338,344,350,357,369,398,439,464,465,461,454,447,438,429,419,409,401,396,395,400,408,419,427,447,481,524,544,1,1,1,1,1,1,1,1,1,1,1,1,1,1,1,1,1,1,1,1,1,1,1,1,1,1,1,1,1,1,1
15400000,1,Nov-94,1,1,981,562,827.16669,28,1,1,1,1,0,0,562,668,771,857,889,892,891,901,906,900,889,876,855,831,811,790,769,749,733,718,710,704,719,785,869,930,971,981,958,930,,1,1,1,1,1,1,1,1,1,1,1,1,1,1,1,1,1,1,1,1,1,1,1,1,1,1,1,1,1,1,
15400000,2,Nov-94,1,1,981,562,827.16669,28,1,1,1,1,0,0,562,668,771,857,889,892,891,901,906,900,889,876,855,831,811,790,769,749,733,718,710,704,719,785,869,930,971,981,958,930,,1,1,1,1,1,1,1,1,1,1,1,1,1,1,1,1,1,1,1,1,1,1,1,1,1,1,1,1,1,1,
15400000,1,Dec-94,1,1,1191,755,927.19348,31,14,1,1,1,0,0,891,853,820,788,768,762,778,783,777,774,774,771,762,755,758,765,775,858,986,1067,1100,1113,1117,1124,1117,1111,1117,1141,1165,1182,1191,1,1,1,1,1,1,1,1,1,1,1,1,1,1,1,1,1,1,1,1,1,1,1,1,1,1,1,1,1,1,1
15400000,2,Dec-94,1,1,1191,755,927.19348,31,14,1,1,1,0,0,891,853,820,788,768,762,778,783,777,774,774,771,762,755,758,765,775,858,986,1067,1100,1113,1117,1124,1117,1111,1117,1141,1165,1182,1191,1,1,1,1,1,1,1,1,1,1,1,1,1,1,1,1,1,1,1,1,1,1,1,1,1,1,1,1,1,1,1
15400000,1,Jan-95,1,1,1368,1183,1272,25,3,1,1,1,0,0,1188,1184,1183,1191,1198,1202,1201,1202,1206,1214,1220,1226,1225,1228,1237,1255,1276,1303,1321,1330,1350,1363,1366,1367,1368,1367,1357,1347,1330,1318,1309,1,1,1,1,1,1,1,1,1,1,1,1,1,1,1,1,1,1,1,1,1,1,1,1,1,1,1,1,1,1,1
15400000,2,Jan-95,1,1,1368,1183,1272,25,3,1,1,1,0,0,1188,1184,1183,1191,1198,1202,1201,1202,1206,1214,1220,1226,1225,1228,1237,1255,1276,1303,1321,1330,1350,1363,1366,1367,1368,1367,1357,1347,1330,1318,1309,1,1,1,1,1,1,1,1,1,1,1,1,1,1,1,1,1,1,1,1,1,1,1,1,1,1,1,1,1,1,1
15400000,1,Feb-95,1,1,1476,1285,1354.3929,28,3,1,1,1,0,0,1297,1286,1285,1295,1310,1309,1302,1295,1296,1298,1302,1303,1305,1310,1311,1320,1343,1365,1381,1392,1408,1422,1441,1456,1468,1473,1474,1476,,,,1,1,1,1,1,1,1,1,1,1,1,1,1,1,1,1,1,1,1,1,1,1,1,1,1,1,1,1,,,
15400000,2,Feb-95,1,1,1476,1285,1354.3929,28,3,1,1,1,0,0,1297,1286,1285,1295,1310,1309,1302,1295,1296,1298,1302,1303,1305,1310,1311,1320,1343,1365,1381,1392,1408,1422,1441,1456,1468,1473,1474,1476,,,,1,1,1,1,1,1,1,1,1,1,1,1,1,1,1,1,1,1,1,1,1,1,1,1,1,1,1,1,,,
15400000,1,Mar-95,1,1,1551,1477,1526.2258,22,1,1,1,1,0,0,1477,1485,1495,1507,1518,1521,1525,1524,1523,1519,1515,1511,1509,1509,1513,1519,1524,1531,1537,1543,1547,1551,1548,1545,1542,1541,1543,1546,1547,1549,1549,1,1,1,1,1,1,1,1,1,1,1,1,1,1,1,1,1,1,1,1,1,1,1,1,1,1,1,1,1,1,1
15400000,2,Mar-95,1,1,1551,1477,1526.2258,22,1,1,1,1,0,0,1477,1485,1495,1507,1518,1521,1525,1524,1523,1519,1515,1511,1509,1509,1513,1519,1524,1531,1537,1543,1547,1551,1548,1545,1542,1541,1543,1546,1547,1549,1549,1,1,1,1,1,1,1,1,1,1,1,1,1,1,1,1,1,1,1,1,1,1,1,1,1,1,1,1,1,1,1
15400000,1,Apr-95,1,1,1563,1369,1491.6,7,30,1,1,1,0,0,1551,1553,1556,1557,1558,1562,1563,1560,1552,1543,1527,1521,1519,1518,1520,1521,1521,1512,1496,1473,1448,1423,1403,1395,1400,1413,1417,1407,1390,1369,,1,1,1,1,1,1,1,1,1,1,1,1,1,1,1,1,1,1,1,1,1,1,1,1,1,1,1,1,1,1,
15400000,2,Apr-95,1,1,1563,1369,1491.6,7,30,1,1,1,0,0,1551,1553,1556,1557,1558,1562,1563,1560,1552,1543,1527,1521,1519,1518,1520,1521,1521,1512,1496,1473,1448,1423,1403,1395,1400,1413,1417,1407,1390,1369,,1,1,1,1,1,1,1,1,1,1,1,1,1,1,1,1,1,1,1,1,1,1,1,1,1,1,1,1,1,1,
15400000,1,May-95,1,1,1347,1109,1231.5161,1,31,1,1,1,0,0,1347,1324,1305,1291,1276,1263,1252,1254,1261,1268,1269,1268,1275,1281,1278,1267,1249,1235,1222,1206,1193,1181,1172,1173,1181,1183,1175,1157,1139,1123,1109,1,1,1,1,1,1,1,1,1,1,1,1,1,1,1,1,1,1,1,1,1,1,1,1,1,1,1,1,1,1,1
15400000,2,May-95,1,1,1347,1109,1231.5161,1,31,1,1,1,0,0,1347,1324,1305,1291,1276,1263,1252,1254,1261,1268,1269,1268,1275,1281,1278,1267,1249,1235,1222,1206,1193,1181,1172,1173,1181,1183,1175,1157,1139,1123,1109,1,1,1,1,1,1,1,1,1,1,1,1,1,1,1,1,1,1,1,1,1,1,1,1,1,1,1,1,1,1,1
15400000,1,Jun-95,1,1,1096,725,886.29999,1,30,1,1,1,0,0,1096,1081,1064,1047,1031,1015,997,979,960,943,925,908,891,875,858,844,835,833,828,818,805,797,793,785,780,784,781,766,745,725,,1,1,1,1,1,1,1,1,1,1,1,1,1,1,1,1,1,1,1,1,1,1,1,1,1,1,1,1,1,1,
15400000,2,Jun-95,1,1,1096,725,886.29999,1,30,1,1,1,0,0,1096,1081,1064,1047,1031,1015,997,979,960,943,925,908,891,875,858,844,835,833,828,818,805,797,793,785,780,784,781,766,745,725,,1,1,1,1,1,1,1,1,1,1,1,1,1,1,1,1,1,1,1,1,1,1,1,1,1,1,1,1,1,1,
15400000,1,Jul-95,1,1,704,545,607.74188,1,15,1,1,1,0,0,704,682,664,648,639,632,620,611,605,597,587,574,564,553,545,545,549,558,562,564,565,566,572,602,631,642,652,661,664,651,631,1,1,1,1,1,1,1,1,1,1,1,1,1,1,1,1,1,1,1,1,1,1,1,1,1,1,1,1,1,1,1
15400000,2,Jul-95,1,1,704,545,607.74188,1,15,1,1,1,0,0,704,682,664,648,639,632,620,611,605,597,587,574,564,553,545,545,549,558,562,564,565,566,572,602,631,642,652,661,664,651,631,1,1,1,1,1,1,1,1,1,1,1,1,1,1,1,1,1,1,1,1,1,1,1,1,1,1,1,1,1,1,1
15400000,1,Aug-95,1,1,621,379,505.19351,12,31,1,1,1,0,0,609,590,572,556,555,578,598,596,580,583,610,621,610,583,556,528,503,479,459,441,425,412,402,396,401,411,417,414,405,392,379,1,1,1,1,1,1,1,1,1,1,1,1,1,1,1,1,1,1,1,1,1,1,1,1,1,1,1,1,1,1,1
15400000,2,Aug-95,1,1,621,379,505.19351,12,31,1,1,1,0,0,609,590,572,556,555,578,598,596,580,583,610,621,610,583,556,528,503,479,459,441,425,412,402,396,401,411,417,414,405,392,379,1,1,1,1,1,1,1,1,1,1,1,1,1,1,1,1,1,1,1,1,1,1,1,1,1,1,1,1,1,1,1
15400000,1,Sep-95,1,1,367,230,282.33331,1,21,1,1,1,0,0,367,356,343,335,322,314,306,298,290,281,275,268,262,258,257,254,248,242,237,232,230,235,246,257,273,288,294,294,300,308,,1,1,1,1,1,1,1,1,1,1,1,1,1,1,1,1,1,1,1,1,1,1,1,1,1,1,1,1,1,1,
15400000,2,Sep-95,1,1,367,230,282.33331,1,21,1,1,1,0,0,367,356,343,335,322,314,306,298,290,281,275,268,262,258,257,254,248,242,237,232,230,235,246,257,273,288,294,294,300,308,,1,1,1,1,1,1,1,1,1,1,1,1,1,1,1,1,1,1,1,1,1,1,1,1,1,1,1,1,1,1,
15400000,1,Oct-95,1,1,312,250,284.6452,1,19,1,1,1,0,0,312,308,299,288,279,272,268,273,285,302,309,306,295,283,275,267,259,253,250,251,258,266,272,279,290,298,305,308,305,304,305,1,1,1,1,1,1,1,1,1,1,1,1,1,1,1,1,1,1,1,1,1,1,1,1,1,1,1,1,1,1,1
15400000,2,Oct-95,1,1,312,250,284.6452,1,19,1,1,1,0,0,312,308,299,288,279,272,268,273,285,302,309,306,295,283,275,267,259,253,250,251,258,266,272,279,290,298,305,308,305,304,305,1,1,1,1,1,1,1,1,1,1,1,1,1,1,1,1,1,1,1,1,1,1,1,1,1,1,1,1,1,1,1
15400000,1,Nov-95,1,1,609,311,401.93329,28,1,1,1,1,0,0,311,317,320,324,325,328,336,350,370,383,387,378,375,367,355,349,345,340,340,343,355,379,421,463,514,567,599,609,605,603,,1,1,1,1,1,1,1,1,1,1,1,1,1,1,1,1,1,1,1,1,1,1,1,1,1,1,1,1,1,1,
15400000,2,Nov-95,1,1,609,311,401.93329,28,1,1,1,1,0,0,311,317,320,324,325,328,336,350,370,383,387,378,375,367,355,349,345,340,340,343,355,379,421,463,514,567,599,609,605,603,,1,1,1,1,1,1,1,1,1,1,1,1,1,1,1,1,1,1,1,1,1,1,1,1,1,1,1,1,1,1,
15400000,1,Dec-95,1,1,955,614,837.3548,18,1,1,1,1,0,0,614,679,772,806,811,803,791,782,784,789,796,810,822,840,875,916,950,955,934,908,891,875,857,849,855,862,870,868,864,865,865,1,1,1,1,1,1,1,1,1,1,1,1,1,1,1,1,1,1,1,1,1,1,1,1,1,1,1,1,1,1,1
15400000,2,Dec-95,1,1,955,614,837.3548,18,1,1,1,1,0,0,614,679,772,806,811,803,791,782,784,789,796,810,822,840,875,916,950,955,934,908,891,875,857,849,855,862,870,868,864,865,865,1,1,1,1,1,1,1,1,1,1,1,1,1,1,1,1,1,1,1,1,1,1,1,1,1,1,1,1,1,1,1
15400000,1,Jan-96,1,1,1247,825,1042.0645,31,3,1,1,1,0,0,855,841,825,827,886,945,962,959,945,932,946,980,1004,1015,1022,1025,1015,1012,1022,1036,1085,1141,1170,1189,1216,1238,1241,1241,1240,1242,1247,1,1,1,1,1,1,1,1,1,1,1,1,1,1,1,1,1,1,1,1,1,1,1,1,1,1,1,1,1,1,1
15400000,2,Jan-96,1,1,1247,825,1042.0645,31,3,1,1,1,0,0,855,841,825,827,886,945,962,959,945,932,946,980,1004,1015,1022,1025,1015,1012,1022,1036,1085,1141,1170,1189,1216,1238,1241,1241,1240,1242,1247,1,1,1,1,1,1,1,1,1,1,1,1,1,1,1,1,1,1,1,1,1,1,1,1,1,1,1,1,1,1,1
15400000,1,Feb-96,1,1,1365,1261,1343.9655,9,1,1,1,1,0,0,1261,1280,1304,1328,1339,1349,1357,1362,1365,1364,1359,1354,1354,1355,1355,1357,1360,1361,1358,1347,1338,1333,1338,1338,1347,1350,1350,1353,1359,,,1,1,1,1,1,1,1,1,1,1,1,1,1,1,1,1,1,1,1,1,1,1,1,1,1,1,1,1,1,,
15400000,2,Feb-96,1,1,1365,1261,1343.9655,9,1,1,1,1,0,0,1261,1280,1304,1328,1339,1349,1357,1362,1365,1364,1359,1354,1354,1355,1355,1357,1360,1361,1358,1347,1338,1333,1338,1338,1347,1350,1350,1353,1359,,,1,1,1,1,1,1,1,1,1,1,1,1,1,1,1,1,1,1,1,1,1,1,1,1,1,1,1,1,1,,
15400000,1,Mar-96,1,1,1437,1348,1377.7419,31,5,1,1,1,0,0,1368,1372,1369,1358,1348,1354,1361,1368,1378,1393,1410,1419,1417,1407,1394,1383,1367,1358,1357,1368,1367,1367,1366,1367,1367,1367,1363,1362,1383,1415,1437,1,1,1,1,1,1,1,1,1,1,1,1,1,1,1,1,1,1,1,1,1,1,1,1,1,1,1,1,1,1,1
15400000,2,Mar-96,1,1,1437,1348,1377.7419,31,5,1,1,1,0,0,1368,1372,1369,1358,1348,1354,1361,1368,1378,1393,1410,1419,1417,1407,1394,1383,1367,1358,1357,1368,1367,1367,1366,1367,1367,1367,1363,1362,1383,1415,1437,1,1,1,1,1,1,1,1,1,1,1,1,1,1,1,1,1,1,1,1,1,1,1,1,1,1,1,1,1,1,1
15400000,1,Apr-96,1,1,1467,1311,1420.6667,5,30,1,1,1,0,0,1447,1450,1453,1462,1467,1465,1463,1458,1453,1445,1436,1421,1406,1391,1390,1395,1413,1429,1433,1430,1427,1421,1422,1430,1425,1407,1381,1355,1334,1311,,1,1,1,1,1,1,1,1,1,1,1,1,1,1,1,1,1,1,1,1,1,1,1,1,1,1,1,1,1,1,
15400000,2,Apr-96,1,1,1467,1311,1420.6667,5,30,1,1,1,0,0,1447,1450,1453,1462,1467,1465,1463,1458,1453,1445,1436,1421,1406,1391,1390,1395,1413,1429,1433,1430,1427,1421,1422,1430,1425,1407,1381,1355,1334,1311,,1,1,1,1,1,1,1,1,1,1,1,1,1,1,1,1,1,1,1,1,1,1,1,1,1,1,1,1,1,1,
15400000,1,May-96,1,1,1290,986,1107.4517,1,26,1,1,1,0,0,1290,1275,1266,1262,1251,1233,1217,1206,1190,1178,1161,1143,1123,1105,1091,1075,1066,1063,1059,1046,1028,1011,1000,998,996,986,993,1006,1007,1005,1001,1,1,1,1,1,1,1,1,1,1,1,1,1,1,1,1,1,1,1,1,1,1,1,1,1,1,1,1,1,1,1
15400000,2,May-96,1,1,1290,986,1107.4517,1,26,1,1,1,0,0,1290,1275,1266,1262,1251,1233,1217,1206,1190,1178,1161,1143,1123,1105,1091,1075,1066,1063,1059,1046,1028,1011,1000,998,996,986,993,1006,1007,1005,1001,1,1,1,1,1,1,1,1,1,1,1,1,1,1,1,1,1,1,1,1,1,1,1,1,1,1,1,1,1,1,1
15400000,1,Jun-96,1,1,1035,727,854.53333,3,30,1,1,1,0,0,1008,1032,1035,1015,995,972,957,943,932,915,897,889,875,856,842,827,810,800,789,778,765,747,736,736,748,758,758,753,741,727,,1,1,1,1,1,1,1,1,1,1,1,1,1,1,1,1,1,1,1,1,1,1,1,1,1,1,1,1,1,1,
15400000,2,Jun-96,1,1,1035,727,854.53333,3,30,1,1,1,0,0,1008,1032,1035,1015,995,972,957,943,932,915,897,889,875,856,842,827,810,800,789,778,765,747,736,736,748,758,758,753,741,727,,1,1,1,1,1,1,1,1,1,1,1,1,1,1,1,1,1,1,1,1,1,1,1,1,1,1,1,1,1,1,
15400000,1,Jul-96,1,1,706,446,593.22583,1,31,1,1,1,0,0,706,692,678,666,659,655,650,644,633,622,612,600,587,574,564,567,602,641,653,641,620,599,576,553,532,514,498,482,468,456,446,1,1,1,1,1,1,1,1,1,1,1,1,1,1,1,1,1,1,1,1,1,1,1,1,1,1,1,1,1,1,1
15400000,2,Jul-96,1,1,706,446,593.22583,1,31,1,1,1,0,0,706,692,678,666,659,655,650,644,633,622,612,600,587,574,564,567,602,641,653,641,620,599,576,553,532,514,498,482,468,456,446,1,1,1,1,1,1,1,1,1,1,1,1,1,1,1,1,1,1,1,1,1,1,1,1,1,1,1,1,1,1,1
15400000,1,Aug-96,1,1,436,291,353.25809,1,31,1,1,1,0,0,436,427,416,406,403,404,405,399,389,378,367,356,345,336,331,337,351,357,355,342,331,322,320,319,317,311,306,302,298,294,291,1,1,1,1,1,1,1,1,1,1,1,1,1,1,1,1,1,1,1,1,1,1,1,1,1,1,1,1,1,1,1
15400000,2,Aug-96,1,1,436,291,353.25809,1,31,1,1,1,0,0,436,427,416,406,403,404,405,399,389,378,367,356,345,336,331,337,351,357,355,342,331,322,320,319,317,311,306,302,298,294,291,1,1,1,1,1,1,1,1,1,1,1,1,1,1,1,1,1,1,1,1,1,1,1,1,1,1,1,1,1,1,1
15400000,1,Sep-96,1,1,456,291,355.33331,19,1,1,1,1,0,0,291,291,299,313,323,323,319,319,330,341,349,365,386,394,390,383,394,433,456,450,431,405,385,366,348,335,322,312,306,301,,1,1,1,1,1,1,1,1,1,1,1,1,1,1,1,1,1,1,1,1,1,1,1,1,1,1,1,1,1,1,
15400000,2,Sep-96,1,1,456,291,355.33331,19,1,1,1,1,0,0,291,291,299,313,323,323,319,319,330,341,349,365,386,394,390,383,394,433,456,450,431,405,385,366,348,335,322,312,306,301,,1,1,1,1,1,1,1,1,1,1,1,1,1,1,1,1,1,1,1,1,1,1,1,1,1,1,1,1,1,1,
15400000,1,Oct-96,1,1,517,301,428.61292,23,1,1,1,1,0,0,301,338,407,453,464,458,443,430,423,413,404,394,384,377,377,381,387,401,422,437,452,486,517,517,500,481,468,451,441,435,445,1,1,1,1,1,1,1,1,1,1,1,1,1,1,1,1,1,1,1,1,1,1,1,1,1,1,1,1,1,1,1
15400000,2,Oct-96,1,1,517,301,428.61292,23,1,1,1,1,0,0,301,338,407,453,464,458,443,430,423,413,404,394,384,377,377,381,387,401,422,437,452,486,517,517,500,481,468,451,441,435,445,1,1,1,1,1,1,1,1,1,1,1,1,1,1,1,1,1,1,1,1,1,1,1,1,1,1,1,1,1,1,1
15400000,1,Nov-96,1,1,894,488,741.66669,28,1,1,1,1,0,0,488,557,607,647,650,640,624,613,648,703,748,775,769,764,765,775,797,814,808,789,769,762,770,788,814,856,881,894,878,857,,1,1,1,1,1,1,1,1,1,1,1,1,1,1,1,1,1,1,1,1,1,1,1,1,1,1,1,1,1,1,
15400000,2,Nov-96,1,1,894,488,741.66669,28,1,1,1,1,0,0,488,557,607,647,650,640,624,613,648,703,748,775,769,764,765,775,797,814,808,789,769,762,770,788,814,856,881,894,878,857,,1,1,1,1,1,1,1,1,1,1,1,1,1,1,1,1,1,1,1,1,1,1,1,1,1,1,1,1,1,1,
15400000,1,Dec-96,1,1,1113,744,912.77417,20,8,1,1,1,0,0,843,831,816,796,777,762,748,744,753,773,799,833,880,948,983,1003,1037,1082,1107,1113,1101,1076,1040,1004,971,946,920,906,897,901,906,1,1,1,1,1,1,1,1,1,1,1,1,1,1,1,1,1,1,1,1,1,1,1,1,1,1,1,1,1,1,1
15400000,2,Dec-96,1,1,1113,744,912.77417,20,8,1,1,1,0,0,843,831,816,796,777,762,748,744,753,773,799,833,880,948,983,1003,1037,1082,1107,1113,1101,1076,1040,1004,971,946,920,906,897,901,906,1,1,1,1,1,1,1,1,1,1,1,1,1,1,1,1,1,1,1,1,1,1,1,1,1,1,1,1,1,1,1
15400000,1,Jan-97,1,1,1332,946,1235.9355,27,1,1,1,1,0,0,946,1043,1123,1165,1192,1212,1226,1236,1245,1238,1234,1223,1210,1197,1192,1201,1240,1256,1270,1275,1284,1290,1295,1308,1318,1326,1332,1328,1318,1303,1288,1,1,1,1,1,1,1,1,1,1,1,1,1,1,1,1,1,1,1,1,1,1,1,1,1,1,1,1,1,1,1
15400000,2,Jan-97,1,1,1332,946,1235.9355,27,1,1,1,1,0,0,946,1043,1123,1165,1192,1212,1226,1236,1245,1238,1234,1223,1210,1197,1192,1201,1240,1256,1270,1275,1284,1290,1295,1308,1318,1326,1332,1328,1318,1303,1288,1,1,1,1,1,1,1,1,1,1,1,1,1,1,1,1,1,1,1,1,1,1,1,1,1,1,1,1,1,1,1
15400000,1,Feb-97,1,1,1576,1257,1438.4644,28,3,1,1,1,0,0,1272,1262,1257,1276,1297,1329,1363,1383,1402,1412,1418,1425,1435,1445,1454,1468,1480,1492,1504,1512,1520,1532,1540,1546,1552,1558,1567,1576,,,,1,1,1,1,1,1,1,1,1,1,1,1,1,1,1,1,1,1,1,1,1,1,1,1,1,1,1,1,,,
15400000,2,Feb-97,1,1,1576,1257,1438.4644,28,3,1,1,1,0,0,1272,1262,1257,1276,1297,1329,1363,1383,1402,1412,1418,1425,1435,1445,1454,1468,1480,1492,1504,1512,1520,1532,1540,1546,1552,1558,1567,1576,,,,1,1,1,1,1,1,1,1,1,1,1,1,1,1,1,1,1,1,1,1,1,1,1,1,1,1,1,1,,,
15400000,1,Mar-97,1,1,1702,1584,1656.4194,31,1,1,1,1,0,0,1584,1595,1615,1626,1632,1642,1651,1656,1662,1666,1667,1667,1667,1665,1666,1664,1660,1658,1657,1654,1656,1659,1661,1661,1662,1671,1674,1678,1682,1689,1702,1,1,1,1,1,1,1,1,1,1,1,1,1,1,1,1,1,1,1,1,1,1,1,1,1,1,1,1,1,1,1
15400000,2,Mar-97,1,1,1702,1584,1656.4194,31,1,1,1,1,0,0,1584,1595,1615,1626,1632,1642,1651,1656,1662,1666,1667,1667,1667,1665,1666,1664,1660,1658,1657,1654,1656,1659,1661,1661,1662,1671,1674,1678,1682,1689,1702,1,1,1,1,1,1,1,1,1,1,1,1,1,1,1,1,1,1,1,1,1,1,1,1,1,1,1,1,1,1,1
15400000,2,Apr-97,1,1,1750,1604,1681.2,8,26,1,1,1,0,0,1716,1722,1726,1732,1733,1741,1748,1750,1750,1745,1736,1732,1718,1707,1696,1685,1672,1660,1650,1640,1634,1628,1626,1616,1606,1604,1610,1615,1618,1620,,1,1,1,1,1,1,1,1,1,1,1,1,1,1,1,1,1,1,1,1,1,1,1,1,1,1,1,1,1,1,
15400000,1,Apr-97,1,1,1750,1604,1681.2,8,26,1,1,1,0,0,1716,1722,1726,1732,1733,1741,1748,1750,1750,1745,1736,1732,1718,1707,1696,1685,1672,1660,1650,1640,1634,1628,1626,1616,1606,1604,1610,1615,1618,1620,,1,1,1,1,1,1,1,1,1,1,1,1,1,1,1,1,1,1,1,1,1,1,1,1,1,1,1,1,1,1,
15400000,2,May-97,1,1,1618,1334,1468.3226,1,31,1,1,1,0,0,1618,1614,1610,1602,1596,1588,1573,1558,1540,1524,1509,1496,1481,1468,1456,1445,1435,1424,1414,1406,1406,1410,1410,1405,1396,1382,1370,1355,1348,1345,1334,1,1,1,1,1,1,1,1,1,1,1,1,1,1,1,1,1,1,1,1,1,1,1,1,1,1,1,1,1,1,1
15400000,1,May-97,1,1,1618,1334,1468.3226,1,31,1,1,1,0,0,1618,1614,1610,1602,1596,1588,1573,1558,1540,1524,1509,1496,1481,1468,1456,1445,1435,1424,1414,1406,1406,1410,1410,1405,1396,1382,1370,1355,1348,1345,1334,,,,,,,,,,,,,,,,,,,,,,,,,,,,,,,
15400000,2,Jun-97,1,1,1318,1036,1191.6667,1,30,1,1,1,0,0,1318,1296,1276,1257,1238,1220,1208,1212,1226,1258,1301,1312,1296,1268,1234,1208,1182,1160,1142,1130,1116,1104,1102,1119,1134,1133,1112,1090,1062,1036,,1,1,1,1,1,1,1,1,1,1,1,1,1,1,1,1,1,1,1,1,1,1,1,1,1,1,1,1,1,1,
15400000,1,Jun-97,1,1,1318,1036,1191.6667,1,30,1,1,1,0,0,1318,1296,1276,1257,1238,1220,1208,1212,1226,1258,1301,1312,1296,1268,1234,1208,1182,1160,1142,1130,1116,1104,1102,1119,1134,1133,1112,1090,1062,1036,,1,1,1,1,1,1,1,1,1,1,1,1,1,1,1,1,1,1,1,1,1,1,1,1,1,1,1,1,1,1,
15400000,2,Jul-97,1,1,1016,694,850.67743,6,31,1,1,1,0,0,1012,991,977,986,1006,1016,1012,996,976,952,930,908,886,866,848,832,820,810,796,782,769,756,742,730,720,714,714,712,712,706,694,1,1,1,1,1,1,1,1,1,1,1,1,1,1,1,1,1,1,1,1,1,1,1,1,1,1,1,1,1,1,1
15400000,1,Jul-97,1,1,1016,694,850.67743,6,31,1,1,1,0,0,1012,991,977,986,1006,1016,1012,996,976,952,930,908,886,866,848,832,820,810,796,782,769,756,742,730,720,714,714,712,712,706,694,1,1,1,1,1,1,1,1,1,1,1,1,1,1,1,1,1,1,1,1,1,1,1,1,1,1,1,1,1,1,1
15400000,2,Aug-97,1,1,676,468,563.38708,1,28,1,1,1,0,0,676,662,647,634,622,610,602,604,614,618,610,604,601,598,590,578,566,558,549,540,531,520,507,493,482,474,469,468,472,482,484,1,1,1,1,1,1,1,1,1,1,1,1,1,1,1,1,1,1,1,1,1,1,1,1,1,1,1,1,1,1,1
15400000,1,Aug-97,1,1,676,468,563.38708,1,28,1,1,1,0,0,676,662,647,634,622,610,602,604,614,618,610,604,601,598,590,578,566,558,549,540,531,520,507,493,482,474,469,468,472,482,484,1,1,1,1,1,1,1,1,1,1,1,1,1,1,1,1,1,1,1,1,1,1,1,1,1,1,1,1,1,1,1
15400000,2,Sep-97,1,1,484,318,375.33331,1,21,1,1,1,0,0,484,477,466,453,441,429,418,407,398,390,382,376,368,360,354,346,339,332,326,320,318,323,328,338,352,359,354,347,339,336,,1,1,1,1,1,1,1,1,1,1,1,1,1,1,1,1,1,1,1,1,1,1,1,1,1,1,1,1,1,1,
15400000,1,Sep-97,1,1,484,318,375.33331,1,21,1,1,1,0,0,484,477,466,453,441,429,418,407,398,390,382,376,368,360,354,346,339,332,326,320,318,323,328,338,352,359,354,347,339,336,,1,1,1,1,1,1,1,1,1,1,1,1,1,1,1,1,1,1,1,1,1,1,1,1,1,1,1,1,1,1,
15400000,2,Oct-97,1,1,709,346,486.51611,28,1,1,1,1,0,0,346,364,378,382,400,446,484,492,482,473,464,454,443,441,443,449,448,442,432,422,418,417,430,486,582,649,694,709,695,668,649,1,1,1,1,1,1,1,1,1,1,1,1,1,1,1,1,1,1,1,1,1,1,1,1,1,1,1,1,1,1,1
15400000,1,Oct-97,1,1,709,346,486.51611,28,1,1,1,1,0,0,346,364,378,382,400,446,484,492,482,473,464,454,443,441,443,449,448,442,432,422,418,417,430,486,582,649,694,709,695,668,649,1,1,1,1,1,1,1,1,1,1,1,1,1,1,1,1,1,1,1,1,1,1,1,1,1,1,1,1,1,1,1
15400000,2,Nov-97,1,1,732,566,650.83331,22,8,1,1,1,0,0,644,637,631,617,605,592,574,566,573,596,625,652,666,638,667,662,652,641,638,680,726,732,722,714,706,699,686,671,660,653,,1,1,1,1,1,1,1,1,1,1,1,1,1,1,1,1,1,1,1,1,1,1,1,1,1,1,1,1,1,1,
15400000,1,Nov-97,1,1,732,566,650.83331,22,8,1,1,1,0,0,644,637,631,617,605,592,574,566,573,596,625,652,666,638,667,662,652,641,638,680,726,732,722,714,706,699,686,671,660,653,,1,1,1,1,1,1,1,1,1,1,1,1,1,1,1,1,1,1,1,1,1,1,1,1,1,1,1,1,1,1,
15400000,2,Dec-97,1,1,1146,652,968.74188,25,1,1,1,1,0,0,652,662,700,743,757,774,834,899,933,951,954,947,946,949,962,971,974,987,1013,1040,1064,1098,1125,1142,1146,1143,1133,1130,1128,1134,1140,1,1,1,1,1,1,1,1,1,1,1,1,1,1,1,1,1,1,1,1,1,1,1,1,1,1,1,1,1,1,1
15400000,1,Dec-97,1,1,1146,652,968.74188,25,1,1,1,1,0,0,652,662,700,743,757,774,834,899,933,951,954,947,946,949,962,971,974,987,1013,1040,1064,1098,1125,1142,1146,1143,1133,1130,1128,1134,1140,1,1,1,1,1,1,1,1,1,1,1,1,1,1,1,1,1,1,1,1,1,1,1,1,1,1,1,1,1,1,1
15400000,2,Jan-98,1,1,1188,1082,1142,19,5,1,1,1,0,0,1129,1113,1093,1084,1082,1087,1114,1135,1156,1163,1159,1158,1165,1177,1180,1177,1175,1181,1188,1188,1184,1169,1153,1148,1143,1133,1118,1109,1101,1105,1135,1,1,1,1,1,1,1,1,1,1,1,1,1,1,1,1,1,1,1,1,1,1,1,1,1,1,1,1,1,1,1
15400000,1,Jan-98,1,1,1188,1082,1142,19,5,1,1,1,0,0,1129,1113,1093,1084,1082,1087,1114,1135,1156,1163,1159,1158,1165,1177,1180,1177,1175,1181,1188,1188,1184,1169,1153,1148,1143,1133,1118,1109,1101,1105,1135,1,1,1,1,1,1,1,1,1,1,1,1,1,1,1,1,1,1,1,1,1,1,1,1,1,1,1,1,1,1,1
15400000,2,Feb-98,1,1,1340,1139,1222.5356,28,5,1,1,1,0,0,1152,1156,1149,1140,1139,1156,1187,1214,1222,1215,1207,1195,1190,1200,1232,1271,1293,1301,1290,1263,1230,1207,1196,1216,1259,1292,1319,1340,,,,1,1,1,1,1,1,1,1,1,1,1,1,1,1,1,1,1,1,1,1,1,1,1,1,1,1,1,1,,,
15400000,1,Feb-98,1,1,1340,1139,1222.5356,28,5,1,1,1,0,0,1152,1156,1149,1140,1139,1156,1187,1214,1222,1215,1207,1195,1190,1200,1232,1271,1293,1301,1290,1263,1230,1207,1196,1216,1259,1292,1319,1340,,,,1,1,1,1,1,1,1,1,1,1,1,1,1,1,1,1,1,1,1,1,1,1,1,1,1,1,1,1,,,
15400000,1,Mar-98,1,1,1562,1362,1461.6129,31,1,1,1,1,0,0,1362,1376,1388,1397,1403,1406,1412,1416,1421,1424,1426,1428,1432,1433,1442,1446,1455,1464,1477,1484,1491,1495,1504,1513,1523,1532,1539,1548,1554,1557,1562,1,1,1,1,1,1,1,1,1,1,1,1,1,1,1,1,1,1,1,1,1,1,1,1,1,1,1,1,1,1,1
15400000,2,Mar-98,1,1,1562,1362,1461.6129,31,1,1,1,1,0,0,1362,1376,1388,1397,1403,1406,1412,1416,1421,1424,1426,1428,1432,1433,1442,1446,1455,1464,1477,1484,1491,1495,1504,1513,1523,1532,1539,1548,1554,1557,1562,1,1,1,1,1,1,1,1,1,1,1,1,1,1,1,1,1,1,1,1,1,1,1,1,1,1,1,1,1,1,1
15400000,1,Apr-98,1,1,1564,1359,1477.1667,1,30,1,1,1,0,0,1564,1560,1560,1558,1554,1548,1544,1541,1540,1539,1534,1526,1516,1501,1489,1476,1460,1442,1424,1411,1412,1422,1433,1435,1425,1408,1389,1376,1369,1359,,1,1,1,1,1,1,1,1,1,1,1,1,1,1,1,1,1,1,1,1,1,1,1,1,1,1,1,1,1,1,
15400000,2,Apr-98,1,1,1564,1359,1477.1667,1,30,1,1,1,0,0,1564,1560,1560,1558,1554,1548,1544,1541,1540,1539,1534,1526,1516,1501,1489,1476,1460,1442,1424,1411,1412,1422,1433,1435,1425,1408,1389,1376,1369,1359,,1,1,1,1,1,1,1,1,1,1,1,1,1,1,1,1,1,1,1,1,1,1,1,1,1,1,1,1,1,1,
15400000,1,May-98,1,1,1339,901,1131.8387,1,31,1,1,1,0,0,1339,1326,1318,1315,1311,1295,1273,1245,1223,1202,1190,1174,1167,1149,1135,1117,1102,1084,1068,1060,1062,1067,1065,1050,1032,1008,984,963,941,921,901,1,1,1,1,1,1,1,1,1,1,1,1,1,1,1,1,1,1,1,1,1,1,1,1,1,1,1,1,1,1,1
15400000,2,May-98,1,1,1339,901,1131.8387,1,31,1,1,1,0,0,1339,1326,1318,1315,1311,1295,1273,1245,1223,1202,1190,1174,1167,1149,1135,1117,1102,1084,1068,1060,1062,1067,1065,1050,1032,1008,984,963,941,921,901,1,1,1,1,1,1,1,1,1,1,1,1,1,1,1,1,1,1,1,1,1,1,1,1,1,1,1,1,1,1,1
15400000,1,Jun-98,1,1,935,631,766.29999,6,28,1,1,1,0,0,882,869,872,900,926,935,921,898,871,846,821,796,773,751,730,711,695,687,699,721,729,720,702,682,663,648,639,631,634,637,,1,1,1,1,1,1,1,1,1,1,1,1,1,1,1,1,1,1,1,1,1,1,1,1,1,1,1,1,1,1,
15400000,2,Jun-98,1,1,935,631,766.29999,6,28,1,1,1,0,0,882,869,872,900,926,935,921,898,871,846,821,796,773,751,730,711,695,687,699,721,729,720,702,682,663,648,639,631,634,637,,1,1,1,1,1,1,1,1,1,1,1,1,1,1,1,1,1,1,1,1,1,1,1,1,1,1,1,1,1,1,
15400000,1,Jul-98,1,1,661,398,517.48389,3,29,1,1,1,0,0,638,649,661,657,644,624,601,579,559,540,524,511,499,489,483,497,528,545,541,523,502,481,461,446,433,420,411,402,398,398,398,1,1,1,1,1,1,1,1,1,1,1,1,1,1,1,1,1,1,1,1,1,1,1,1,1,1,1,1,1,1,1
15400000,2,Jul-98,1,1,661,398,517.48389,3,29,1,1,1,0,0,638,649,661,657,644,624,601,579,559,540,524,511,499,489,483,497,528,545,541,523,502,481,461,446,433,420,411,402,398,398,398,1,1,1,1,1,1,1,1,1,1,1,1,1,1,1,1,1,1,1,1,1,1,1,1,1,1,1,1,1,1,1
15400000,1,Aug-98,1,1,426,311,354.5806,28,14,1,1,1,0,0,395,386,375,363,353,345,337,331,325,321,317,314,312,311,318,333,346,352,351,349,344,341,340,349,364,387,412,426,419,400,376,1,1,1,1,1,1,1,1,1,1,1,1,1,1,1,1,1,1,1,1,1,1,1,1,1,1,1,1,1,1,1
15400000,2,Aug-98,1,1,426,311,354.5806,28,14,1,1,1,0,0,395,386,375,363,353,345,337,331,325,321,317,314,312,311,318,333,346,352,351,349,344,341,340,349,364,387,412,426,419,400,376,1,1,1,1,1,1,1,1,1,1,1,1,1,1,1,1,1,1,1,1,1,1,1,1,1,1,1,1,1,1,1
15400000,1,Sep-98,1,1,423,281,332.23331,19,13,1,1,1,0,0,356,339,327,322,322,326,326,319,310,300,296,288,281,281,292,324,371,409,423,421,407,385,365,346,335,320,309,298,288,281,,1,1,1,1,1,1,1,1,1,1,1,1,1,1,1,1,1,1,1,1,1,1,1,1,1,1,1,1,1,1,
15400000,2,Sep-98,1,1,423,281,332.23331,19,13,1,1,1,0,0,356,339,327,322,322,326,326,319,310,300,296,288,281,281,292,324,371,409,423,421,407,385,365,346,335,320,309,298,288,281,,1,1,1,1,1,1,1,1,1,1,1,1,1,1,1,1,1,1,1,1,1,1,1,1,1,1,1,1,1,1,
15400000,1,Oct-98,1,1,633,253,437.19351,25,7,1,1,1,0,0,278,275,271,265,259,255,253,263,282,305,328,343,356,369,395,437,490,514,519,540,576,596,608,621,633,629,614,594,576,561,548,1,1,1,1,1,1,1,1,1,1,1,1,1,1,1,1,1,1,1,1,1,1,1,1,1,1,1,1,1,1,1
15400000,2,Oct-98,1,1,633,253,437.19351,25,7,1,1,1,0,0,278,275,271,265,259,255,253,263,282,305,328,343,356,369,395,437,490,514,519,540,576,596,608,621,633,629,614,594,576,561,548,1,1,1,1,1,1,1,1,1,1,1,1,1,1,1,1,1,1,1,1,1,1,1,1,1,1,1,1,1,1,1
15400000,1,Nov-98,1,1,932,544,842.43329,25,1,1,1,1,0,0,544,580,693,798,862,898,902,894,885,884,870,840,803,774,776,804,854,872,874,871,867,863,872,907,932,929,917,905,899,904,,1,1,1,1,1,1,1,1,1,1,1,1,1,1,1,1,1,1,1,1,1,1,1,1,1,1,1,1,1,1,
15400000,2,Nov-98,1,1,932,544,842.43329,25,1,1,1,1,0,0,544,580,693,798,862,898,902,894,885,884,870,840,803,774,776,804,854,872,874,871,867,863,872,907,932,929,917,905,899,904,,1,1,1,1,1,1,1,1,1,1,1,1,1,1,1,1,1,1,1,1,1,1,1,1,1,1,1,1,1,1,
15400000,1,Dec-98,1,1,1180,932,1123.4839,17,1,1,1,1,0,0,932,988,1021,1038,1058,1091,1115,1128,1140,1150,1160,1161,1165,1168,1173,1178,1180,1179,1173,1170,1162,1154,1145,1133,1116,1106,1103,1119,1140,1146,1136,1,1,1,1,1,1,1,1,1,1,1,1,1,1,1,1,1,1,1,1,1,1,1,1,1,1,1,1,1,1,1
15400000,2,Dec-98,1,1,1180,932,1123.4839,17,1,1,1,1,0,0,932,988,1021,1038,1058,1091,1115,1128,1140,1150,1160,1161,1165,1168,1173,1178,1180,1179,1173,1170,1162,1154,1145,1133,1116,1106,1103,1119,1140,1146,1136,1,1,1,1,1,1,1,1,1,1,1,1,1,1,1,1,1,1,1,1,1,1,1,1,1,1,1,1,1,1,1
15400000,1,Jan-99,1,1,1366,1070,1288.2258,20,3,1,1,1,0,0,1114,1090,1070,1072,1108,1155,1186,1216,1244,1281,1314,1336,1348,1354,1357,1364,1364,1363,1364,1366,1366,1363,1353,1348,1352,1357,1358,1356,1347,1339,1330,1,1,1,1,1,1,1,1,1,1,1,1,1,1,1,1,1,1,1,1,1,1,1,1,1,1,1,1,1,1,1
15400000,2,Jan-99,1,1,1366,1070,1288.2258,20,3,1,1,1,0,0,1114,1090,1070,1072,1108,1155,1186,1216,1244,1281,1314,1336,1348,1354,1357,1364,1364,1363,1364,1366,1366,1363,1353,1348,1352,1357,1358,1356,1347,1339,1330,1,1,1,1,1,1,1,1,1,1,1,1,1,1,1,1,1,1,1,1,1,1,1,1,1,1,1,1,1,1,1
15400000,1,Feb-99,1,1,1539,1327,1472,24,1,1,1,1,0,0,1327,1338,1356,1392,1408,1420,1428,1438,1445,1453,1461,1469,1477,1482,1491,1500,1503,1513,1520,1528,1533,1537,1538,1539,1534,1532,1529,1525,,,,1,1,1,1,1,1,1,1,1,1,1,1,1,1,1,1,1,1,1,1,1,1,1,1,1,1,1,1,,,
15400000,2,Feb-99,1,1,1539,1327,1472,24,1,1,1,1,0,0,1327,1338,1356,1392,1408,1420,1428,1438,1445,1453,1461,1469,1477,1482,1491,1500,1503,1513,1520,1528,1533,1537,1538,1539,1534,1532,1529,1525,,,,1,1,1,1,1,1,1,1,1,1,1,1,1,1,1,1,1,1,1,1,1,1,1,1,1,1,1,1,,,
15400000,1,Mar-99,1,1,1539,1442,1481.9032,31,14,1,1,1,0,0,1514,1500,1490,1481,1473,1466,1459,1460,1459,1458,1455,1453,1445,1442,1443,1449,1463,1470,1470,1471,1477,1485,1494,1502,1508,1515,1519,1525,1526,1528,1539,1,1,1,1,1,1,1,1,1,1,1,1,1,1,1,1,1,1,1,1,1,1,1,1,1,1,1,1,1,1,1
15400000,2,Mar-99,1,1,1539,1442,1481.9032,31,14,1,1,1,0,0,1514,1500,1490,1481,1473,1466,1459,1460,1459,1458,1455,1453,1445,1442,1443,1449,1463,1470,1470,1471,1477,1485,1494,1502,1508,1515,1519,1525,1526,1528,1539,1,1,1,1,1,1,1,1,1,1,1,1,1,1,1,1,1,1,1,1,1,1,1,1,1,1,1,1,1,1,1
15400000,1,Apr-99,1,1,1545,1283,1453.9667,1,30,1,1,1,0,0,1545,1544,1541,1537,1534,1536,1536,1537,1532,1522,1511,1501,1487,1474,1462,1452,1443,1432,1420,1411,1406,1411,1420,1417,1396,1370,1344,1317,1298,1283,,1,1,1,1,1,1,1,1,1,1,1,1,1,1,1,1,1,1,1,1,1,1,1,1,1,1,1,1,1,1,
15400000,2,Apr-99,1,1,1545,1283,1453.9667,1,30,1,1,1,0,0,1545,1544,1541,1537,1534,1536,1536,1537,1532,1522,1511,1501,1487,1474,1462,1452,1443,1432,1420,1411,1406,1411,1420,1417,1396,1370,1344,1317,1298,1283,,1,1,1,1,1,1,1,1,1,1,1,1,1,1,1,1,1,1,1,1,1,1,1,1,1,1,1,1,1,1,
15400000,1,May-99,1,1,1271,1028,1171.7742,1,31,1,1,1,0,0,1271,1256,1242,1238,1235,1234,1231,1229,1224,1213,1205,1196,1191,1191,1207,1209,1196,1181,1170,1159,1146,1135,1125,1118,1109,1104,1095,1081,1061,1045,1028,1,1,1,1,1,1,1,1,1,1,1,1,1,1,1,1,1,1,1,1,1,1,1,1,1,1,1,1,1,1,1
15400000,2,May-99,1,1,1271,1028,1171.7742,1,31,1,1,1,0,0,1271,1256,1242,1238,1235,1234,1231,1229,1224,1213,1205,1196,1191,1191,1207,1209,1196,1181,1170,1159,1146,1135,1125,1118,1109,1104,1095,1081,1061,1045,1028,1,1,1,1,1,1,1,1,1,1,1,1,1,1,1,1,1,1,1,1,1,1,1,1,1,1,1,1,1,1,1
15400000,1,Jun-99,1,1,1020,739,866.33331,4,30,1,1,1,0,0,1016,1012,1018,1020,1009,988,973,957,941,923,904,886,870,855,841,828,816,812,814,814,804,789,773,764,768,773,770,762,751,739,,1,1,1,1,1,1,1,1,1,1,1,1,1,1,1,1,1,1,1,1,1,1,1,1,1,1,1,1,1,1,
15400000,2,Jun-99,1,1,1020,739,866.33331,4,30,1,1,1,0,0,1016,1012,1018,1020,1009,988,973,957,941,923,904,886,870,855,841,828,816,812,814,814,804,789,773,764,768,773,770,762,751,739,,1,1,1,1,1,1,1,1,1,1,1,1,1,1,1,1,1,1,1,1,1,1,1,1,1,1,1,1,1,1,
15400000,1,Jul-99,1,1,842,566,678.6452,10,23,1,1,1,0,0,724,720,724,729,730,722,716,744,815,842,833,808,779,749,720,693,666,641,623,604,587,575,566,573,595,611,612,599,585,578,575,1,1,1,1,1,1,1,1,1,1,1,1,1,1,1,1,1,1,1,1,1,1,1,1,1,1,1,1,1,1,1
15400000,2,Jul-99,1,1,842,566,678.6452,10,23,1,1,1,0,0,724,720,724,729,730,722,716,744,815,842,833,808,779,749,720,693,666,641,623,604,587,575,566,573,595,611,612,599,585,578,575,1,1,1,1,1,1,1,1,1,1,1,1,1,1,1,1,1,1,1,1,1,1,1,1,1,1,1,1,1,1,1
15400000,1,Aug-99,1,1,569,276,393.93549,1,31,1,1,1,0,0,569,558,541,523,504,486,470,456,446,437,428,418,406,391,379,371,364,359,358,353,346,336,327,319,313,307,302,296,290,283,276,1,1,1,1,1,1,1,1,1,1,1,1,1,1,1,1,1,1,1,1,1,1,1,1,1,1,1,1,1,1,1
15400000,2,Aug-99,1,1,569,276,393.93549,1,31,1,1,1,0,0,569,558,541,523,504,486,470,456,446,437,428,418,406,391,379,371,364,359,358,353,346,336,327,319,313,307,302,296,290,283,276,1,1,1,1,1,1,1,1,1,1,1,1,1,1,1,1,1,1,1,1,1,1,1,1,1,1,1,1,1,1,1
15400000,1,Sep-99,1,1,440,231,277.56671,30,18,1,1,1,0,0,271,266,261,256,252,249,245,244,243,242,240,240,238,237,235,234,232,231,231,231,234,242,265,322,369,383,386,391,417,440,,1,1,1,1,1,1,1,1,1,1,1,1,1,1,1,1,1,1,1,1,1,1,1,1,1,1,1,1,1,1,
15400000,2,Sep-99,1,1,440,231,277.56671,30,18,1,1,1,0,0,271,266,261,256,252,249,245,244,243,242,240,240,238,237,235,234,232,231,231,231,234,242,265,322,369,383,386,391,417,440,,1,1,1,1,1,1,1,1,1,1,1,1,1,1,1,1,1,1,1,1,1,1,1,1,1,1,1,1,1,1,
15400000,1,Oct-99,1,1,440,241,321.6774,1,29,1,1,1,0,0,440,423,404,389,373,367,363,356,346,337,330,327,333,343,349,346,336,326,314,303,294,284,276,267,261,258,250,246,241,243,247,1,1,1,1,1,1,1,1,1,1,1,1,1,1,1,1,1,1,1,1,1,1,1,1,1,1,1,1,1,1,1
15400000,2,Oct-99,1,1,440,241,321.6774,1,29,1,1,1,0,0,440,423,404,389,373,367,363,356,346,337,330,327,333,343,349,346,336,326,314,303,294,284,276,267,261,258,250,246,241,243,247,1,1,1,1,1,1,1,1,1,1,1,1,1,1,1,1,1,1,1,1,1,1,1,1,1,1,1,1,1,1,1
15400000,1,Nov-99,1,1,598,247,429.10001,30,1,1,1,1,0,0,247,247,249,255,276,308,341,358,358,355,359,392,437,469,483,486,496,511,526,526,517,505,495,486,480,479,500,550,584,598,,1,1,1,1,1,1,1,1,1,1,1,1,1,1,1,1,1,1,1,1,1,1,1,1,1,1,1,1,1,1,
15400000,2,Nov-99,1,1,598,247,429.10001,30,1,1,1,1,0,0,247,247,249,255,276,308,341,358,358,355,359,392,437,469,483,486,496,511,526,526,517,505,495,486,480,479,500,550,584,598,,1,1,1,1,1,1,1,1,1,1,1,1,1,1,1,1,1,1,1,1,1,1,1,1,1,1,1,1,1,1,
15400000,1,Dec-99,1,1,1038,588,822.41937,23,3,1,1,1,0,0,598,590,588,611,633,660,656,648,631,621,622,652,694,748,807,853,903,931,933,936,980,1019,1038,1037,1033,1027,1025,1011,1007,1005,998,1,1,1,1,1,1,1,1,1,1,1,1,1,1,1,1,1,1,1,1,1,1,1,1,1,1,1,1,1,1,1
15400000,2,Dec-99,1,1,1038,588,822.41937,23,3,1,1,1,0,0,598,590,588,611,633,660,656,648,631,621,622,652,694,748,807,853,903,931,933,936,980,1019,1038,1037,1033,1027,1025,1011,1007,1005,998,1,1,1,1,1,1,1,1,1,1,1,1,1,1,1,1,1,1,1,1,1,1,1,1,1,1,1,1,1,1,1
15400000,1,Jan-00,1,1,1231,986,1059.9032,31,6,1,1,1,0,0,993,995,1000,998,989,986,1016,1051,1060,1048,1030,1027,1033,1027,1013,1004,1013,1029,1043,1036,1030,1044,1067,1093,1117,1139,1150,1171,1201,1223,1231,1,1,1,1,1,1,1,1,1,1,1,1,1,1,1,1,1,1,1,1,1,1,1,1,1,1,1,1,1,1,1
15400000,2,Jan-00,1,1,1231,986,1059.9032,31,6,1,1,1,0,0,993,995,1000,998,989,986,1016,1051,1060,1048,1030,1027,1033,1027,1013,1004,1013,1029,1043,1036,1030,1044,1067,1093,1117,1139,1150,1171,1201,1223,1231,1,1,1,1,1,1,1,1,1,1,1,1,1,1,1,1,1,1,1,1,1,1,1,1,1,1,1,1,1,1,1
15400000,1,Feb-00,1,1,1322,1216,1266.7931,12,20,1,1,1,0,0,1242,1259,1282,1301,1310,1311,1302,1290,1286,1296,1320,1322,1310,1291,1282,1273,1263,1245,1227,1216,1222,1228,1236,1240,1237,1242,1237,1232,1235,,,1,1,1,1,1,1,1,1,1,1,1,1,1,1,1,1,1,1,1,1,1,1,1,1,1,1,1,1,1,,
15400000,2,Feb-00,1,1,1322,1216,1266.7931,12,20,1,1,1,0,0,1242,1259,1282,1301,1310,1311,1302,1290,1286,1296,1320,1322,1310,1291,1282,1273,1263,1245,1227,1216,1222,1228,1236,1240,1237,1242,1237,1232,1235,,,1,1,1,1,1,1,1,1,1,1,1,1,1,1,1,1,1,1,1,1,1,1,1,1,1,1,1,1,1,,
15400000,1,Mar-00,1,1,1485,1244,1403.4839,24,1,1,1,1,0,0,1244,1260,1270,1276,1287,1294,1306,1316,1328,1346,1367,1387,1405,1422,1435,1451,1454,1460,1459,1470,1475,1482,1484,1485,1484,1483,1481,1479,1478,1474,1466,1,1,1,1,1,1,1,1,1,1,1,1,1,1,1,1,1,1,1,1,1,1,1,1,1,1,1,1,1,1,1
15400000,2,Mar-00,1,1,1485,1244,1403.4839,24,1,1,1,1,0,0,1244,1260,1270,1276,1287,1294,1306,1316,1328,1346,1367,1387,1405,1422,1435,1451,1454,1460,1459,1470,1475,1482,1484,1485,1484,1483,1481,1479,1478,1474,1466,1,1,1,1,1,1,1,1,1,1,1,1,1,1,1,1,1,1,1,1,1,1,1,1,1,1,1,1,1,1,1
15400000,2,Apr-00,1,1,1455,1220,1316.8,1,23,1,1,1,0,0,1455,1446,1443,1438,1424,1406,1387,1376,1374,1361,1348,1337,1319,1305,1294,1286,1274,1264,1250,1238,1234,1228,1220,1236,1271,1288,1280,1262,1240,1220,,1,1,1,1,1,1,1,1,1,1,1,1,1,1,1,1,1,1,1,1,1,1,1,1,1,1,1,1,1,1,
15400000,1,Apr-00,1,1,1455,1220,1316.8,1,23,1,1,1,0,0,1455,1446,1443,1438,1424,1406,1387,1376,1374,1361,1348,1337,1319,1305,1294,1286,1274,1264,1250,1238,1234,1228,1220,1236,1271,1288,1280,1262,1240,1220,,1,1,1,1,1,1,1,1,1,1,1,1,1,1,1,1,1,1,1,1,1,1,1,1,1,1,1,1,1,1,
15400000,2,May-00,1,1,1199,818,1044.6774,1,31,1,1,1,0,0,1199,1180,1163,1158,1157,1156,1168,1178,1176,1164,1148,1132,1120,1108,1090,1066,1043,1022,1002,978,956,948,948,946,940,928,907,884,862,840,818,1,1,1,1,1,1,1,1,1,1,1,1,1,1,1,1,1,1,1,1,1,1,1,1,1,1,1,1,1,1,1
15400000,1,May-00,1,1,1199,818,1044.6774,1,31,1,1,1,0,0,1199,1180,1163,1158,1157,1156,1168,1178,1176,1164,1148,1132,1120,1108,1090,1066,1043,1022,1002,978,956,948,948,946,940,928,907,884,862,840,818,1,1,1,1,1,1,1,1,1,1,1,1,1,1,1,1,1,1,1,1,1,1,1,1,1,1,1,1,1,1,1
15400000,1,Jun-00,1,1,982,735,842.06671,15,6,1,1,1,0,0,801,781,768,754,742,735,749,792,823,834,828,831,857,933,982,978,942,904,878,883,909,926,919,898,870,842,814,786,762,741,,1,1,1,1,1,1,1,1,1,1,1,1,1,1,1,1,1,1,1,1,1,1,1,1,1,1,1,1,1,1,
15400000,2,Jun-00,1,1,982,735,842.06671,15,6,1,1,1,0,0,801,781,768,754,742,735,749,792,823,834,828,831,857,933,982,978,942,904,878,883,909,926,919,898,870,842,814,786,762,741,,1,1,1,1,1,1,1,1,1,1,1,1,1,1,1,1,1,1,1,1,1,1,1,1,1,1,1,1,1,1,
15400000,1,Jul-00,1,1,721,498,604.25812,1,29,1,1,1,0,0,721,700,685,675,672,667,663,663,672,673,655,636,617,599,581,582,602,616,614,601,583,568,553,542,532,524,515,506,498,499,518,1,1,1,1,1,1,1,1,1,1,1,1,1,1,1,1,1,1,1,1,1,1,1,1,1,1,1,1,1,1,1
15400000,2,Jul-00,1,1,721,498,604.25812,1,29,1,1,1,0,0,721,700,685,675,672,667,663,663,672,673,655,636,617,599,581,582,602,616,614,601,583,568,553,542,532,524,515,506,498,499,518,1,1,1,1,1,1,1,1,1,1,1,1,1,1,1,1,1,1,1,1,1,1,1,1,1,1,1,1,1,1,1
15400000,1,Aug-00,1,1,531,356,418.2258,1,31,1,1,1,0,0,531,527,514,495,477,458,442,430,421,417,408,401,397,396,395,392,389,393,403,416,422,421,413,403,392,384,377,371,364,360,356,1,1,1,1,1,1,1,1,1,1,1,1,1,1,1,1,1,1,1,1,1,1,1,1,1,1,1,1,1,1,1
15400000,2,Aug-00,1,1,531,356,418.2258,1,31,1,1,1,0,0,531,527,514,495,477,458,442,430,421,417,408,401,397,396,395,392,389,393,403,416,422,421,413,403,392,384,377,371,364,360,356,1,1,1,1,1,1,1,1,1,1,1,1,1,1,1,1,1,1,1,1,1,1,1,1,1,1,1,1,1,1,1
15400000,1,Sep-00,1,1,578,348,460.89999,10,3,1,1,1,0,0,354,350,348,352,374,447,502,529,559,578,575,552,526,500,490,508,523,518,498,475,460,455,458,459,450,432,414,395,379,367,,1,1,1,1,1,1,1,1,1,1,1,1,1,1,1,1,1,1,1,1,1,1,1,1,1,1,1,1,1,1,
15400000,2,Sep-00,1,1,578,348,460.89999,10,3,1,1,1,0,0,354,350,348,352,374,447,502,529,559,578,575,552,526,500,490,508,523,518,498,475,460,455,458,459,450,432,414,395,379,367,,1,1,1,1,1,1,1,1,1,1,1,1,1,1,1,1,1,1,1,1,1,1,1,1,1,1,1,1,1,1,
15400000,1,Oct-00,1,1,394,311,345.03229,6,23,1,1,1,0,0,360,362,366,375,386,394,386,373,358,345,333,324,319,321,332,341,343,336,326,317,315,314,311,312,315,324,334,348,365,377,384,1,1,1,1,1,1,1,1,1,1,1,1,1,1,1,1,1,1,1,1,1,1,1,1,1,1,1,1,1,1,1
15400000,2,Oct-00,1,1,394,311,345.03229,6,23,1,1,1,0,0,360,362,366,375,386,394,386,373,358,345,333,324,319,321,332,341,343,336,326,317,315,314,311,312,315,324,334,348,365,377,384,1,1,1,1,1,1,1,1,1,1,1,1,1,1,1,1,1,1,1,1,1,1,1,1,1,1,1,1,1,1,1
15400000,1,Nov-00,1,1,810,433,649.40002,22,1,1,1,1,0,0,433,504,546,569,574,576,572,562,550,544,554,571,584,596,630,675,702,746,780,798,809,810,800,776,742,713,692,686,692,696,,1,1,1,1,1,1,1,1,1,1,1,1,1,1,1,1,1,1,1,1,1,1,1,1,1,1,1,1,1,1,
15400000,2,Nov-00,1,1,810,433,649.40002,22,1,1,1,1,0,0,433,504,546,569,574,576,572,562,550,544,554,571,584,596,630,675,702,746,780,798,809,810,800,776,742,713,692,686,692,696,,1,1,1,1,1,1,1,1,1,1,1,1,1,1,1,1,1,1,1,1,1,1,1,1,1,1,1,1,1,1,
15400000,1,Dec-00,1,1,1106,696,919.25812,19,1,1,1,1,0,0,696,706,731,746,758,828,884,894,882,870,886,914,926,915,911,954,1045,1098,1106,1090,1070,1056,1035,1008,980,954,932,914,905,901,902,1,1,1,1,1,1,1,1,1,1,1,1,1,1,1,1,1,1,1,1,1,1,1,1,1,1,1,1,1,1,1
15400000,2,Dec-00,1,1,1106,696,919.25812,19,1,1,1,1,0,0,696,706,731,746,758,828,884,894,882,870,886,914,926,915,911,954,1045,1098,1106,1090,1070,1056,1035,1008,980,954,932,914,905,901,902,1,1,1,1,1,1,1,1,1,1,1,1,1,1,1,1,1,1,1,1,1,1,1,1,1,1,1,1,1,1,1
15400000,1,Jan-01,1,1,1442,907,1202.129,31,1,1,1,1,0,0,907,929,962,1002,1031,1048,1055,1047,1027,1028,1058,1088,1128,1168,1208,1242,1267,1290,1306,1316,1320,1330,1338,1349,1362,1377,1391,1404,1416,1430,1442,1,1,1,1,1,1,1,1,1,1,1,1,1,1,1,1,1,1,1,1,1,1,1,1,1,1,1,1,1,1,1
15400000,2,Jan-01,1,1,1442,907,1202.129,31,1,1,1,1,0,0,907,929,962,1002,1031,1048,1055,1047,1027,1028,1058,1088,1128,1168,1208,1242,1267,1290,1306,1316,1320,1330,1338,1349,1362,1377,1391,1404,1416,1430,1442,1,1,1,1,1,1,1,1,1,1,1,1,1,1,1,1,1,1,1,1,1,1,1,1,1,1,1,1,1,1,1
15400000,1,Feb-01,1,1,1524,1381,1449.3571,28,18,1,1,1,0,0,1448,1452,1460,1467,1470,1469,1468,1466,1464,1463,1457,1443,1434,1420,1408,1392,1382,1381,1388,1403,1422,1445,1462,1480,1494,1506,1514,1524,,,,1,1,1,1,1,1,1,1,1,1,1,1,1,1,1,1,1,1,1,1,1,1,1,1,1,1,1,1,,,
15400000,2,Feb-01,1,1,1524,1381,1449.3571,28,18,1,1,1,0,0,1448,1452,1460,1467,1470,1469,1468,1466,1464,1463,1457,1443,1434,1420,1408,1392,1382,1381,1388,1403,1422,1445,1462,1480,1494,1506,1514,1524,,,,1,1,1,1,1,1,1,1,1,1,1,1,1,1,1,1,1,1,1,1,1,1,1,1,1,1,1,1,,,
15400000,1,Mar-01,1,1,1654,1537,1612.9032,16,1,1,1,1,0,0,1537,1552,1565,1576,1585,1594,1604,1610,1622,1633,1639,1643,1646,1650,1653,1654,1652,1652,1650,1643,1637,1627,1621,1614,1604,1596,1592,1590,1586,1586,1587,1,1,1,1,1,1,1,1,1,1,1,1,1,1,1,1,1,1,1,1,1,1,1,1,1,1,1,1,1,1,1
15400000,2,Mar-01,1,1,1654,1537,1612.9032,16,1,1,1,1,0,0,1537,1552,1565,1576,1585,1594,1604,1610,1622,1633,1639,1643,1646,1650,1653,1654,1652,1652,1650,1643,1637,1627,1621,1614,1604,1596,1592,1590,1586,1586,1587,1,1,1,1,1,1,1,1,1,1,1,1,1,1,1,1,1,1,1,1,1,1,1,1,1,1,1,1,1,1,1
15400000,1,Apr-01,1,1,1610,1372,1502.3333,5,28,1,1,1,0,0,1593,1599,1604,1606,1610,1607,1606,1602,1592,1578,1563,1554,1554,1554,1550,1532,1512,1488,1464,1440,1420,1403,1388,1378,1378,1379,1378,1372,1380,1386,,1,1,1,1,1,1,1,1,1,1,1,1,1,1,1,1,1,1,1,1,1,1,1,1,1,1,1,1,1,1,
15400000,2,Apr-01,1,1,1610,1372,1502.3333,5,28,1,1,1,0,0,1593,1599,1604,1606,1610,1607,1606,1602,1592,1578,1563,1554,1554,1554,1550,1532,1512,1488,1464,1440,1420,1403,1388,1378,1378,1379,1378,1372,1380,1386,,1,1,1,1,1,1,1,1,1,1,1,1,1,1,1,1,1,1,1,1,1,1,1,1,1,1,1,1,1,1,
15400000,1,May-01,1,1,1380,1110,1261.8065,1,29,1,1,1,0,0,1380,1370,1354,1336,1328,1338,1347,1354,1354,1340,1331,1320,1308,1292,1272,1260,1260,1266,1269,1264,1250,1230,1204,1180,1160,1143,1126,1112,1110,1116,1142,1,1,1,1,1,1,1,1,1,1,1,1,1,1,1,1,1,1,1,1,1,1,1,1,1,1,1,1,1,1,1
15400000,2,May-01,1,1,1380,1110,1261.8065,1,29,1,1,1,0,0,1380,1370,1354,1336,1328,1338,1347,1354,1354,1340,1331,1320,1308,1292,1272,1260,1260,1266,1269,1264,1250,1230,1204,1180,1160,1143,1126,1112,1110,1116,1142,1,1,1,1,1,1,1,1,1,1,1,1,1,1,1,1,1,1,1,1,1,1,1,1,1,1,1,1,1,1,1
15400000,1,Jun-01,1,1,1150,853,1010.7667,1,30,1,1,1,0,0,1150,1150,1146,1142,1134,1123,1107,1087,1067,1050,1033,1015,1017,1023,1020,1007,990,980,967,951,938,929,940,949,944,930,914,895,872,853,,,,,,1,1,1,1,1,1,1,1,1,1,1,1,1,1,1,1,1,1,1,1,1,1,1,1,1,1,
15400000,2,Jun-01,1,1,1150,853,1010.7667,1,30,1,1,1,0,0,1150,1150,1146,1142,1134,1123,1107,1087,1067,1050,1033,1015,1017,1023,1020,1007,990,980,967,951,938,929,940,949,944,930,914,895,872,853,,1,1,1,1,1,1,1,1,1,1,1,1,1,1,1,1,1,1,1,1,1,1,1,1,1,1,1,1,1,1,
15400000,1,Jul-01,1,1,831,596,693.03229,1,31,1,1,1,0,0,831,812,794,778,766,752,741,726,710,687,677,672,666,662,654,650,642,640,652,668,670,664,652,680,714,714,696,666,638,614,596,1,1,1,1,1,1,1,1,1,1,1,1,1,1,1,1,1,1,1,1,1,1,1,1,1,1,1,1,1,1,1
15400000,2,Jul-01,1,1,831,596,693.03229,1,31,1,1,1,0,0,831,812,794,778,766,752,741,726,710,687,677,672,666,662,654,650,642,640,652,668,670,664,652,680,714,714,696,666,638,614,596,1,1,1,1,1,1,1,1,1,1,1,1,1,1,1,1,1,1,1,1,1,1,1,1,1,1,1,1,1,1,1
15400000,1,Aug-01,1,1,601,367,476.5484,5,31,1,1,1,0,0,586,575,576,592,601,596,582,562,543,522,504,487,473,462,464,477,485,479,464,447,430,416,402,394,390,386,384,380,375,372,367,1,1,1,1,1,1,1,1,1,1,1,1,1,1,1,1,1,1,1,1,1,1,1,1,1,1,1,1,1,1,1
15400000,2,Aug-01,1,1,601,367,476.5484,5,31,1,1,1,0,0,586,575,576,592,601,596,582,562,543,522,504,487,473,462,464,477,485,479,464,447,430,416,402,394,390,386,384,380,375,372,367,1,1,1,1,1,1,1,1,1,1,1,1,1,1,1,1,1,1,1,1,1,1,1,1,1,1,1,1,1,1,1
15400000,1,Sep-01,1,1,421,298,337.96671,27,12,1,1,1,0,0,362,356,350,344,338,334,328,322,314,307,301,298,300,308,318,322,322,322,320,316,314,311,310,330,376,412,421,412,392,379,,1,1,1,1,1,1,1,1,1,1,1,1,1,1,1,1,1,1,1,1,1,1,1,1,1,1,1,1,1,1,
15400000,2,Sep-01,1,1,421,298,337.96671,27,12,1,1,1,0,0,362,356,350,344,338,334,328,322,314,307,301,298,300,308,318,322,322,322,320,316,314,311,310,330,376,412,421,412,392,379,,1,1,1,1,1,1,1,1,1,1,1,1,1,1,1,1,1,1,1,1,1,1,1,1,1,1,1,1,1,1,
15400000,1,Oct-01,1,1,556,332,408.871,31,5,1,1,1,0,0,366,356,347,338,332,332,340,345,342,336,333,341,354,366,371,376,390,407,420,430,442,456,464,470,481,500,512,512,520,540,556,1,1,1,1,1,1,1,1,1,1,1,1,1,1,1,1,1,1,1,1,1,1,1,1,1,1,1,1,1,1,1
15400000,2,Oct-01,1,1,556,332,408.871,31,5,1,1,1,0,0,366,356,347,338,332,332,340,345,342,336,333,341,354,366,371,376,390,407,420,430,442,456,464,470,481,500,512,512,520,540,556,1,1,1,1,1,1,1,1,1,1,1,1,1,1,1,1,1,1,1,1,1,1,1,1,1,1,1,1,1,1,1
15400000,1,Nov-01,1,1,842,500,731.43329,10,5,1,1,1,0,0,560,547,520,506,500,533,626,724,802,842,841,836,832,820,800,782,772,767,758,757,759,758,760,777,787,788,782,792,802,813,,1,1,1,1,1,1,1,1,1,1,1,1,1,1,1,1,1,1,1,1,1,1,1,1,1,1,1,1,1,1,
15400000,2,Nov-01,1,1,842,500,731.43329,10,5,1,1,1,0,0,560,547,520,506,500,533,626,724,802,842,841,836,832,820,800,782,772,767,758,757,759,758,760,777,787,788,782,792,802,813,,1,1,1,1,1,1,1,1,1,1,1,1,1,1,1,1,1,1,1,1,1,1,1,1,1,1,1,1,1,1,
15400000,1,Dec-01,1,1,1180,820,965.93549,30,4,1,1,1,0,0,824,834,831,820,824,855,888,910,921,940,977,1004,993,983,977,971,963,972,985,996,999,991,983,968,959,962,1000,1089,1172,1180,1173,1,1,1,1,1,1,1,1,1,1,1,1,1,1,1,1,1,1,1,1,1,1,1,1,1,1,1,1,1,1,1
15400000,2,Dec-01,1,1,1180,820,965.93549,30,4,1,1,1,0,0,824,834,831,820,824,855,888,910,921,940,977,1004,993,983,977,971,963,972,985,996,999,991,983,968,959,962,1000,1089,1172,1180,1173,1,1,1,1,1,1,1,1,1,1,1,1,1,1,1,1,1,1,1,1,1,1,1,1,1,1,1,1,1,1,1
15400000,1,Jan-02,1,1,1274,1092,1185.0323,9,29,1,1,1,0,0,1154,1146,1135,1142,1193,1240,1262,1269,1274,1270,1264,1266,1261,1250,1238,1234,1230,1204,1177,1160,1150,1146,1151,1154,1147,1131,1113,1099,1092,1092,1092,1,1,1,1,1,1,1,1,1,1,1,1,1,1,1,1,1,1,1,1,1,1,1,1,1,1,1,1,1,1,1
15400000,2,Jan-02,1,1,1274,1092,1185.0323,9,29,1,1,1,0,0,1154,1146,1135,1142,1193,1240,1262,1269,1274,1270,1264,1266,1261,1250,1238,1234,1230,1204,1177,1160,1150,1146,1151,1154,1147,1131,1113,1099,1092,1092,1092,1,1,1,1,1,1,1,1,1,1,1,1,1,1,1,1,1,1,1,1,1,1,1,1,1,1,1,1,1,1,1
15400000,1,Feb-02,1,1,1477,1099,1320,28,2,1,1,1,0,0,1100,1099,1112,1150,1170,1171,1169,1200,1253,1294,1317,1336,1347,1354,1370,1374,1380,1388,1398,1404,1418,1423,1434,1442,1452,1461,1467,1477,,,,1,1,1,1,1,1,1,1,1,1,1,1,1,1,1,1,1,1,1,1,1,1,1,1,1,1,1,1,,,
15400000,2,Feb-02,1,1,1477,1099,1320,28,2,1,1,1,0,0,1100,1099,1112,1150,1170,1171,1169,1200,1253,1294,1317,1336,1347,1354,1370,1374,1380,1388,1398,1404,1418,1423,1434,1442,1452,1461,1467,1477,,,,1,1,1,1,1,1,1,1,1,1,1,1,1,1,1,1,1,1,1,1,1,1,1,1,1,1,1,1,,,
15400000,1,Mar-02,1,1,1543,1478,1512.1613,14,31,1,1,1,0,0,1482,1490,1500,1507,1510,1514,1520,1520,1518,1517,1523,1532,1538,1543,1541,1536,1530,1522,1519,1514,1509,1504,1498,1497,1501,1508,1510,1508,1500,1488,1478,1,1,1,1,1,1,1,1,1,1,1,1,1,1,1,1,1,1,1,1,1,1,1,1,1,1,1,1,1,1,1
15400000,2,Mar-02,1,1,1543,1478,1512.1613,14,31,1,1,1,0,0,1482,1490,1500,1507,1510,1514,1520,1520,1518,1517,1523,1532,1538,1543,1541,1536,1530,1522,1519,1514,1509,1504,1498,1497,1501,1508,1510,1508,1500,1488,1478,1,1,1,1,1,1,1,1,1,1,1,1,1,1,1,1,1,1,1,1,1,1,1,1,1,1,1,1,1,1,1
15400000,1,Apr-02,1,1,1481,1280,1378.5333,3,30,1,1,1,0,0,1475,1477,1481,1477,1476,1476,1474,1464,1449,1428,1400,1380,1364,1357,1354,1342,1329,1333,1344,1352,1350,1338,1321,1315,1313,1308,1304,1300,1295,1280,,1,1,1,1,1,1,1,1,1,1,1,1,1,1,1,1,1,1,1,1,1,1,1,1,1,1,1,1,1,1,
15400000,2,Apr-02,1,1,1481,1280,1378.5333,3,30,1,1,1,0,0,1475,1477,1481,1477,1476,1476,1474,1464,1449,1428,1400,1380,1364,1357,1354,1342,1329,1333,1344,1352,1350,1338,1321,1315,1313,1308,1304,1300,1295,1280,,1,1,1,1,1,1,1,1,1,1,1,1,1,1,1,1,1,1,1,1,1,1,1,1,1,1,1,1,1,1,
15400000,1,May-02,1,1,1382,1012,1177.4839,4,31,1,1,1,0,0,1276,1312,1358,1382,1370,1345,1320,1300,1281,1266,1245,1228,1206,1185,1170,1159,1146,1130,1110,1094,1086,1084,1079,1068,1061,1056,1053,1050,1040,1030,1012,1,1,1,1,1,1,1,1,1,1,1,1,1,1,1,1,1,1,1,1,1,1,1,1,1,1,1,1,1,1,1
15400000,2,May-02,1,1,1382,1012,1177.4839,4,31,1,1,1,0,0,1276,1312,1358,1382,1370,1345,1320,1300,1281,1266,1245,1228,1206,1185,1170,1159,1146,1130,1110,1094,1086,1084,1079,1068,1061,1056,1053,1050,1040,1030,1012,1,1,1,1,1,1,1,1,1,1,1,1,1,1,1,1,1,1,1,1,1,1,1,1,1,1,1,1,1,1,1
15400000,1,Jun-02,1,1,1040,784,968.3667,20,30,1,1,1,0,0,994,977,963,964,985,1016,1027,1024,1026,1020,1004,990,992,1000,996,984,982,999,1028,1040,1030,1005,975,947,913,887,860,833,806,784,,1,1,1,1,1,1,1,1,1,1,1,1,1,1,1,1,1,1,1,1,1,1,1,1,1,1,1,1,1,1,
15400000,2,Jun-02,1,1,1040,784,968.3667,20,30,1,1,1,0,0,994,977,963,964,985,1016,1027,1024,1026,1020,1004,990,992,1000,996,984,982,999,1028,1040,1030,1005,975,947,913,887,860,833,806,784,,1,1,1,1,1,1,1,1,1,1,1,1,1,1,1,1,1,1,1,1,1,1,1,1,1,1,1,1,1,1,
15400000,1,Jul-02,1,1,762,522,622.93549,1,31,1,1,1,0,0,762,740,720,699,680,664,646,632,618,608,620,654,679,680,666,650,636,624,614,603,594,584,572,560,550,546,549,554,548,537,522,,,,,,,,,,,,,,,,,,,,,,,,,,,,,,,
15400000,2,Jul-02,1,1,762,522,622.93549,1,31,1,1,1,0,0,762,740,720,699,680,664,646,632,618,608,620,654,679,680,666,650,636,624,614,603,594,584,572,560,550,546,549,554,548,537,522,1,1,1,1,1,1,1,1,1,1,1,1,1,1,1,1,1,1,1,1,1,1,1,1,1,1,1,1,1,1,1
15400000,1,Aug-02,1,1,509,329,422.2258,1,29,1,1,1,0,0,509,495,492,493,496,502,504,497,490,482,474,466,454,443,432,422,413,404,396,387,380,374,365,357,350,345,340,333,329,329,336,1,1,1,1,1,1,1,1,1,1,1,1,1,1,1,1,1,1,1,1,1,1,1,1,1,1,1,1,1,1,1
15400000,2,Aug-02,1,1,509,329,422.2258,1,29,1,1,1,0,0,509,495,492,493,496,502,504,497,490,482,474,466,454,443,432,422,413,404,396,387,380,374,365,357,350,345,340,333,329,329,336,1,1,1,1,1,1,1,1,1,1,1,1,1,1,1,1,1,1,1,1,1,1,1,1,1,1,1,1,1,1,1
15400000,2,Sep-02,1,1,407,331,356.23331,9,22,1,1,1,0,0,344,346,345,343,344,364,385,402,407,404,398,389,378,367,356,348,344,344,342,336,332,331,335,340,341,340,340,340,346,356,,1,1,1,1,1,1,1,1,1,1,1,1,1,1,1,1,1,1,1,1,1,1,1,1,1,1,1,1,1,1,
15400000,1,Sep-02,1,1,407,331,356.23331,9,22,1,1,1,0,0,344,346,345,343,344,364,385,402,407,404,398,389,378,367,356,348,344,344,342,336,332,331,335,340,341,340,340,340,346,356,,1,1,1,1,1,1,1,1,1,1,1,1,1,1,1,1,1,1,1,1,1,1,1,1,1,1,1,1,1,1,
15400000,2,Oct-02,1,1,603,324,430.4516,26,17,1,1,1,0,0,381,419,453,462,454,441,424,413,398,384,378,370,360,350,338,329,324,330,348,370,386,392,410,475,562,603,602,586,560,533,509,1,1,1,1,1,1,1,1,1,1,1,1,1,1,1,1,1,1,1,1,1,1,1,1,1,1,1,1,1,1,1
15400000,1,Oct-02,1,1,603,324,430.4516,26,17,1,1,1,0,0,381,419,453,462,454,441,424,413,398,384,378,370,360,350,338,329,324,330,348,370,386,392,410,475,562,603,602,586,560,533,509,1,1,1,1,1,1,1,1,1,1,1,1,1,1,1,1,1,1,1,1,1,1,1,1,1,1,1,1,1,1,1
15400000,2,Nov-02,1,1,732,424,593.06671,13,5,1,1,1,0,0,486,466,450,434,424,428,500,584,624,642,686,726,732,707,678,657,656,674,682,678,653,631,608,589,580,577,571,562,555,552,,1,1,1,1,1,1,1,1,1,1,1,1,1,1,1,1,1,1,1,1,1,1,1,1,1,1,1,1,1,1,
15400000,1,Nov-02,1,1,732,424,593.06671,13,5,1,1,1,0,0,486,466,450,434,424,428,500,584,624,642,686,726,732,707,678,657,656,674,682,678,653,631,608,589,580,577,571,562,555,552,,1,1,1,1,1,1,1,1,1,1,1,1,1,1,1,1,1,1,1,1,1,1,1,1,1,1,1,1,1,1,
15400000,2,Dec-02,1,1,1032,548,890.06451,31,1,1,1,1,0,0,548,550,580,622,663,689,700,711,800,919,976,994,1004,1007,1001,981,967,964,970,977,990,1001,990,975,966,971,990,1006,1022,1026,1032,1,1,1,1,1,1,1,1,1,1,1,1,1,1,1,1,1,1,1,1,1,1,1,1,1,1,1,1,1,1,1
15400000,1,Dec-02,1,1,1032,548,890.06451,31,1,1,1,1,0,0,548,550,580,622,663,689,700,711,800,919,976,994,1004,1007,1001,981,967,964,970,977,990,1001,990,975,966,971,990,1006,1022,1026,1032,1,1,1,1,1,1,1,1,1,1,1,1,1,1,1,1,1,1,1,1,1,1,1,1,1,1,1,1,1,1,1
15400000,2,Jan-03,1,1,1366,990,1139.6774,31,4,1,1,1,0,0,1028,1015,999,990,998,1018,1034,1042,1053,1055,1046,1031,1034,1034,1035,1032,1055,1122,1186,1234,1256,1263,1261,1266,1280,1297,1303,1314,1334,1349,1366,1,1,1,1,1,1,1,1,1,1,1,1,1,1,1,1,1,1,1,1,1,1,1,1,1,1,1,1,1,1,1
15400000,1,Jan-03,1,1,1366,990,1139.6774,31,4,1,1,1,0,0,1028,1015,999,990,998,1018,1034,1042,1053,1055,1046,1031,1034,1034,1035,1032,1055,1122,1186,1234,1256,1263,1261,1266,1280,1297,1303,1314,1334,1349,1366,1,1,1,1,1,1,1,1,1,1,1,1,1,1,1,1,1,1,1,1,1,1,1,1,1,1,1,1,1,1,1
15400000,2,Feb-03,1,1,1388,1312,1362,20,8,1,1,1,0,0,1378,1382,1387,1381,1368,1344,1322,1312,1313,1320,1331,1339,1347,1352,1360,1373,1377,1382,1387,1388,1387,1387,1382,1370,1364,1361,1368,1374,,,,1,1,1,1,1,1,1,1,1,1,1,1,1,1,1,1,1,1,1,1,1,1,1,1,1,1,1,1,,,
15400000,1,Feb-03,1,1,1388,1312,1362,20,8,1,1,1,0,0,1378,1382,1387,1381,1368,1344,1322,1312,1313,1320,1331,1339,1347,1352,1360,1373,1377,1382,1387,1388,1387,1387,1382,1370,1364,1361,1368,1374,,,,1,1,1,1,1,1,1,1,1,1,1,1,1,1,1,1,1,1,1,1,1,1,1,1,1,1,1,1,,,
15400000,2,Mar-03,1,1,1523,1339,1444.5483,26,4,1,1,1,0,0,1369,1362,1344,1339,1342,1353,1373,1386,1399,1410,1426,1440,1449,1455,1458,1460,1462,1469,1477,1482,1492,1502,1507,1512,1520,1523,1518,1511,1500,1481,1460,1,1,1,1,1,1,1,1,1,1,1,1,1,1,1,1,1,1,1,1,1,1,1,1,1,1,1,1,1,1,1
15400000,1,Mar-03,1,1,1523,1339,1444.5483,26,4,1,1,1,0,0,1369,1362,1344,1339,1342,1353,1373,1386,1399,1410,1426,1440,1449,1455,1458,1460,1462,1469,1477,1482,1492,1502,1507,1512,1520,1523,1518,1511,1500,1481,1460,1,1,1,1,1,1,1,1,1,1,1,1,1,1,1,1,1,1,1,1,1,1,1,1,1,1,1,1,1,1,1
15400000,2,Apr-03,1,1,1517,1335,1451.0667,13,30,1,1,1,0,0,1442,1432,1426,1418,1420,1447,1472,1487,1491,1492,1500,1514,1517,1512,1506,1506,1504,1494,1479,1460,1440,1429,1422,1420,1416,1410,1400,1381,1360,1335,,1,1,1,1,1,1,1,1,1,1,1,1,1,1,1,1,1,1,1,1,1,1,1,1,1,1,1,1,1,1,
15400000,1,Apr-03,1,1,1517,1335,1451.0667,13,30,1,1,1,0,0,1442,1432,1426,1418,1420,1447,1472,1487,1491,1492,1500,1514,1517,1512,1506,1506,1504,1494,1479,1460,1440,1429,1422,1420,1416,1410,1400,1381,1360,1335,,1,1,1,1,1,1,1,1,1,1,1,1,1,1,1,1,1,1,1,1,1,1,1,1,1,1,1,1,1,1,
15400000,2,May-03,1,1,1315,974,1144.5806,1,31,1,1,1,0,0,1315,1299,1284,1270,1260,1252,1242,1238,1230,1220,1214,1210,1208,1200,1186,1169,1152,1132,1116,1098,1081,1064,1050,1032,1022,1007,998,994,987,978,974,1,1,1,1,1,1,1,1,1,1,1,1,1,1,1,1,1,1,1,1,1,1,1,1,1,1,1,1,1,1,1
15400000,1,May-03,1,1,1315,974,1144.5806,1,31,1,1,1,0,0,1315,1299,1284,1270,1260,1252,1242,1238,1230,1220,1214,1210,1208,1200,1186,1169,1152,1132,1116,1098,1081,1064,1050,1032,1022,1007,998,994,987,978,974,1,1,1,1,1,1,1,1,1,1,1,1,1,1,1,1,1,1,1,1,1,1,1,1,1,1,1,1,1,1,1
15400000,2,Jun-03,1,1,976,804,902.66669,1,30,1,1,1,0,0,976,974,964,954,953,959,960,952,940,935,939,936,925,910,906,905,904,888,871,858,846,834,833,842,867,884,878,855,828,804,,1,1,1,1,1,1,1,1,1,1,1,1,1,1,1,1,1,1,1,1,1,1,1,1,1,1,1,1,1,1,
15400000,1,Jun-03,1,1,976,804,902.66669,1,30,1,1,1,0,0,976,974,964,954,953,959,960,952,940,935,939,936,925,910,906,905,904,888,871,858,846,834,833,842,867,884,878,855,828,804,,1,1,1,1,1,1,1,1,1,1,1,1,1,1,1,1,1,1,1,1,1,1,1,1,1,1,1,1,1,1,
15400000,2,Jul-03,1,1,782,402,567.80652,1,31,1,1,1,0,0,782,761,740,722,706,693,680,668,652,633,615,600,589,564,550,542,538,536,528,522,516,499,484,470,458,448,439,431,422,412,402,1,1,1,1,1,1,1,1,1,1,1,1,1,1,1,1,1,1,1,1,1,1,1,1,1,1,1,1,1,1,1
15400000,1,Jul-03,1,1,782,402,567.80652,1,31,1,1,1,0,0,782,761,740,722,706,693,680,668,652,633,615,600,589,564,550,542,538,536,528,522,516,499,484,470,458,448,439,431,422,412,402,1,1,1,1,1,1,1,1,1,1,1,1,1,1,1,1,1,1,1,1,1,1,1,1,1,1,1,1,1,1,1
15400000,2,Aug-03,1,1,428,312,382.74191,20,31,1,1,1,0,0,393,387,387,398,406,408,404,394,387,383,380,380,379,380,380,388,398,411,424,428,423,410,393,377,362,353,347,340,332,321,312,1,1,1,1,1,1,1,1,1,1,1,1,1,1,1,1,1,1,1,1,1,1,1,1,1,1,1,1,1,1,1
15400000,1,Aug-03,1,1,428,312,382.74191,20,31,1,1,1,0,0,393,387,387,398,406,408,404,394,387,383,380,380,379,380,380,388,398,411,424,428,423,410,393,377,362,353,347,340,332,321,312,1,1,1,1,1,1,1,1,1,1,1,1,1,1,1,1,1,1,1,1,1,1,1,1,1,1,1,1,1,1,1
15400000,2,Sep-03,1,1,326,262,296.76669,6,16,1,1,1,0,0,302,298,300,310,322,326,322,314,306,300,292,282,276,270,264,262,267,275,294,309,315,312,306,297,291,294,296,300,301,300,,1,1,1,1,1,1,1,1,1,1,1,1,1,1,1,1,1,1,1,1,1,1,1,1,1,1,1,1,1,1,
15400000,1,Sep-03,1,1,326,262,296.76669,6,16,1,1,1,0,0,302,298,300,310,322,326,322,314,306,300,292,282,276,270,264,262,267,275,294,309,315,312,306,297,291,294,296,300,301,300,,1,1,1,1,1,1,1,1,1,1,1,1,1,1,1,1,1,1,1,1,1,1,1,1,1,1,1,1,1,1,
15400000,2,Oct-03,1,1,704,283,430.70969,19,4,1,1,1,0,0,294,288,284,283,286,290,297,300,306,311,317,322,330,360,430,522,634,692,704,682,643,604,569,534,499,472,451,434,416,403,395,1,1,1,1,1,1,1,1,1,1,1,1,1,1,1,1,1,1,1,1,1,1,1,1,1,1,1,1,1,1,1
15400000,1,Oct-03,1,1,704,283,430.70969,19,4,1,1,1,0,0,294,288,284,283,286,290,297,300,306,311,317,322,330,360,430,522,634,692,704,682,643,604,569,534,499,472,451,434,416,403,395,1,1,1,1,1,1,1,1,1,1,1,1,1,1,1,1,1,1,1,1,1,1,1,1,1,1,1,1,1,1,1
15400000,2,Nov-03,1,1,658,392,528.73328,10,1,1,1,1,0,0,392,396,423,495,572,615,631,642,654,658,639,610,582,555,532,515,500,485,473,466,460,458,465,494,532,546,538,507,510,517,,1,1,1,1,1,1,1,1,1,1,1,1,1,1,1,1,1,1,1,1,1,1,1,1,1,1,1,1,1,1,
15400000,1,Nov-03,1,1,658,392,528.73328,10,1,1,1,1,0,0,392,396,423,495,572,615,631,642,654,658,639,610,582,555,532,515,500,485,473,466,460,458,465,494,532,546,538,507,510,517,,1,1,1,1,1,1,1,1,1,1,1,1,1,1,1,1,1,1,1,1,1,1,1,1,1,1,1,1,1,1,
15400000,1,Dec-03,1,1,1033,528,812.80652,23,2,1,1,1,0,0,530,528,534,552,594,636,631,630,642,691,716,710,700,695,705,789,884,935,980,1006,1014,1024,1033,1032,1018,996,982,984,1002,1012,1012,,,,,,,,,,,,,,,,,,,,,,,,,,,,,,,
15400000,2,Dec-03,1,1,1033,528,812.80652,23,2,1,1,1,0,0,530,528,534,552,594,636,631,630,642,691,716,710,700,695,705,789,884,935,980,1006,1014,1024,1033,1032,1018,996,982,984,1002,1012,1012,1,1,1,1,1,1,1,1,1,1,1,1,1,1,1,1,1,1,1,1,1,1,1,1,1,1,1,1,1,1,1
15400000,1,Jan-04,1,1,1430,1018,1294.5483,26,1,1,1,1,0,0,1018,1046,1090,1125,1150,1172,1194,1210,1220,1238,1246,1252,1268,1282,1300,1322,1344,1358,1368,1378,1388,1394,1405,1416,1427,1430,1428,1426,1422,1414,1400,,,,,,,,,,,,,,,,,,,,,,,,,,,,,,,
15400000,2,Jan-04,1,1,1430,1018,1294.5483,26,1,1,1,1,0,0,1018,1046,1090,1125,1150,1172,1194,1210,1220,1238,1246,1252,1268,1282,1300,1322,1344,1358,1368,1378,1388,1394,1405,1416,1427,1430,1428,1426,1422,1414,1400,1,1,1,1,1,1,1,1,1,1,1,1,1,1,1,1,1,1,1,1,1,1,1,1,1,1,1,1,1,1,1
15400000,1,Feb-04,1,1,1460,1241,1373.8276,27,8,1,1,1,0,0,1378,1357,1336,1316,1294,1269,1251,1241,1255,1288,1320,1342,1364,1375,1382,1388,1394,1401,1414,1431,1442,1449,1449,1446,1448,1452,1460,1456,1443,,,,,,,,,,,,,,,,,,,,,,,,,,,,,,,,,
15400000,2,Feb-04,1,1,1460,1241,1373.8276,27,8,1,1,1,0,0,1378,1357,1336,1316,1294,1269,1251,1241,1255,1288,1320,1342,1364,1375,1382,1388,1394,1401,1414,1431,1442,1449,1449,1446,1448,1452,1460,1456,1443,,,1,1,1,1,1,1,1,1,1,1,1,1,1,1,1,1,1,1,1,1,1,1,1,1,1,1,1,1,1,,
15400000,1,Mar-04,1,1,1412,1224,1300.3226,1,14,1,1,1,0,0,1412,1388,1360,1334,1312,1290,1269,1257,1249,1248,1240,1230,1226,1224,1232,1246,1259,1264,1263,1264,1270,1282,1300,1321,1338,1350,1362,1374,1386,1383,1377,,,,,,,,,,,,,,,,,,,,,,,,,,,,,,,
15400000,2,Mar-04,1,1,1412,1224,1300.3226,1,14,1,1,1,0,0,1412,1388,1360,1334,1312,1290,1269,1257,1249,1248,1240,1230,1226,1224,1232,1246,1259,1264,1263,1264,1270,1282,1300,1321,1338,1350,1362,1374,1386,1383,1377,1,1,1,1,1,1,1,1,1,1,1,1,1,1,1,1,1,1,1,1,1,1,1,1,1,1,1,1,1,1,1
15400000,1,Apr-04,1,1,1366,1228,1287.5333,1,21,1,1,1,0,0,1366,1359,1349,1334,1322,1311,1300,1283,1269,1259,1265,1262,1254,1240,1242,1255,1258,1255,1246,1234,1228,1241,1262,1279,1296,1316,1338,1345,1336,1322,,,,,,,,,,,,,,,,,,,,,,,,,,,,,,,,
15400000,2,Apr-04,1,1,1366,1228,1287.5333,1,21,1,1,1,0,0,1366,1359,1349,1334,1322,1311,1300,1283,1269,1259,1265,1262,1254,1240,1242,1255,1258,1255,1246,1234,1228,1241,1262,1279,1296,1316,1338,1345,1336,1322,,1,1,1,1,1,1,1,1,1,1,1,1,1,1,1,1,1,1,1,1,1,1,1,1,1,1,1,1,1,1,
15400000,1,May-04,1,1,1308,944,1104.2258,1,28,1,1,1,0,0,1308,1284,1260,1235,1214,1186,1174,1169,1170,1176,1178,1170,1154,1133,1107,1086,1062,1044,1030,1030,1046,1053,1042,1020,1001,984,962,944,965,1008,1036,,,,,,,,,,,,,,,,,,,,,,,,,,,,,,,
15400000,2,May-04,1,1,1308,944,1104.2258,1,28,1,1,1,0,0,1308,1284,1260,1235,1214,1186,1174,1169,1170,1176,1178,1170,1154,1133,1107,1086,1062,1044,1030,1030,1046,1053,1042,1020,1001,984,962,944,965,1008,1036,1,1,1,1,1,1,1,1,1,1,1,1,1,1,1,1,1,1,1,1,1,1,1,1,1,1,1,1,1,1,1
15400000,2,Jun-04,1,1,1032,650,815.33331,1,30,1,1,1,0,0,1032,1009,984,956,925,899,878,862,851,842,832,818,801,784,778,785,802,823,832,820,799,778,757,736,720,701,682,668,656,650,,1,1,1,1,1,1,1,1,1,1,1,1,1,1,1,1,1,1,1,1,1,1,1,1,1,1,1,1,1,1,
15400000,1,Jun-04,1,1,1032,650,815.33331,1,30,1,1,1,0,0,1032,1009,984,956,925,899,878,862,851,842,832,818,801,784,778,785,802,823,832,820,799,778,757,736,720,701,682,668,656,650,,1,1,1,1,1,1,1,1,1,1,1,1,1,1,1,1,1,1,1,1,1,1,1,1,1,1,1,1,1,1,
15400000,2,Jul-04,1,1,676,494,606.16132,4,31,1,1,1,0,0,652,660,671,676,669,656,646,640,634,624,610,598,586,577,580,598,634,672,676,659,630,606,582,562,552,548,540,532,520,507,494,1,1,1,1,1,1,1,1,1,1,1,1,1,1,1,1,1,1,1,1,1,1,1,1,1,1,1,1,1,1,1
15400000,1,Jul-04,1,1,676,494,606.16132,4,31,1,1,1,0,0,652,660,671,676,669,656,646,640,634,624,610,598,586,577,580,598,634,672,676,659,630,606,582,562,552,548,540,532,520,507,494,1,1,1,1,1,1,1,1,1,1,1,1,1,1,1,1,1,1,1,1,1,1,1,1,1,1,1,1,1,1,1
15400000,2,Aug-04,1,1,626,336,456.06451,8,28,1,1,1,0,0,481,475,471,472,508,578,624,626,607,578,548,520,497,477,461,452,446,440,432,420,409,389,378,365,353,345,340,336,346,370,394,1,1,1,1,1,1,1,1,1,1,1,1,1,1,1,1,1,1,1,1,1,1,1,1,1,1,1,1,1,1,1
15400000,1,Aug-04,1,1,626,336,456.06451,8,28,1,1,1,0,0,481,475,471,472,508,578,624,626,607,578,548,520,497,477,461,452,446,440,432,420,409,389,378,365,353,345,340,336,346,370,394,1,1,1,1,1,1,1,1,1,1,1,1,1,1,1,1,1,1,1,1,1,1,1,1,1,1,1,1,1,1,1
15400000,2,Sep-04,1,1,417,248,319.60001,3,30,1,1,1,0,0,411,416,417,410,400,388,374,362,352,344,336,325,316,308,302,297,294,291,289,292,292,288,280,276,268,259,254,250,249,248,,1,1,1,1,1,1,1,1,1,1,1,1,1,1,1,1,1,1,1,1,1,1,1,1,1,1,1,1,1,1,
15400000,1,Sep-04,1,1,417,248,319.60001,3,30,1,1,1,0,0,411,416,417,410,400,388,374,362,352,344,336,325,316,308,302,297,294,291,289,292,292,288,280,276,268,259,254,250,249,248,,1,1,1,1,1,1,1,1,1,1,1,1,1,1,1,1,1,1,1,1,1,1,1,1,1,1,1,1,1,1,
15400000,2,Oct-04,1,1,504,228,344.3548,30,5,1,1,1,0,0,242,235,231,229,228,228,228,231,240,256,290,316,337,349,352,348,338,328,325,336,366,404,439,456,456,450,454,482,501,504,496,1,1,1,1,1,1,1,1,1,1,1,1,1,1,1,1,1,1,1,1,1,1,1,1,1,1,1,1,1,1,1
15400000,1,Oct-04,1,1,504,228,344.3548,30,5,1,1,1,0,0,242,235,231,229,228,228,228,231,240,256,290,316,337,349,352,348,338,328,325,336,366,404,439,456,456,450,454,482,501,504,496,,,,,,,,,,,,,,,,,,,,,,,,,,,,,,,
15400000,2,Nov-04,1,1,814,493,604.26672,28,1,1,1,1,0,0,493,548,603,614,594,564,547,534,524,511,501,499,517,554,586,600,590,574,562,565,574,588,611,634,669,742,801,814,814,801,,1,1,1,1,1,1,1,1,1,1,1,1,1,1,1,1,1,1,1,1,1,1,1,1,1,1,1,1,1,1,
15400000,1,Nov-04,1,1,814,493,604.26672,28,1,1,1,1,0,0,493,548,603,614,594,564,547,534,524,511,501,499,517,554,586,600,590,574,562,565,574,588,611,634,669,742,801,814,814,801,,,,,,,,,,,,,,,,,,,,,,,,,,,,,,,,
15400000,2,Dec-04,1,1,1032,756,897.0968,31,3,1,1,1,0,0,786,770,756,758,812,881,912,908,891,866,843,821,811,829,878,918,937,935,924,910,902,918,935,965,974,976,978,980,993,1011,1032,1,1,1,1,1,1,1,1,1,1,1,1,1,1,1,1,1,1,1,1,1,1,1,1,1,1,1,1,1,1,1
15400000,1,Dec-04,1,1,1032,756,897.0968,31,3,1,1,1,0,0,786,770,756,758,812,881,912,908,891,866,843,821,811,829,878,918,937,935,924,910,902,918,935,965,974,976,978,980,993,1011,1032,1,1,1,1,1,1,1,1,1,1,1,1,1,1,1,1,1,1,1,1,1,1,1,1,1,1,1,1,1,1,1
15400000,2,Jan-05,1,1,1255,1058,1137.1935,22,1,1,1,1,0,0,1058,1074,1077,1069,1066,1071,1084,1132,1178,1192,1179,1159,1140,1128,1111,1090,1072,1059,1084,1158,1226,1255,1250,1230,1197,1170,1144,1129,1138,1155,1178,1,1,1,1,1,1,1,1,1,1,1,1,1,1,1,1,1,1,1,1,1,1,1,1,1,1,1,1,1,1,1
15400000,1,Jan-05,1,1,1255,1058,1137.1935,22,1,1,1,1,0,0,1058,1074,1077,1069,1066,1071,1084,1132,1178,1192,1179,1159,1140,1128,1111,1090,1072,1059,1084,1158,1226,1255,1250,1230,1197,1170,1144,1129,1138,1155,1178,,,,,,,,,,,,,,,,,,,,,,,,,,,,,,,
15400000,2,Feb-05,1,1,1356,1106,1227.5,27,13,1,1,1,0,0,1206,1220,1212,1183,1164,1166,1178,1180,1169,1151,1128,1113,1106,1106,1130,1175,1222,1250,1269,1288,1318,1333,1344,1348,1350,1355,1356,1350,,,,1,1,1,1,1,1,1,1,1,1,1,1,1,1,1,1,1,1,1,1,1,1,1,1,1,1,1,1,,,
15400000,1,Feb-05,1,1,1356,1106,1227.5,27,13,1,1,1,0,0,1206,1220,1212,1183,1164,1166,1178,1180,1169,1151,1128,1113,1106,1106,1130,1175,1222,1250,1269,1288,1318,1333,1344,1348,1350,1355,1356,1350,,,,,,,,,,,,,,,,,,,,,,,,,,,,,,,,,,
15400000,2,Mar-05,1,1,1400,1308,1361.2581,8,14,1,1,1,0,0,1347,1362,1376,1384,1385,1386,1396,1400,1394,1380,1362,1341,1322,1308,1311,1332,1341,1342,1346,1364,1385,1372,1356,1344,1362,1368,1364,1360,1361,1369,1379,1,1,1,1,1,1,1,1,1,1,1,1,1,1,1,1,1,1,1,1,1,1,1,1,1,1,1,1,1,1,1
15400000,1,Mar-05,1,1,1400,1308,1361.2581,8,14,1,1,1,0,0,1347,1362,1376,1384,1385,1386,1396,1400,1394,1380,1362,1341,1322,1308,1311,1332,1341,1342,1346,1364,1385,1372,1356,1344,1362,1368,1364,1360,1361,1369,1379,,,,,,,,,,,,,,,,,,,,,,,,,,,,,,,
15400000,2,Apr-05,1,1,1409,1112,1262.2667,10,30,1,1,1,0,0,1377,1359,1344,1332,1336,1352,1367,1381,1400,1409,1401,1375,1340,1309,1280,1260,1240,1220,1203,1188,1177,1168,1158,1146,1139,1128,1126,1124,1117,1112,,1,1,1,1,1,1,1,1,1,1,1,1,1,1,1,1,1,1,1,1,1,1,1,1,1,1,1,1,1,1,
15400000,1,Apr-05,1,1,1409,1112,1262.2667,10,30,1,1,1,0,0,1377,1359,1344,1332,1336,1352,1367,1381,1400,1409,1401,1375,1340,1309,1280,1260,1240,1220,1203,1188,1177,1168,1158,1146,1139,1128,1126,1124,1117,1112,,,,,,,,,,,,,,,,,,,,,,,,,,,,,,,,
15400000,2,May-05,1,1,1131,820,931.93549,2,22,1,1,1,0,0,1123,1131,1125,1100,1075,1050,1028,1001,987,969,951,937,924,917,912,906,891,875,860,840,828,820,822,827,828,834,849,870,875,873,862,1,1,1,1,1,1,1,1,1,1,1,1,1,1,1,1,1,1,1,1,1,1,1,1,1,1,1,1,1,1,1
15400000,1,May-05,1,1,1131,820,931.93549,2,22,1,1,1,0,0,1123,1131,1125,1100,1075,1050,1028,1001,987,969,951,937,924,917,912,906,891,875,860,840,828,820,822,827,828,834,849,870,875,873,862,,,,,,,,,,,,,,,,,,,,,,,,,,,,,,,
15400000,2,Jun-05,1,1,856,714,784.70001,1,30,1,1,1,0,0,856,854,850,840,831,822,815,806,798,786,774,764,754,746,737,730,739,790,826,840,830,809,786,766,748,738,734,732,726,714,,1,1,1,1,1,1,1,1,1,1,1,1,1,1,1,1,1,1,1,1,1,1,1,1,1,1,1,1,1,1,
15400000,1,Jun-05,1,1,856,714,784.70001,1,30,1,1,1,0,0,856,854,850,840,831,822,815,806,798,786,774,764,754,746,737,730,739,790,826,840,830,809,786,766,748,738,734,732,726,714,,,,,,,,,,,,,,,,,,,,,,,,,,,,,,,,
15400000,2,Jul-05,1,1,695,363,493.0968,1,31,1,1,1,0,0,695,678,656,637,617,601,584,572,564,554,538,520,503,492,484,478,470,461,447,436,424,412,401,390,382,380,389,394,388,376,363,1,1,1,1,1,1,1,1,1,1,1,1,1,1,1,1,1,1,1,1,1,1,1,1,1,1,1,1,1,1,1
15400000,1,Jul-05,1,1,695,363,493.0968,1,31,1,1,1,0,0,695,678,656,637,617,601,584,572,564,554,538,520,503,492,484,478,470,461,447,436,424,412,401,390,382,380,389,394,388,376,363,,,,,,,,,,,,,,,,,,,,,,,,,,,,,,,
15400000,2,Aug-05,1,1,354,189,263.83871,1,31,1,1,1,0,0,354,348,344,338,331,323,314,306,298,290,282,273,265,258,253,252,253,254,252,248,242,235,228,221,217,212,206,201,198,194,189,1,1,1,1,1,1,1,1,1,1,1,1,1,1,1,1,1,1,1,1,1,1,1,1,1,1,1,1,1,1,1
15400000,1,Aug-05,1,1,354,189,263.83871,1,31,1,1,1,0,0,354,348,344,338,331,323,314,306,298,290,282,273,265,258,253,252,253,254,252,248,242,235,228,221,217,212,206,201,198,194,189,,,,,,,,,,,,,,,,,,,,,,,,,,,,,,,
15400000,2,Sep-05,1,1,202,163,180.73331,27,10,1,1,1,0,0,184,179,175,172,172,172,170,168,165,163,165,172,182,188,188,187,184,181,179,178,176,176,178,184,192,199,202,200,197,194,,1,1,1,1,1,1,1,1,1,1,1,1,1,1,1,1,1,1,1,1,1,1,1,1,1,1,1,1,1,1,
15400000,1,Sep-05,1,1,202,163,180.73331,27,10,1,1,1,0,0,184,179,175,172,172,172,170,168,165,163,165,172,182,188,188,187,184,181,179,178,176,176,178,184,192,199,202,200,197,194,,,,,,,,,,,,,,,,,,,,,,,,,,,,,,,,
15400000,2,Oct-05,1,1,503,181,297.70969,28,5,1,1,1,0,0,193,191,186,182,181,190,213,229,228,222,214,213,217,226,238,249,272,302,322,340,346,352,351,356,367,409,471,503,501,489,476,1,1,1,1,1,1,1,1,1,1,1,1,1,1,1,1,1,1,1,1,1,1,1,1,1,1,1,1,1,1,1
15400000,1,Oct-05,1,1,503,181,297.70969,28,5,1,1,1,0,0,193,191,186,182,181,190,213,229,228,222,214,213,217,226,238,249,272,302,322,340,346,352,351,356,367,409,471,503,501,489,476,,,,,,,,,,,,,,,,,,,,,,,,,,,,,,,
15400000,2,Nov-05,1,1,749,483,597.46667,30,1,1,1,1,0,0,483,518,550,574,604,649,694,713,702,680,651,620,594,574,571,582,592,584,568,559,548,538,526,514,503,518,582,668,716,749,,1,1,1,1,1,1,1,1,1,1,1,1,1,1,1,1,1,1,1,1,1,1,1,1,1,1,1,1,1,1,
15400000,1,Nov-05,1,1,749,483,597.46667,30,1,1,1,1,0,0,483,518,550,574,604,649,694,713,702,680,651,620,594,574,571,582,592,584,568,559,548,538,526,514,503,518,582,668,716,749,,,,,,,,,,,,,,,,,,,,,,,,,,,,,,,,
15400000,2,Dec-05,1,1,1001,797,903.58063,15,1,1,1,1,0,0,797,847,890,906,898,880,872,870,869,878,890,908,952,990,1001,990,975,956,943,934,929,922,914,902,887,869,860,857,857,868,900,1,1,1,1,1,1,1,1,1,1,1,1,1,1,1,1,1,1,1,1,1,1,1,1,1,1,1,1,1,1,1
15400000,1,Dec-05,1,1,,,,,,0,0,0,0,0,797,847,890,906,898,880,872,870,869,878,890,908,952,990,1001,990,975,956,943,934,929,922,914,902,887,869,860,857,857,868,900,,,,,,,,,,,,,,,,,,,,,,,,,,,,3,3,,
15400000,2,Jan-06,1,1,1485,943,1248.8065,31,1,1,1,1,0,0,943,971,991,1018,1060,1138,1188,1224,1235,1231,1221,1192,1157,1131,1120,1131,1185,1258,1298,1321,1344,1368,1386,1405,1420,1435,1447,1460,1470,1480,1485,1,1,1,1,1,1,1,1,1,1,1,1,1,1,1,1,1,1,1,1,1,1,1,1,1,1,1,1,1,1,1
15400000,1,Jan-06,1,1,1485,943,1248.8065,31,1,1,1,1,0,0,943,971,991,1018,1060,1138,1188,1224,1235,1231,1221,1192,1157,1131,1120,1131,1185,1258,1298,1321,1344,1368,1386,1405,1420,1435,1447,1460,1470,1480,1485,,,,,,,,,,,,,,,,,,,,,,,,,,,,,,,
15400000,1,Feb-06,1,1,1609,1448,1521.0714,27,11,1,1,1,0,0,1495,1498,1499,1497,1492,1480,1472,1468,1458,1449,1448,1452,1461,1471,1487,1501,1517,1532,1552,1566,1578,1591,1598,1601,1604,1606,1609,1608,,,,,,,,,,,,,,,,,,,,,,,,,,,,,,,,,,
15400000,2,Feb-06,1,1,1609,1448,1521.0714,27,11,1,1,1,0,0,1495,1498,1499,1497,1492,1480,1472,1468,1458,1449,1448,1452,1461,1471,1487,1501,1517,1532,1552,1566,1578,1591,1598,1601,1604,1606,1609,1608,,,,1,1,1,1,1,1,1,1,1,1,1,1,1,1,1,1,1,1,1,1,1,1,1,1,1,1,1,1,,,
15400000,2,Mar-06,1,1,1625,1482,1556.4839,9,27,1,1,1,0,0,1602,1596,1598,1607,1612,1617,1620,1621,1625,1620,1613,1607,1592,1575,1563,1560,1554,1546,1538,1532,1523,1508,1499,1498,1494,1487,1482,1482,1484,1494,1502,1,1,1,1,1,1,1,1,1,1,1,1,1,1,1,1,1,1,1,1,1,1,1,1,1,1,1,1,1,1,1
15400000,1,Mar-06,1,1,1625,1482,1556.4839,9,27,1,1,1,0,0,1602,1596,1598,1607,1612,1617,1620,1621,1625,1620,1613,1607,1592,1575,1563,1560,1554,1546,1538,1532,1523,1508,1499,1498,1494,1487,1482,1482,1484,1494,1502,,,,,,,,,,,,,,,,,,,,,,,,,,,,,,,
15400000,2,Apr-06,1,1,1602,1450,1548.1,16,30,1,1,1,0,0,1514,1528,1532,1538,1535,1535,1534,1529,1530,1534,1542,1562,1581,1590,1596,1602,1598,1586,1578,1574,1582,1588,1586,1571,1552,1534,1511,1485,1466,1450,,1,1,1,1,1,1,1,1,1,1,1,1,1,1,1,1,1,1,1,1,1,1,1,1,1,1,1,1,1,1,
15400000,1,Apr-06,1,1,1602,1450,1548.1,16,30,1,1,1,0,0,1514,1528,1532,1538,1535,1535,1534,1529,1530,1534,1542,1562,1581,1590,1596,1602,1598,1586,1578,1574,1582,1588,1586,1571,1552,1534,1511,1485,1466,1450,,,,,,,,,,,,,,,,,,,,,,,,,,,,,,,,
15400000,2,May-06,1,1,1432,983,1177.0645,1,31,1,1,1,0,0,1432,1417,1402,1382,1362,1345,1325,1308,1290,1271,1255,1234,1216,1190,1172,1157,1141,1124,1110,1090,1074,1058,1042,1026,1011,1002,1010,1028,1025,1007,983,1,1,1,1,1,1,1,1,1,1,1,1,1,1,1,1,1,1,1,1,1,1,1,1,1,1,1,1,1,1,1
15400000,1,May-06,1,1,1432,983,1177.0645,1,31,1,1,1,0,0,1432,1417,1402,1382,1362,1345,1325,1308,1290,1271,1255,1234,1216,1190,1172,1157,1141,1124,1110,1090,1074,1058,1042,1026,1011,1002,1010,1028,1025,1007,983,,,,,,,,,,,,,,,,,,,,,,,,,,,,,,,
15400000,2,Jun-06,1,1,959,750,849.96667,1,29,1,1,1,0,0,959,942,921,901,881,868,859,845,836,827,815,805,798,800,816,865,914,938,934,912,888,870,848,828,809,788,770,756,750,756,,1,1,1,1,1,1,1,1,1,1,1,1,1,1,1,1,1,1,1,1,1,1,1,1,1,1,1,1,1,1,
15400000,1,Jun-06,1,1,959,750,849.96667,1,29,1,1,1,0,0,959,942,921,901,881,868,859,845,836,827,815,805,798,800,816,865,914,938,934,912,888,870,848,828,809,788,770,756,750,756,,,,,,,,,,,,,,,,,,,,,,,,,,,,,,,,
15400000,2,Jul-06,1,1,764,438,590.80652,1,31,1,1,1,0,0,764,762,751,739,724,710,692,680,663,649,637,628,618,604,590,577,561,548,535,525,517,516,515,514,507,494,482,469,458,448,438,1,1,1,1,1,1,1,1,1,1,1,1,1,1,1,1,1,1,1,1,1,1,1,1,1,1,1,1,1,1,1
15400000,1,Jul-06,1,1,764,438,590.80652,1,31,1,1,1,0,0,764,762,751,739,724,710,692,680,663,649,637,628,618,604,590,577,561,548,535,525,517,516,515,514,507,494,482,469,458,448,438,,,,,,,,,,,,,,,,,,,,,,,,,,,,,,,
15400000,2,Aug-06,1,1,488,284,370.16129,7,27,1,1,1,0,0,428,420,422,441,468,485,488,480,466,447,430,412,394,379,367,356,345,336,328,320,314,308,302,298,292,287,284,286,292,298,302,1,1,1,1,1,1,1,1,1,1,1,1,1,1,1,1,1,1,1,1,1,1,1,1,1,1,1,1,1,1,1
15400000,1,Aug-06,1,1,488,284,370.16129,7,27,1,1,1,0,0,428,420,422,441,468,485,488,480,466,447,430,412,394,379,367,356,345,336,328,320,314,308,302,298,292,287,284,286,292,298,302,,,,,,,,,,,,,,,,,,,,,,,,,,,,,,,
15400000,1,Sep-06,1,1,306,228,260.89999,2,25,1,1,1,0,0,305,306,304,298,288,278,272,269,272,273,270,266,264,263,262,259,255,250,243,240,239,238,236,233,228,229,237,244,248,258,,1,1,1,1,1,1,1,1,1,1,1,1,1,1,1,1,1,1,1,1,1,1,1,1,1,1,1,1,1,1,
15400000,2,Sep-06,1,1,306,228,260.89999,2,25,1,1,1,0,0,305,306,304,298,288,278,272,269,272,273,270,266,264,263,262,259,255,250,243,240,239,238,236,233,228,229,237,244,248,258,,1,1,1,1,1,1,1,1,1,1,1,1,1,1,1,1,1,1,1,1,1,1,1,1,1,1,1,1,1,1,
15400000,2,Oct-06,1,1,662,269,406.74191,30,1,1,1,1,0,0,269,280,285,282,282,288,296,302,309,316,313,310,309,312,315,318,321,330,348,366,418,497,566,594,594,592,602,625,646,662,662,1,1,1,1,1,1,1,1,1,1,1,1,1,1,1,1,1,1,1,1,1,1,1,1,1,1,1,1,1,1,1
15400000,1,Oct-06,1,1,662,269,406.74191,30,1,1,1,1,0,0,269,280,285,282,282,288,296,302,309,316,313,310,309,312,315,318,321,330,348,366,418,497,566,594,594,592,602,625,646,662,662,1,1,1,1,1,1,1,1,1,1,1,1,1,1,1,1,1,1,1,1,1,1,1,1,1,1,1,1,1,1,1
15400000,1,Nov-06,1,1,926,620,755.5,15,4,1,1,1,0,0,660,638,626,620,622,633,646,664,700,744,777,810,874,918,926,918,906,894,868,836,800,767,737,710,696,696,709,736,762,772,,1,1,1,1,1,1,1,1,1,1,1,1,1,1,1,1,1,1,1,1,1,1,1,1,1,1,1,1,1,1,
15400000,2,Nov-06,1,1,926,620,755.5,15,4,1,1,1,0,0,660,638,626,620,622,633,646,664,700,744,777,810,874,918,926,918,906,894,868,836,800,767,737,710,696,696,709,736,762,772,,1,1,1,1,1,1,1,1,1,1,1,1,1,1,1,1,1,1,1,1,1,1,1,1,1,1,1,1,1,1,
15400000,2,Dec-06,1,1,1177,754,996.48389,31,3,1,1,1,0,0,766,756,754,774,801,838,865,880,902,928,964,998,1034,1058,1064,1076,1075,1069,1057,1048,1066,1095,1106,1102,1090,1082,1089,1093,1125,1159,1177,1,1,1,1,1,1,1,1,1,1,1,1,1,1,1,1,1,1,1,1,1,1,1,1,1,1,1,1,1,1,1
15400000,1,Dec-06,1,1,,,,,,0,0,0,0,0,766,756,754,774,801,838,865,880,902,928,964,998,1034,1058,1064,1076,1075,1069,1057,1048,1066,1095,1106,1102,1090,1082,1089,1093,1125,1159,1177,,,,,,,,,,,,,,,3,,,,,,,,,,,,,,,,
15400000,2,Jan-07,1,1,1295,1178,1232.9677,26,12,1,1,1,0,0,1188,1189,1192,1198,1209,1215,1214,1216,1210,1196,1185,1178,1181,1186,1198,1212,1224,1230,1249,1264,1276,1283,1284,1287,1294,1295,1282,1276,1266,1269,1276,1,1,1,1,1,1,1,1,1,1,1,1,1,1,1,1,1,1,1,1,1,1,1,1,1,1,1,1,1,1,1
15400000,1,Jan-07,1,1,,,,,,0,0,0,0,0,1188,1189,1192,1198,1209,1215,1214,1216,1210,1196,1185,1178,1181,1186,1198,1212,1224,1230,1249,1264,1276,1283,1284,1287,1294,1295,1282,1276,1266,1269,1276,,,,,,,3,,,,,,,,,,,,,,,,,,,,,,,,
15400000,2,Feb-07,1,1,1470,1270,1340.8571,28,13,1,1,1,0,0,1288,1295,1296,1295,1298,1312,1327,1332,1328,1314,1298,1277,1270,1273,1277,1279,1287,1301,1324,1353,1386,1415,1429,1442,1452,1460,1466,1470,,,,1,1,1,1,1,1,1,1,1,1,1,1,1,1,1,1,1,1,1,1,1,1,1,1,1,1,1,1,,,
15400000,1,Feb-07,1,1,1470,1270,1340.8571,28,13,1,1,1,0,0,1288,1295,1296,1295,1298,1312,1327,1332,1328,1314,1298,1277,1270,1273,1277,1279,1287,1301,1324,1353,1386,1415,1429,1442,1452,1460,1466,1470,,,,,,,,,,,,,,,,,,,,,,,,,,,,,,,,,,
15400000,1,Mar-07,1,1,1592,1472,1538.6129,25,1,1,1,1,0,0,1472,1481,1488,1492,1489,1488,1486,1490,1499,1506,1518,1526,1531,1535,1538,1544,1544,1548,1557,1565,1574,1580,1585,1589,1592,1592,1586,1581,1574,1573,1574,,,,,,,,,,,,,,,,,,,,,,,,,,,,,,,
15400000,2,Mar-07,1,1,1592,1472,1538.6129,25,1,1,1,1,0,0,1472,1481,1488,1492,1489,1488,1486,1490,1499,1506,1518,1526,1531,1535,1538,1544,1544,1548,1557,1565,1574,1580,1585,1589,1592,1592,1586,1581,1574,1573,1574,1,1,1,1,1,1,1,1,1,1,1,1,1,1,1,1,1,1,1,1,1,1,1,1,1,1,1,1,1,1,1
15400000,2,Apr-07,1,1,1643,1489,1582.7,21,30,1,1,1,0,0,1576,1574,1569,1558,1556,1554,1556,1566,1573,1580,1589,1596,1606,1612,1615,1620,1626,1633,1637,1641,1643,1640,1624,1600,1574,1546,1524,1508,1496,1489,,1,1,1,1,1,1,1,1,1,1,1,1,1,1,1,1,1,1,1,1,1,1,1,1,1,1,1,1,1,1,
15400000,1,Apr-07,1,1,1643,1489,1582.7,21,30,1,1,1,0,0,1576,1574,1569,1558,1556,1554,1556,1566,1573,1580,1589,1596,1606,1612,1615,1620,1626,1633,1637,1641,1643,1640,1624,1600,1574,1546,1524,1508,1496,1489,,1,1,1,1,1,1,1,1,1,1,1,1,1,1,1,1,1,1,1,1,1,1,1,1,1,1,1,1,1,1,
15400000,2,May-07,1,1,1562,1324,1419.1613,4,31,1,1,1,0,0,1498,1526,1552,1562,1556,1536,1512,1485,1464,1445,1423,1405,1398,1404,1418,1429,1422,1402,1381,1360,1345,1345,1362,1370,1368,1357,1344,1336,1334,1331,1324,1,1,1,1,1,1,1,1,1,1,1,1,1,1,1,1,1,1,1,1,1,1,1,1,1,1,1,1,1,1,1
15400000,1,May-07,1,1,1562,1324,1419.1613,4,31,1,1,1,0,0,1498,1526,1552,1562,1556,1536,1512,1485,1464,1445,1423,1405,1398,1404,1418,1429,1422,1402,1381,1360,1345,1345,1362,1370,1368,1357,1344,1336,1334,1331,1324,1,1,1,1,1,1,1,1,1,1,1,1,1,1,1,1,1,1,1,1,1,1,1,1,1,1,1,1,1,1,1
15400000,1,Jun-07,1,1,1309,860,1079.8333,1,30,1,1,1,0,0,1309,1291,1270,1252,1238,1226,1216,1202,1184,1165,1150,1136,1120,1104,1085,1067,1054,1038,1024,1007,989,977,965,952,937,921,901,885,870,860,,,,,,,,,,,,,,,,,,,,,,,,,,,,,,,,
15400000,2,Jun-07,1,1,1309,860,1079.8333,1,30,1,1,1,0,0,1309,1291,1270,1252,1238,1226,1216,1202,1184,1165,1150,1136,1120,1104,1085,1067,1054,1038,1024,1007,989,977,965,952,937,921,901,885,870,860,,1,1,1,1,1,1,1,1,1,1,1,1,1,1,1,1,1,1,1,1,1,1,1,1,1,1,1,1,1,1,
15400000,2,Jul-07,1,1,863,546,680.5484,3,24,1,1,1,0,0,851,854,863,857,843,819,796,776,752,731,710,689,666,646,629,615,602,590,582,576,570,558,548,546,568,602,618,617,620,676,727,1,1,1,1,1,1,1,1,1,1,1,1,1,1,1,1,1,1,1,1,1,1,1,1,1,1,1,1,1,1,1
15400000,1,Jul-07,1,1,863,546,680.5484,3,24,1,1,1,0,0,851,854,863,857,843,819,796,776,752,731,710,689,666,646,629,615,602,590,582,576,570,558,548,546,568,602,618,617,620,676,727,1,1,1,1,1,1,1,1,1,1,1,1,1,1,1,1,1,1,1,1,1,1,1,1,1,1,1,1,1,1,1
15400000,2,Aug-07,1,1,738,338,467.51611,1,31,1,1,1,0,0,738,716,686,654,626,599,576,553,533,514,496,478,464,450,438,424,414,406,398,391,385,379,372,361,352,350,351,353,352,346,338,1,1,1,1,1,1,1,1,1,1,1,1,1,1,1,1,1,1,1,1,1,1,1,1,1,1,1,1,1,1,1
15400000,1,Aug-07,1,1,738,338,467.51611,1,31,2,2,2,0,0,738,716,686,654,626,599,576,553,533,514,496,478,464,450,438,424,414,406,398,391,385,379,372,361,352,350,351,353,352,346,338,,2,,,,,,,,,,,,,,,,,,,,,,,,,,,,,
15400000,1,Sep-07,1,1,329,234,275.79999,1,28,1,1,1,0,0,329,319,310,304,304,308,310,307,302,296,289,282,276,272,270,272,272,268,268,263,262,259,254,249,245,242,238,234,234,236,,1,1,1,1,1,1,1,1,1,1,1,1,1,1,1,1,1,1,1,1,1,1,1,1,1,1,1,1,1,1,
15400000,2,Sep-07,1,1,329,234,275.79999,1,28,1,1,1,0,0,329,319,310,304,304,308,310,307,302,296,289,282,276,272,270,272,272,268,268,263,262,259,254,249,245,242,238,234,234,236,,1,1,1,1,1,1,1,1,1,1,1,1,1,1,1,1,1,1,1,1,1,1,1,1,1,1,1,1,1,1,
15400000,2,Oct-07,1,1,564,232,358.6774,23,17,1,1,1,0,0,243,248,250,250,262,275,285,284,280,275,268,259,250,243,238,234,232,233,237,329,491,560,564,552,542,535,538,546,547,540,529,1,1,1,1,1,1,1,1,1,1,1,1,1,1,1,1,1,1,1,1,1,1,1,1,1,1,1,1,1,1,1
15400000,1,Oct-07,1,1,564,232,358.6774,23,17,1,1,1,0,0,243,248,250,250,262,275,285,284,280,275,268,259,250,243,238,234,232,233,237,329,491,560,564,552,542,535,538,546,547,540,529,,,1,1,,,,,,,,,,,,,,,,,,,,,,,,,,,
15400000,2,Nov-07,1,1,925,520,753.83331,30,2,1,1,1,0,0,521,520,534,581,628,642,638,645,722,815,843,831,814,800,788,788,823,860,867,852,836,822,802,780,758,748,768,802,862,925,,1,1,1,1,1,1,1,1,1,1,1,1,1,1,1,1,1,1,1,1,1,1,1,1,1,1,1,1,1,1,
15400000,1,Nov-07,1,1,925,520,753.83331,30,2,1,1,1,0,0,521,520,534,581,628,642,638,645,722,815,843,831,814,800,788,788,823,860,867,852,836,822,802,780,758,748,768,802,862,925,,1,1,1,1,1,1,1,1,1,1,1,1,1,1,1,1,1,1,1,1,1,1,1,1,1,1,1,1,1,1,
15400000,1,Dec-07,1,1,1225,905,1043.2903,25,9,1,1,1,0,0,957,967,969,968,955,939,924,912,905,905,933,978,1014,1018,1008,1006,1029,1056,1063,1067,1085,1117,1171,1207,1225,1211,1186,1166,1145,1130,1126,1,1,1,1,1,1,1,1,1,1,1,1,1,1,1,1,1,1,1,1,1,1,1,1,1,1,1,1,1,1,1
15400000,2,Dec-07,1,1,1225,905,1043.2903,25,9,1,1,1,0,0,957,967,969,968,955,939,924,912,905,905,933,978,1014,1018,1008,1006,1029,1056,1063,1067,1085,1117,1171,1207,1225,1211,1186,1166,1145,1130,1126,1,1,1,1,1,1,1,1,1,1,1,1,1,1,1,1,1,1,1,1,1,1,1,1,1,1,1,1,1,1,1
15400000,1,Jan-08,1,1,1433,1134,1312.6129,31,1,1,1,1,0,0,1134,1152,1184,1210,1226,1228,1239,1253,1256,1256,1256,1256,1264,1293,1327,1348,1359,1367,1377,1373,1375,1369,1364,1365,1373,1383,1400,1416,1426,1429,1433,1,1,1,1,1,1,1,1,1,1,1,1,1,1,1,1,1,1,1,1,1,1,1,1,1,1,1,1,1,1,1
15400000,2,Jan-08,1,1,1433,1134,1312.6129,31,1,1,1,1,0,0,1134,1152,1184,1210,1226,1228,1239,1253,1256,1256,1256,1256,1264,1293,1327,1348,1359,1367,1377,1373,1375,1369,1364,1365,1373,1383,1400,1416,1426,1429,1433,1,1,1,1,1,1,1,1,1,1,1,1,1,1,1,1,1,1,1,1,1,1,1,1,1,1,1,1,1,1,1
15400000,1,Feb-08,1,1,1584,1438,1533.4138,17,1,1,1,1,0,0,1438,1445,1451,1461,1471,1485,1495,1503,1514,1524,1535,1546,1560,1567,1578,1583,1584,1584,1582,1577,1571,1564,1557,1552,1551,1547,1545,1547,1552,,,1,1,1,1,1,1,1,1,1,1,1,1,1,1,1,1,1,1,1,1,1,1,1,1,1,1,1,1,1,,
15400000,2,Feb-08,1,1,1584,1438,1533.4138,17,1,1,1,1,0,0,1438,1445,1451,1461,1471,1485,1495,1503,1514,1524,1535,1546,1560,1567,1578,1583,1584,1584,1582,1577,1571,1564,1557,1552,1551,1547,1545,1547,1552,,,1,1,1,1,1,1,1,1,1,1,1,1,1,1,1,1,1,1,1,1,1,1,1,1,1,1,1,1,1,,
15400000,2,Mar-08,1,1,1618,1554,1589.8387,20,1,1,1,1,0,0,1554,1557,1557,1561,1555,1557,1561,1565,1569,1575,1582,1587,1592,1597,1604,1605,1611,1614,1617,1618,1616,1609,1606,1603,1604,1605,1605,1604,1598,1598,1599,1,1,1,1,1,1,1,1,1,1,1,1,1,1,1,1,1,1,1,1,1,1,1,1,1,1,1,1,1,1,1
15400000,1,Mar-08,1,1,1618,1554,1589.8387,20,1,1,1,1,0,0,1554,1557,1557,1561,1555,1557,1561,1565,1569,1575,1582,1587,1592,1597,1604,1605,1611,1614,1617,1618,1616,1609,1606,1603,1604,1605,1605,1604,1598,1598,1599,1,1,1,1,1,1,1,1,1,1,1,1,1,1,1,1,1,1,1,1,1,1,1,1,1,1,1,1,1,1,1
15400000,1,Apr-08,1,1,1695,1539,1624.3333,12,30,1,1,1,0,0,1596,1596,1596,1598,1612,1626,1639,1656,1670,1682,1692,1695,1692,1680,1666,1654,1645,1634,1625,1624,1626,1627,1621,1608,1594,1578,1561,1552,1546,1539,,,,,,,,,,,1,1,1,1,1,1,1,1,1,1,1,1,1,1,1,1,1,1,1,1,1,
15400000,2,Apr-08,1,1,1695,1539,1624.3333,12,30,1,1,1,0,0,1596,1596,1596,1598,1612,1626,1639,1656,1670,1682,1692,1695,1692,1680,1666,1654,1645,1634,1625,1624,1626,1627,1621,1608,1594,1578,1561,1552,1546,1539,,1,1,1,1,1,1,1,1,1,1,1,1,1,1,1,1,1,1,1,1,1,1,1,1,1,1,1,1,1,1,
15400000,1,May-08,1,1,1583,1270,1430.5161,6,31,1,1,1,0,0,1532,1525,1524,1539,1569,1583,1574,1552,1538,1512,1494,1476,1460,1450,1440,1424,1415,1406,1401,1397,1388,1375,1358,1344,1330,1314,1302,1295,1283,1276,1270,,,,,,,,,,,,,,,,,,,,1,1,1,1,1,1,1,1,1,1,1,1
15400000,2,May-08,1,1,1583,1270,1430.5161,6,31,1,1,1,0,0,1532,1525,1524,1539,1569,1583,1574,1552,1538,1512,1494,1476,1460,1450,1440,1424,1415,1406,1401,1397,1388,1375,1358,1344,1330,1314,1302,1295,1283,1276,1270,1,1,1,1,1,1,1,1,1,1,1,1,1,1,1,1,1,1,1,1,1,1,1,1,1,1,1,1,1,1,1
15400000,2,Jun-08,1,1,1286,922,1111.7,4,30,1,1,1,0,0,1264,1262,1268,1286,1286,1271,1242,1215,1195,1171,1148,1134,1107,1092,1074,1059,1050,1045,1047,1048,1048,1053,1065,1062,1040,1012,984,961,940,922,,1,1,1,1,1,1,1,1,1,1,1,1,1,1,1,1,1,1,1,1,1,1,1,1,1,1,1,1,1,1,
15400000,1,Jun-08,1,1,1286,922,1111.7,4,30,1,1,1,0,0,1264,1262,1268,1286,1286,1271,1242,1215,1195,1171,1148,1134,1107,1092,1074,1059,1050,1045,1047,1048,1048,1053,1065,1062,1040,1012,984,961,940,922,,,,,,,,,,,,,,,,,,,,,,,,,,,,,,,,
15400000,1,Jul-08,1,1,907,614,726.77417,1,26,1,1,1,0,0,907,896,880,859,839,826,811,796,783,769,754,741,726,714,706,704,705,706,702,692,679,666,650,636,621,614,616,630,644,638,620,,,,,,,,,0,,,,,,,,,,,,,,1,1,1,1,1,1,1,1,1
15400000,2,Jul-08,1,1,907,614,726.77417,1,26,1,1,1,0,0,907,896,880,859,839,826,811,796,783,769,754,741,726,714,706,704,705,706,702,692,679,666,650,636,621,614,616,630,644,638,620,1,1,1,1,1,1,1,1,1,1,1,1,1,1,1,1,1,1,1,1,1,1,1,1,1,1,1,1,1,1,1
15400000,1,Aug-08,1,1,602,477,521.58063,1,25,1,1,1,0,0,602,583,568,552,538,529,527,532,535,536,546,561,565,557,541,528,518,510,503,497,485,483,483,479,477,478,492,500,499,488,477,,,,,1,1,1,1,1,1,1,0,0,0,0,0,0,0,0,0,0,0,0,0,0,0,0,0,0,0,0
15400000,2,Aug-08,1,1,602,477,521.58063,1,25,1,1,1,0,0,602,583,568,552,538,529,527,532,535,536,546,561,565,557,541,528,518,510,503,497,485,483,483,479,477,478,492,500,499,488,477,1,1,1,1,1,1,1,1,1,1,1,1,1,1,1,1,1,1,1,1,1,1,1,1,1,1,1,1,1,1,1
15400000,1,Sep-08,1,1,466,342,395.33331,1,30,1,1,1,0,0,466,457,448,440,431,423,417,410,405,399,391,382,376,380,399,419,425,415,399,384,369,364,363,369,371,367,355,349,345,342,,0,0,0,0,0,0,0,0,0,0,0,0,0,0,0,0,0,0,0,0,0,0,0,0,0,0,0,0,0,0,
15400000,2,Sep-08,1,1,466,342,395.33331,1,30,1,1,1,0,0,466,457,448,440,431,423,417,410,405,399,391,382,376,380,399,419,425,415,399,384,369,364,363,369,371,367,355,349,345,342,,1,1,1,1,1,1,1,1,1,1,1,1,1,1,1,1,1,1,1,1,1,1,1,1,1,1,1,1,1,1,
15400000,1,Oct-08,1,1,554,351,446.4516,13,1,1,1,1,0,0,351,363,368,367,367,368,365,360,359,380,452,523,554,550,540,528,516,503,491,478,466,455,447,436,431,431,442,460,480,499,510,0,0,0,0,0,0,0,0,0,0,0,0,0,0,0,0,0,0,0,0,0,0,0,0,0,0,0,0,0,0,0
15400000,2,Oct-08,1,1,554,351,446.4516,13,1,1,1,1,0,0,351,363,368,367,367,368,365,360,359,380,452,523,554,550,540,528,516,503,491,478,466,455,447,436,431,431,442,460,480,499,510,1,1,1,1,1,1,1,1,1,1,1,1,1,1,1,1,1,1,1,1,1,1,1,1,1,1,1,1,1,1,1
15400000,1,Nov-08,1,1,668,496,606.5,26,3,1,1,1,0,0,510,502,496,500,511,518,528,550,590,626,643,645,646,644,640,634,624,613,601,602,630,658,666,665,666,668,664,658,651,646,,1,1,1,1,1,1,1,1,1,1,1,1,1,1,1,1,1,1,1,1,1,1,1,1,1,1,1,1,1,1,
15400000,2,Nov-08,1,1,668,496,606.5,26,3,1,1,1,0,0,510,502,496,500,511,518,528,550,590,626,643,645,646,644,640,634,624,613,601,602,630,658,666,665,666,668,664,658,651,646,,1,1,1,1,1,1,1,1,1,1,1,1,1,1,1,1,1,1,1,1,1,1,1,1,1,1,1,1,1,1,
15400000,1,Dec-08,1,1,997,565,692.67743,31,9,1,1,1,0,0,629,612,594,581,577,578,575,568,565,582,624,650,654,640,620,604,590,582,591,646,704,758,806,837,848,855,857,872,914,963,997,1,1,1,1,1,1,1,1,1,1,1,1,1,1,1,1,1,1,1,1,1,1,1,1,1,1,1,1,1,1,1
15400000,2,Dec-08,1,1,997,565,692.67743,31,9,1,1,1,0,0,629,612,594,581,577,578,575,568,565,582,624,650,654,640,620,604,590,582,591,646,704,758,806,837,848,855,857,872,914,963,997,1,1,1,1,1,1,1,1,1,1,1,1,1,1,1,1,1,1,1,1,1,1,1,1,1,1,1,1,1,1,1
15400000,1,Jan-09,1,1,1240,1017,1138.7742,27,1,1,1,1,0,0,1017,1027,1031,1036,1048,1068,1100,1135,1166,1184,1184,1177,1155,1133,1128,1136,1144,1145,1131,1108,1100,1122,1150,1183,1211,1228,1240,1234,1215,1192,1174,1,1,1,1,1,1,1,1,1,1,1,1,1,1,1,1,1,1,1,1,1,1,1,1,1,1,1,1,1,1,1
15400000,2,Jan-09,1,1,1240,1017,1138.7742,27,1,1,1,1,0,0,1017,1027,1031,1036,1048,1068,1100,1135,1166,1184,1184,1177,1155,1133,1128,1136,1144,1145,1131,1108,1100,1122,1150,1183,1211,1228,1240,1234,1215,1192,1174,1,1,1,1,1,1,1,1,1,1,1,1,1,1,1,1,1,1,1,1,1,1,1,1,1,1,1,1,1,1,1
15400000,1,Feb-09,1,1,1402,1126,1237.1071,25,13,1,1,1,0,0,1158,1149,1145,1142,1143,1142,1141,1146,1151,1144,1139,1130,1126,1160,1210,1230,1236,1242,1279,1330,1356,1370,1390,1393,1402,1397,1394,1394,,,,1,1,1,1,1,1,1,1,1,1,1,1,1,1,1,1,1,1,1,1,1,1,1,1,1,1,1,1,,,
15400000,2,Feb-09,1,1,1402,1126,1237.1071,25,13,1,1,1,0,0,1158,1149,1145,1142,1143,1142,1141,1146,1151,1144,1139,1130,1126,1160,1210,1230,1236,1242,1279,1330,1356,1370,1390,1393,1402,1397,1394,1394,,,,1,1,1,1,1,1,1,1,1,1,1,1,1,1,1,1,1,1,1,1,1,1,1,1,1,1,1,1,,,
15400000,1,Mar-09,1,1,1524,1396,1467.3871,31,1,1,1,1,0,0,1396,1406,1416,1434,1447,1458,1464,1466,1468,1464,1458,1454,1449,1446,1442,1440,1453,1471,1482,1494,1504,1505,1498,1491,1486,1482,1482,1492,1503,1514,1524,,,,,,,,,,,,,,,,,,,,,,,,,,,,,,,
15400000,2,Mar-09,1,1,1524,1396,1467.3871,31,1,1,1,1,0,0,1396,1406,1416,1434,1447,1458,1464,1466,1468,1464,1458,1454,1449,1446,1442,1440,1453,1471,1482,1494,1504,1505,1498,1491,1486,1482,1482,1492,1503,1514,1524,1,1,1,1,1,1,1,1,1,1,1,1,1,1,1,1,1,1,1,1,1,1,1,1,1,1,1,1,1,1,1
15400000,1,Apr-09,1,1,1554,1456,1514.2667,4,27,1,1,1,0,0,1534,1544,1551,1554,1550,1542,1533,1520,1511,1502,1502,1498,1498,1508,1524,1534,1543,1546,1540,1532,1525,1514,1500,1484,1474,1462,1456,1460,1483,1504,,,,,,,,,,,,,,,,,,,,,,,,,,,,,,,,
15400000,2,Apr-09,1,1,1554,1456,1514.2667,4,27,1,1,1,0,0,1534,1544,1551,1554,1550,1542,1533,1520,1511,1502,1502,1498,1498,1508,1524,1534,1543,1546,1540,1532,1525,1514,1500,1484,1474,1462,1456,1460,1483,1504,,1,1,1,1,1,1,1,1,1,1,1,1,1,1,1,1,1,1,1,1,1,1,1,1,1,1,1,1,1,1,
15400000,1,May-09,1,1,1506,1232,1368.6774,1,31,1,1,1,0,0,1506,1494,1475,1455,1434,1422,1415,1411,1404,1397,1398,1400,1400,1400,1398,1390,1380,1376,1370,1360,1347,1334,1323,1310,1296,1281,1269,1261,1251,1240,1232,,,,,,,,,,,,,,,,,,,,,,,,,,,,,,,
15400000,2,May-09,1,1,1506,1232,1368.6774,1,31,1,1,1,0,0,1506,1494,1475,1455,1434,1422,1415,1411,1404,1397,1398,1400,1400,1400,1398,1390,1380,1376,1370,1360,1347,1334,1323,1310,1296,1281,1269,1261,1251,1240,1232,1,1,1,1,1,1,1,1,1,1,1,1,1,1,1,1,1,1,1,1,1,1,1,1,1,1,1,1,1,1,1
15400000,1,Jun-09,1,1,1248,993,1127.2667,6,27,1,1,1,0,0,1227,1227,1228,1238,1246,1248,1240,1235,1226,1202,1185,1168,1150,1133,1120,1103,1088,1084,1086,1079,1073,1059,1046,1032,1018,1004,993,998,1030,1052,,1,1,1,1,1,1,1,1,1,1,1,1,1,1,1,1,1,1,1,1,1,1,1,1,1,1,1,1,1,1,
15400000,2,Jun-09,1,1,1248,993,1127.2667,6,27,1,1,1,0,0,1227,1227,1228,1238,1246,1248,1240,1235,1226,1202,1185,1168,1150,1133,1120,1103,1088,1084,1086,1079,1073,1059,1046,1032,1018,1004,993,998,1030,1052,,1,1,1,1,1,1,1,1,1,1,1,1,1,1,1,1,1,1,1,1,1,1,1,1,1,1,1,1,1,1,
15400000,1,Jul-09,1,1,1052,760,908.12903,1,30,1,1,1,0,0,1052,1034,1009,985,965,943,924,909,895,892,909,930,948,965,984,996,998,980,956,926,894,870,851,842,832,812,792,775,764,760,760,1,1,1,1,1,1,1,1,1,1,1,1,1,1,1,1,1,1,1,1,1,1,1,1,1,1,1,1,1,1,1
15400000,2,Jul-09,1,1,1052,760,908.12903,1,30,1,1,1,0,0,1052,1034,1009,985,965,943,924,909,895,892,909,930,948,965,984,996,998,980,956,926,894,870,851,842,832,812,792,775,764,760,760,1,1,1,1,1,1,1,1,1,1,1,1,1,1,1,1,1,1,1,1,1,1,1,1,1,1,1,1,1,1,1
15400000,1,Aug-09,1,1,760,586,667.83868,1,27,1,1,1,0,0,760,752,741,726,711,696,684,677,682,698,709,711,706,700,694,686,680,676,674,664,652,636,620,605,594,590,586,587,598,604,604,1,1,1,1,1,1,1,1,1,1,1,1,1,1,1,1,1,1,1,1,1,1,1,1,1,1,1,1,1,1,1
15400000,2,Aug-09,1,1,760,586,667.83868,1,27,1,1,1,0,0,760,752,741,726,711,696,684,677,682,698,709,711,706,700,694,686,680,676,674,664,652,636,620,605,594,590,586,587,598,604,604,1,1,1,1,1,1,1,1,1,1,1,1,1,1,1,1,1,1,1,1,1,1,1,1,1,1,1,1,1,1,1
15400000,1,Sep-09,1,1,601,410,476.33331,1,27,1,1,1,0,0,601,590,574,558,539,520,504,491,476,466,457,450,451,450,444,436,429,431,444,456,461,456,445,433,424,414,410,418,488,574,,1,1,1,1,1,1,1,1,1,1,1,1,1,1,1,1,1,1,1,1,1,1,1,1,1,1,1,1,1,1,
15400000,2,Sep-09,1,1,601,410,476.33331,1,27,1,1,1,0,0,601,590,574,558,539,520,504,491,476,466,457,450,451,450,444,436,429,431,444,456,461,456,445,433,424,414,410,418,488,574,,1,1,1,1,1,1,1,1,1,1,1,1,1,1,1,1,1,1,1,1,1,1,1,1,1,1,1,1,1,1,
15400000,1,Oct-09,1,1,596,448,528.6452,1,17,1,1,1,0,0,596,585,560,537,526,548,570,570,554,536,513,496,484,476,456,450,448,454,462,482,516,539,548,565,569,570,560,550,550,559,559,1,1,1,1,1,1,1,1,1,1,1,1,1,1,1,1,1,1,1,1,1,1,1,1,1,1,1,1,1,1,1
15400000,2,Oct-09,1,1,596,448,528.6452,1,17,1,1,1,0,0,596,585,560,537,526,548,570,570,554,536,513,496,484,476,456,450,448,454,462,482,516,539,548,565,569,570,560,550,550,559,559,1,1,1,1,1,1,1,1,1,1,1,1,1,1,1,1,1,1,1,1,1,1,1,1,1,1,1,1,1,1,1
15400000,1,Nov-09,1,1,817,553,701.26672,30,1,1,1,1,0,0,553,554,573,591,593,589,589,585,583,584,591,605,669,748,793,796,778,766,761,758,761,772,792,806,813,805,802,802,809,817,,1,1,1,1,1,1,1,1,1,1,1,1,1,1,1,1,1,1,1,1,1,1,1,1,1,1,1,1,1,1,
15400000,2,Nov-09,1,1,817,553,701.26672,30,1,1,1,1,0,0,553,554,573,591,593,589,589,585,583,584,591,605,669,748,793,796,778,766,761,758,761,772,792,806,813,805,802,802,809,817,,1,1,1,1,1,1,1,1,1,1,1,1,1,1,1,1,1,1,1,1,1,1,1,1,1,1,1,1,1,1,
15400000,1,Dec-09,1,1,1271,828,1056,31,1,1,1,1,0,0,828,838,848,878,920,954,968,978,994,1018,1032,1025,1021,1022,1030,1042,1059,1084,1105,1114,1110,1097,1085,1092,1139,1192,1224,1243,1258,1267,1271,1,1,1,1,1,1,1,1,1,1,1,1,1,1,1,1,1,1,1,1,1,1,1,1,1,1,1,1,1,1,1
15400000,2,Dec-09,1,1,1271,828,1056,31,1,1,1,1,0,0,828,838,848,878,920,954,968,978,994,1018,1032,1025,1021,1022,1030,1042,1059,1084,1105,1114,1110,1097,1085,1092,1139,1192,1224,1243,1258,1267,1271,1,1,1,1,1,1,1,1,1,1,1,1,1,1,1,1,1,1,1,1,1,1,1,1,1,1,1,1,1,1,1
15400000,1,Jan-10,1,1,1407,1182,1279.3226,30,8,1,1,1,0,0,1245,1226,1220,1222,1217,1202,1184,1182,1200,1210,1204,1196,1190,1212,1248,1271,1278,1284,1286,1298,1308,1322,1332,1344,1371,1387,1398,1406,1405,1407,1404,1,1,1,1,1,1,1,1,1,1,1,1,1,1,1,1,1,1,1,1,1,1,1,1,1,1,1,1,1,1,1
15400000,2,Jan-10,1,1,1407,1182,1279.3226,30,8,1,1,1,0,0,1245,1226,1220,1222,1217,1202,1184,1182,1200,1210,1204,1196,1190,1212,1248,1271,1278,1284,1286,1298,1308,1322,1332,1344,1371,1387,1398,1406,1405,1407,1404,1,1,1,1,1,1,1,1,1,1,1,1,1,1,1,1,1,1,1,1,1,1,1,1,1,1,1,1,1,1,1
15400000,1,Feb-10,1,1,1442,1397,1416.6786,28,16,1,1,1,0,0,1407,1411,1412,1405,1401,1400,1408,1420,1430,1432,1435,1434,1428,1413,1402,1397,1403,1409,1411,1416,1420,1421,1415,1413,1417,1426,1439,1442,,,,1,1,1,1,1,1,1,1,1,1,1,1,1,1,1,1,1,1,1,1,1,1,1,1,1,1,1,1,,,
15400000,2,Feb-10,1,1,1442,1397,1416.6786,28,16,1,1,1,0,0,1407,1411,1412,1405,1401,1400,1408,1420,1430,1432,1435,1434,1428,1413,1402,1397,1403,1409,1411,1416,1420,1421,1415,1413,1417,1426,1439,1442,,,,1,1,1,1,1,1,1,1,1,1,1,1,1,1,1,1,1,1,1,1,1,1,1,1,1,1,1,1,,,
15400000,2,Mar-10,1,1,1538,1445,1497.8065,11,1,1,1,1,0,0,1445,1451,1455,1465,1485,1503,1512,1520,1526,1534,1538,1536,1528,1516,1504,1490,1472,1466,1472,1476,1490,1502,1508,1508,1502,1494,1492,1496,1500,1513,1533,1,1,1,1,1,1,1,1,1,1,1,1,1,1,1,1,1,1,1,1,1,1,1,1,1,1,1,1,1,1,1
15400000,1,Mar-10,1,1,1538,1445,1497.8065,11,1,1,1,1,0,0,1445,1451,1455,1465,1485,1503,1512,1520,1526,1534,1538,1536,1528,1516,1504,1490,1472,1466,1472,1476,1490,1502,1508,1508,1502,1494,1492,1496,1500,1513,1533,1,1,1,1,1,1,1,1,1,1,1,1,1,1,1,1,1,1,1,1,1,1,1,1,1,1,1,1,1,1,1
15400000,2,Apr-10,1,1,1557,1253,1403.9667,3,30,1,1,1,0,0,1548,1555,1557,1552,1544,1535,1520,1501,1490,1472,1467,1461,1448,1434,1415,1395,1378,1364,1346,1331,1315,1297,1288,1284,1282,1282,1276,1268,1261,1253,,1,1,1,1,1,1,1,1,1,1,1,1,1,1,1,1,1,1,1,1,1,1,1,1,1,1,1,1,1,1,
15400000,1,Apr-10,1,1,1557,1253,1403.9667,3,30,1,1,1,0,0,1548,1555,1557,1552,1544,1535,1520,1501,1490,1472,1467,1461,1448,1434,1415,1395,1378,1364,1346,1331,1315,1297,1288,1284,1282,1282,1276,1268,1261,1253,,1,1,1,1,1,1,1,1,1,1,1,1,1,1,1,1,1,1,1,1,1,1,1,1,1,1,1,1,1,1,
15400000,2,May-10,1,1,1370,992,1181.4194,6,29,1,1,1,0,0,1247,1245,1252,1296,1345,1370,1360,1340,1318,1304,1290,1274,1258,1244,1231,1219,1202,1180,1146,1113,1086,1062,1044,1042,1049,1042,1027,997,992,1016,1033,1,1,1,1,1,1,1,1,1,1,1,1,1,1,1,1,1,1,1,1,1,1,1,1,1,1,1,1,1,1,1
15400000,1,May-10,1,1,1370,992,1181.4194,6,29,1,1,1,0,0,1247,1245,1252,1296,1345,1370,1360,1340,1318,1304,1290,1274,1258,1244,1231,1219,1202,1180,1146,1113,1086,1062,1044,1042,1049,1042,1027,997,992,1016,1033,1,1,1,1,1,1,1,1,1,1,1,1,1,1,1,1,1,1,1,1,1,1,1,1,1,1,1,1,1,1,1
15400000,2,Jun-10,1,1,1029,598,788.8667,1,29,2,2,2,0,0,1029,1000,972,948,934,948,966,963,941,908,874,848,820,796,776,759,744,726,710,694,681,668,652,638,628,618,612,605,598,610,,1,1,1,1,1,1,1,1,1,1,1,1,1,1,1,1,1,1,1,1,1,1,1,1,1,1,1,1,2,2,
15400000,1,Jun-10,1,1,1029,584,787.90002,1,30,1,1,1,0,0,1029,1000,972,948,934,948,966,963,941,908,874,848,820,796,776,759,744,726,710,694,681,668,652,638,628,618,612,605,595,584,,1,1,1,1,1,1,1,1,1,1,1,1,1,1,1,1,1,1,1,1,1,1,1,1,1,1,1,1,1,1,
15400000,2,Jul-10,1,1,622,440,520.93549,1,16,2,2,2,0,0,622,570,560,546,537,535,537,538,526,510,497,476,458,458,447,440,449,479,544,568,562,552,551,554,555,550,537,522,506,488,475,2,2,2,2,2,2,2,2,2,2,2,2,2,2,2,2,2,2,2,2,2,2,2,2,2,2,2,2,2,2,2
15400000,1,Jul-10,1,1,568,444,511.1452,1,17,2,2,2,,0,568,561,553,546,537.5,529,524,523,523.5,514.5,504,489,475,463,454,446,444,450.5,481.5,521,539,538,536,536,536,534.5,528,518,505,490,477.5,2,2,2,2,2,2,2,2,2,2,2,2,2,2,2,2,2,2,2,2,2,2,2,2,2,2,2,2,2,2,2
15400000,2,Aug-10,1,1,462,285,368.9032,1,31,2,2,2,0,0,462,453,447,439,429,419,415,404,407,420,431,427,414,399,378,370,361,351,337,326,321,316,317,313,310,304,299,299,294,289,285,2,2,2,2,2,2,2,2,2,2,2,2,2,2,2,2,2,2,2,2,2,2,1,1,1,1,1,1,1,1,1
15400000,1,Aug-10,1,1,,,,,,0,0,0,0,0,333,326,320,317,313,310,304,299,299,294,289,285,,,,,,,,333,326,322,317,313,310,304,299,299,294,289,285,1,1,1,1,1,1,1,1,1,1,1,1,,,,,,,,1,1,1,1,1,1,1,1,1,1,1,1
15400000,2,Sep-10,1,1,370,258,294.20001,15,9,1,1,1,0,0,280,274,270,272,266,264,260,260,258,266,280,297,324,351,370,368,362,348,332,320,306,298,295,276,274,274,272,268,269,272,,1,1,1,1,1,1,1,1,1,1,1,1,1,1,1,1,1,1,1,1,1,1,1,1,1,1,1,1,1,1,
15400000,1,Sep-10,1,1,370,258,294.20001,15,9,1,1,1,0,0,280,274,270,272,266,264,260,260,258,266,280,297,324,351,370,368,362,348,332,320,306,298,295,276,274,274,272,268,269,272,,1,1,1,1,1,1,1,1,1,1,1,1,1,1,1,1,1,1,1,1,1,1,1,1,1,1,1,1,1,1,
15400000,2,Oct-10,1,1,358,228,292.5806,31,4,1,1,1,0,0,244,237,233,228,228,238,251,260,264,265,266,272,289,311,319,314,306,301,299,308,322,336,334,330,317,312,316,324,336,352,358,1,1,1,1,1,1,1,1,1,1,1,1,1,1,1,1,1,1,1,1,1,1,1,1,1,1,1,1,1,1,1
15400000,1,Oct-10,1,1,358,228,292.5806,31,4,1,1,1,0,0,244,237,233,228,228,238,251,260,264,265,266,272,289,311,319,314,306,301,299,308,322,336,334,330,317,312,316,324,336,352,358,1,1,1,1,1,1,1,1,1,1,1,1,1,1,1,1,1,1,1,1,1,1,1,1,1,1,1,1,1,1,1
15400000,2,Nov-10,1,1,553,368,452.89999,30,1,1,1,1,0,0,368,382,399,407,401,395,405,444,519,522,521,500,478,461,453,447,444,442,444,442,441,434,426,417,424,457,504,526,531,553,,1,1,1,1,1,1,1,1,1,1,1,1,1,1,1,1,1,1,1,1,1,1,1,1,1,1,1,1,1,1,
15400000,1,Nov-10,1,1,553,368,452.89999,30,1,1,1,1,0,0,368,382,399,407,401,395,405,444,519,522,521,500,478,461,453,447,444,442,444,442,441,434,426,417,424,457,504,526,531,553,,1,1,1,1,1,1,1,1,1,1,1,1,1,1,1,1,1,1,1,1,1,1,1,1,1,1,1,1,1,1,
15400000,2,Dec-10,1,1,838,591,669.93549,31,5,1,1,1,0,0,600,617,612,602,591,594,608,626,650,684,711,700,671,646,622,609,604,608,618,648,690,710,688,668,698,702,732,778,814,829,838,1,1,1,1,1,1,1,1,1,1,1,1,1,1,1,1,1,1,1,1,1,1,1,1,1,1,1,1,1,1,1
15400000,1,Dec-10,1,1,838,591,669.93549,31,5,1,1,1,0,0,600,617,612,602,591,594,608,626,650,684,711,700,671,646,622,609,604,608,618,648,690,710,688,668,698,702,732,778,814,829,838,1,1,1,1,1,1,1,1,1,1,1,1,1,1,1,1,1,1,1,1,1,1,1,1,1,1,1,1,1,1,1
15400000,2,Jan-11,1,1,1199,846,1012.6129,31,1,1,1,1,0,0,846,863,877,916,981,1003,1001,996,994,977,962,968,975,973,964,965,974,993,1006,1026,1033,1050,1066,1072,1065,1064,1097,1139,1177,1169,1199,1,1,1,1,1,1,1,1,1,1,1,1,1,1,1,1,1,1,1,1,1,1,1,1,1,1,1,1,1,1,1
15400000,1,Jan-11,1,1,1199,846,1012.6129,31,1,2,2,2,0,0,846,863,877,916,981,1003,1001,996,994,977,962,968,975,973,964,965,974,993,1006,1026,1033,1050,1066,1072,1065,1064,1097,1139,1177,1169,1199,1,1,1,1,1,1,1,1,1,1,1,1,1,1,1,1,1,1,1,1,1,1,1,1,1,1,1,1,1,1,2
15400000,2,Feb-11,1,1,1444,1225,1318.8571,28,1,1,1,1,0,0,1225,1238,1244,1243,1246,1245,1245,1239,1229,1229,1232,1280,1298,1313,1326,1334,1345,1350,1367,1374,1384,1396,1405,1414,1422,1427,1434,1444,,,,1,1,1,1,1,1,1,1,1,1,1,1,1,1,1,1,1,1,1,1,1,1,1,1,1,1,1,1,,,
15400000,1,Feb-11,1,1,1444,1225,1318.8571,28,1,1,1,1,0,0,1225,1238,1244,1243,1246,1245,1245,1239,1229,1229,1232,1280,1298,1313,1326,1334,1345,1350,1367,1374,1384,1396,1405,1414,1422,1427,1434,1444,,,,1,1,1,1,1,1,1,1,1,1,1,1,1,1,1,1,1,1,1,1,1,1,1,1,1,1,1,1,,,
15400000,2,Mar-11,1,1,1570,1455,1518.6129,25,1,1,1,1,0,0,1455,1464,1466,1471,1472,1478,1483,1487,1487,1484,1484,1488,1495,1499,1506,1509,1526,1532,1540,1547,1554,1560,1560,1566,1570,1568,1567,1565,1564,1564,1566,1,1,1,1,1,1,1,1,1,1,1,1,1,1,1,1,1,1,1,1,1,1,1,1,1,1,1,1,1,1,1
15400000,1,Mar-11,1,1,1570,1455,1518.6129,25,1,1,1,1,0,0,1455,1464,1466,1471,1472,1478,1483,1487,1487,1484,1484,1488,1495,1499,1506,1509,1526,1532,1540,1547,1554,1560,1560,1566,1570,1568,1567,1565,1564,1564,1566,1,1,1,1,1,1,1,1,1,1,1,1,1,1,1,1,1,1,1,1,1,1,1,1,1,1,1,1,1,1,1
15400000,2,Apr-11,1,1,1658,1475,1599.9,15,30,1,1,1,0,0,1572,1578,1586,1599,1605,1611,1621,1626,1633,1639,1643,1646,1650,1654,1658,1658,1656,1649,1644,1632,1618,1604,1578,1554,1530,1532,1538,1516,1492,1475,,1,1,1,1,1,1,1,1,1,1,1,1,1,1,1,1,1,1,1,1,1,1,1,1,1,1,1,1,1,1,
15400000,1,Apr-11,1,1,1658,1475,1599.9,15,30,1,1,1,0,0,1572,1578,1586,1599,1605,1611,1621,1626,1633,1639,1643,1646,1650,1654,1658,1658,1656,1649,1644,1632,1618,1604,1578,1554,1530,1532,1538,1516,1492,1475,,1,1,1,1,1,1,1,1,1,1,1,1,1,1,1,1,1,1,1,1,1,1,1,1,1,1,1,1,1,1,
15400000,2,May-11,1,1,1470,1105,1306.0645,1,31,1,1,1,0,0,1470,1463,1448,1449,1436,1426,1432,1434,1436,1420,1399,1374,1352,1340,1320,1296,1287,1272,1255,1250,1241,1228,1218,1206,1192,1178,1167,1146,1132,1116,1105,1,1,1,1,1,1,1,1,1,1,1,1,1,1,1,1,1,1,1,1,1,1,1,1,1,1,1,1,1,1,1
15400000,1,May-11,1,1,1470,1105,1306.0645,1,31,1,1,1,0,0,1470,1463,1448,1449,1436,1426,1432,1434,1436,1420,1399,1374,1352,1340,1320,1296,1287,1272,1255,1250,1241,1228,1218,1206,1192,1178,1167,1146,1132,1116,1105,1,1,1,1,1,1,1,1,1,1,1,1,1,1,1,1,1,1,1,1,1,1,1,1,1,1,1,1,1,1,1
15400000,2,Jun-11,1,1,1093,692,890.96667,3,30,2,2,2,0,0,1090,1088,1093,1087,1067,1046,1022,998,977,958,937,915,901,887,875,862,863,868,858,841,815,799,782,769,755,743,728,714,699,692,,2,2,2,2,2,2,2,2,2,2,2,2,2,2,2,2,2,2,2,2,2,2,2,2,2,2,2,2,2,2,
15400000,1,Jun-11,1,1,1090,706,893.3833,1,30,2,2,2,,0,1090,1086,1083.5,1076.5,1067,1048.5,1023,998.5,978,957,938,916.5,904.5,893,877,860,853,854,858,842,821,811,786.5,776,762,749.5,739.5,729,717,706,,2,2,2,2,2,2,2,2,2,2,2,2,2,2,2,2,2,2,2,2,2,2,2,2,2,2,2,2,2,2,
15400000,2,Jul-11,1,1,698,511,599.06451,1,21,1,1,1,0,0,698,687,679,656,652,634,629,619,607,598,593,587,585,581,576,564,550,538,521,512,511,544,607,632,627,627,615,599,588,585,570,1,1,1,1,1,1,1,1,1,1,1,1,1,1,1,1,1,1,1,1,1,1,1,1,1,1,1,1,1,1,1
15400000,1,Jul-11,1,1,698,511,599.06451,1,21,2,2,2,0,0,698,687,679,656,652,634,629,619,607,598,593,587,585,581,576,564,550,538,521,512,511,544,607,632,627,627,615,599,588,585,570,2,2,2,2,2,2,2,2,2,2,2,2,2,2,2,2,2,2,2,2,2,2,2,2,2,2,2,2,1,1,1
15400000,2,Aug-11,1,1,555,340,458.80649,9,27,1,1,1,0,0,554,547,534,522,506,510,523,526,555,552,548,538,525,510,494,478,463,447,428,422,408,393,380,370,360,342,340,344,358,372,374,1,1,1,1,1,1,1,1,1,1,1,1,1,1,1,1,1,1,1,1,1,1,1,1,1,1,1,1,1,1,1
15400000,1,Aug-11,1,1,555,340,458.80649,9,27,1,1,1,0,0,554,547,534,522,506,510,523,526,555,552,548,538,525,510,494,478,463,447,428,422,408,393,380,370,360,342,340,344,358,372,374,1,1,1,1,1,1,1,1,1,1,1,1,1,1,1,1,1,1,1,1,1,1,1,1,1,1,1,1,1,1,1
15400000,2,Sep-11,1,1,370,282,321.56671,1,16,1,1,1,0,0,370,360,350,339,328,320,313,309,297,308,313,316,312,306,297,282,287,312,334,363,356,346,338,331,323,312,304,304,304,313,,1,1,1,1,1,1,1,1,1,1,1,1,1,1,1,1,1,1,1,1,1,1,1,1,1,1,1,1,1,1,
15400000,1,Sep-11,1,1,370,282,321.56671,1,16,1,1,1,0,0,370,360,350,339,328,320,313,309,297,308,313,316,312,306,297,282,287,312,334,363,356,346,338,331,323,312,304,304,304,313,,1,1,1,1,1,1,1,1,1,1,1,1,1,1,1,1,1,1,1,1,1,1,1,1,1,1,1,1,1,1,
15400000,2,Oct-11,1,1,575,321,428.19351,23,10,1,1,1,0,0,325,346,363,368,364,356,346,338,328,321,325,346,366,373,372,380,401,422,430,446,491,547,575,574,565,552,547,539,536,523,509,1,1,1,1,1,1,1,1,1,1,1,1,1,1,1,1,1,1,1,1,1,1,1,1,1,1,1,1,1,1,1
15400000,1,Oct-11,1,1,575,321,428.19351,23,10,1,1,1,0,0,325,346,363,368,364,356,346,338,328,321,325,346,366,373,372,380,401,422,430,446,491,547,575,574,565,552,547,539,536,523,509,1,1,1,1,1,1,1,1,1,1,1,1,1,1,1,1,1,1,1,1,1,1,1,1,1,1,1,1,1,1,1
15400000,2,Nov-11,1,1,610,378,442.56671,30,26,1,1,1,0,0,500,488,474,464,436,411,423,406,462,446,414,455,467,445,443,449,460,461,458,450,434,396,391,386,380,378,389,409,492,610,,1,1,1,1,1,1,1,1,1,1,1,1,1,1,1,1,1,1,1,1,1,1,1,1,1,1,1,1,1,1,
15400000,1,Nov-11,1,1,610,378,442.56671,30,26,1,1,1,0,0,500,488,474,464,436,411,423,406,462,446,414,455,467,445,443,449,460,461,458,450,434,396,391,386,380,378,389,409,492,610,,1,1,1,1,1,1,1,1,1,1,1,1,1,1,1,1,1,1,1,1,1,1,1,1,1,1,1,1,1,1,
15400000,2,Dec-11,1,1,916,500,729.22583,31,8,1,1,1,0,0,667,680,692,671,629,612,565,500,543,552,552,538,524,538,588,716,818,868,898,893,896,862,852,831,842,854,876,897,868,868,916,1,1,1,1,1,1,1,1,1,1,1,1,1,1,1,1,1,1,1,1,1,1,1,1,1,1,1,1,1,1,1
15400000,1,Dec-11,1,1,916,500,729.22583,31,8,1,1,1,0,0,667,680,692,671,629,612,565,500,543,552,552,538,524,538,588,716,818,868,898,893,896,862,852,831,842,854,876,897,868,868,916,1,1,1,1,1,1,1,1,1,1,1,1,1,1,1,1,1,1,1,1,1,1,1,1,1,1,1,1,1,1,1
15400000,2,Jan-12,1,1,1198,914,1067.9032,21,13,1,1,1,0,0,953,982,974,952,946,977,1037,1052,1046,1017,988,956,914,945,946,1003,1080,1148,1175,1190,1198,1182,1162,1140,1143,1148,1157,1156,1162,1178,1198,1,1,1,1,1,1,1,1,1,1,1,1,1,1,1,1,1,1,1,1,1,1,1,1,1,1,1,1,1,1,1
15400000,1,Jan-12,1,1,1198,914,1067.9032,21,13,1,1,1,0,0,953,982,974,952,946,977,1037,1052,1046,1017,988,956,914,945,946,1003,1080,1148,1175,1190,1198,1182,1162,1140,1143,1148,1157,1156,1162,1178,1198,1,1,1,1,1,1,1,1,1,1,1,1,1,1,1,1,1,1,1,1,1,1,1,1,1,1,1,1,1,1,1
15400000,2,Feb-12,1,1,1505,1184,1346.7241,28,7,1,1,1,0,0,1210,1218,1220,1213,1216,1207,1184,1191,1230,1281,1320,1344,1365,1361,1362,1372,1374,1380,1392,1404,1420,1432,1442,1460,1479,1481,1488,1505,1504,,,1,1,1,1,1,1,1,1,1,1,1,1,1,1,1,1,1,1,1,1,1,1,1,1,1,1,1,1,1,,
15400000,1,Feb-12,1,1,1505,1184,1346.7241,28,7,1,1,1,0,0,1210,1218,1220,1213,1216,1207,1184,1191,1230,1281,1320,1344,1365,1361,1362,1372,1374,1380,1392,1404,1420,1432,1442,1460,1479,1481,1488,1505,1504,,,1,1,1,1,1,1,1,1,1,1,1,1,1,1,1,1,1,1,1,1,1,1,1,1,1,1,1,1,1,,
15400000,2,Mar-12,1,1,1568,1483,1526.3871,11,29,1,1,1,0,0,1509,1512,1515,1519,1526,1533,1539,1537,1540,1533,1568,1558,1551,1555,1559,1558,1549,1541,1530,1516,1534,1525,1519,1516,1504,1497,1491,1485,1483,1498,1518,1,1,1,1,1,1,1,1,1,1,1,1,1,1,1,1,1,1,1,1,1,1,1,1,1,1,1,1,1,1,1
15400000,1,Mar-12,1,1,1568,1483,1526.3871,11,29,1,1,1,0,0,1509,1512,1515,1519,1526,1533,1539,1537,1540,1533,1568,1558,1551,1555,1559,1558,1549,1541,1530,1516,1534,1525,1519,1516,1504,1497,1491,1485,1483,1498,1518,1,1,1,1,1,1,1,1,1,1,1,1,1,1,1,1,1,1,1,1,1,1,1,1,1,1,1,1,1,1,1
15400000,2,Apr-12,1,1,1538,1372,1447.2667,3,22,1,1,1,0,0,1525,1530,1538,1538,1534,1520,1498,1480,1466,1445,1445,1450,1442,1425,1416,1411,1397,1412,1412,1397,1382,1372,1398,1427,1420,1419,1419,1419,1437,1444,,1,1,1,1,1,1,1,1,1,1,1,1,1,1,1,1,1,1,1,1,1,1,1,1,1,1,1,1,1,1,
15400000,1,Apr-12,1,1,1538,1372,1447.2667,3,22,1,1,1,0,0,1525,1530,1538,1538,1534,1520,1498,1480,1466,1445,1445,1450,1442,1425,1416,1411,1397,1412,1412,1397,1382,1372,1398,1427,1420,1419,1419,1419,1437,1444,,1,1,1,1,1,1,1,1,1,1,1,1,1,1,1,1,1,1,1,1,1,1,1,1,1,1,1,1,1,1,
15400000,1,May-12,1,1,1446,1222,1340.8387,1,18,1,1,1,,0,1446,1434,1431,1422,1416,1409,1408,1388,1362,1331,1322,1299,1273,1261,1266,1248,1224,1222,1276,1322,1351,1345,1345,1358,1359,1346,1341,1340,1324,1337,1360,1,1,1,1,1,1,1,1,1,1,1,1,1,1,1,1,1,1,1,1,1,1,1,1,1,1,1,1,1,1,1
15400000,2,May-12,1,1,1446,1222,1340.8387,1,18,1,1,1,0,0,1446,1434,1436,1422,1415,1409,1408,1388,1362,1330,1322,1299,1272,1260,1266,1248,1224,1222,1276,1322,1351,1345,1345,1358,1358,1346,1341,1340,1324,1337,1360,1,1,1,1,1,1,1,1,1,1,1,1,1,1,1,1,1,1,1,1,1,1,1,1,1,1,1,1,1,1,1
15400000,1,Jun-12,1,1,1376,961,1133.6333,1,24,1,1,1,0,0,1376,1371,1321,1304,1270,1223,1193,1203,1240,1161,1175,1171,1181,1144,1132,1107,1092,1084,1020,1024,1033,996,977,961,980,980,1004,1050,1123,1113,,1,1,1,1,1,1,1,1,1,1,1,1,1,1,1,1,1,1,1,1,1,1,1,1,1,1,1,1,1,1,
15400000,2,Jun-12,1,1,1376,961,1133.6333,1,24,1,1,1,0,0,1376,1371,1321,1304,1270,1223,1193,1203,1240,1161,1175,1171,1181,1144,1132,1107,1092,1084,1020,1024,1033,996,977,961,980,980,1004,1050,1123,1113,,1,1,1,1,1,1,1,1,1,1,1,1,1,1,1,1,1,1,1,1,1,1,1,1,1,1,1,1,1,1,
15400000,1,Jul-12,1,1,1068,674,895.12903,1,31,1,1,1,0,0,1068,1057,1019,1009,981,933,927,933,936,940,930,934,960,974,975,964,939,909,964,846,854,820,785,804,829,823,788,770,719,685,674,1,1,1,1,1,1,1,1,1,1,1,1,1,1,1,1,1,1,1,1,1,1,1,1,1,1,1,1,1,1,1
15400000,2,Jul-12,1,1,1068,674,895.12903,1,31,1,1,1,0,0,1068,1057,1019,1009,981,933,927,933,936,940,930,934,960,974,975,964,939,909,964,846,854,820,785,804,829,823,788,770,719,685,674,1,1,1,1,1,1,1,1,1,1,1,1,1,1,1,1,1,1,1,1,1,1,1,1,1,1,1,1,1,1,1
15400000,2,Aug-12,1,1,662,404,520.83868,1,31,1,1,1,0,0,662,639,601,600,629,632,622,628,628,621,582,543,565,552,513,536,501,484,477,457,413,455,444,433,454,412,410,421,418,410,404,1,1,1,1,1,1,1,1,1,1,1,1,1,1,1,1,1,1,1,1,1,1,1,1,1,1,1,1,1,1,1
15400000,1,Aug-12,1,1,662,404,520.83868,1,31,1,1,1,0,0,662,639,601,600,629,632,622,628,628,621,582,543,565,552,513,536,501,484,477,457,413,455,444,433,454,412,410,421,418,410,404,1,1,1,1,1,1,1,1,1,1,1,1,1,1,1,1,1,1,1,1,1,1,1,1,1,1,1,1,1,1,1
15400000,2,Sep-12,1,1,393,259,315.39999,1,28,1,1,1,0,0,393,372,373,375,374,387,369,356,363,352,332,332,314,339,300,271,273,271,292,311,279,270,276,270,278,270,287,259,265,259,,1,1,1,1,1,1,1,1,1,1,1,1,1,1,1,1,1,1,1,1,1,1,1,1,1,1,1,1,1,1,
15400000,1,Sep-12,1,1,1491,259,356,23,28,1,1,1,,0,393,372,373,375,374,387,369,356,363,352,332,332,314,339,300,271,273,271,292,311,279,270,1491,270,278,270,287,259,265,259,,1,1,1,1,1,1,1,1,1,1,1,1,1,1,1,1,1,1,1,1,1,1,1,1,1,1,1,1,1,1,0
15400000,2,Oct-12,1,1,558,261,405.16129,19,1,1,1,1,0,0,261,261,265,263,290,319,331,331,333,327,320,341,405,451,454,461,473,513,558,554,517,489,469,441,447,457,457,440,437,446,449,1,1,1,1,1,1,1,1,1,1,1,1,1,1,1,1,1,1,1,1,1,1,1,1,1,1,1,1,1,1,1
15400000,1,Oct-12,1,1,558,261,405.16129,19,1,1,1,1,0,0,261,261,265,263,290,319,331,331,333,327,320,341,405,451,454,461,473,513,558,554,517,489,469,441,447,457,457,440,437,446,449,1,1,1,1,1,1,1,1,1,1,1,1,1,1,1,1,1,1,1,1,1,1,1,1,1,1,1,1,1,1,1
15400000,2,Nov-12,1,1,762,385,505.93329,30,10,1,1,1,0,0,445,444,432,400,391,388,395,401,396,385,386,419,425,471,513,494,552,560,489,489,520,623,631,616,604,587,609,655,696,762,,1,1,1,1,1,1,1,1,1,1,1,1,1,1,1,1,1,1,1,1,1,1,1,1,1,1,1,1,1,1,
15400000,1,Nov-12,1,1,762,385,505.93329,30,10,1,1,1,0,0,445,444,432,400,391,388,395,401,396,385,386,419,425,471,513,494,552,560,489,489,520,623,631,616,604,587,609,655,696,762,,1,1,1,1,1,1,1,1,1,1,1,1,1,1,1,1,1,1,1,1,1,1,1,1,1,1,1,1,1,1,
15400000,2,Dec-12,1,1,1205,707,892.61292,31,8,1,1,1,0,0,783,772,779,744,736,728,751,707,715,717,715,737,770,767,806,868,900,918,944,977,987,1017,1017,991,1029,1034,1106,1151,1147,1153,1205,1,1,1,1,1,1,1,1,1,1,1,1,1,1,1,1,1,1,1,1,1,1,1,1,1,1,1,1,1,1,1
15400000,1,Dec-12,1,1,1205,707,892.61292,31,8,1,1,1,0,0,783,772,779,744,736,728,751,707,715,717,715,737,770,767,806,868,900,918,944,977,987,1017,1017,991,1029,1034,1106,1151,1147,1153,1205,1,1,1,1,1,1,1,1,1,1,1,1,1,1,1,1,1,1,1,1,1,1,1,1,1,1,1,1,1,1,1
15400000,2,Jan-13,1,1,1337,1188,1250.6129,29,1,2,2,2,0,0,1188,1235,1276,1285,1279,1272,1278,1266,1264,1256,1248,1237,1238,1235,1211,1212,1191,1199,1217,1217,1218,1249,1255,1262,1267,1268,1309,1319,1337,1253,1228,1,1,1,1,1,1,1,1,1,1,1,1,1,1,1,1,2,1,1,1,1,1,1,1,1,1,1,1,1,1,1
15400000,1,Jan-13,1,1,1337,1188,1251,29,1,1,1,1,,0,1188,1235,1276,1285,1279,1272,1278,1266,1264,1256,1248,1237,1238,1235,1211,1212,1191,1199,1217,1217,1218,1249,1255,1262,1267,1268,1309,1319,1337,1253,1228,1,1,1,1,1,1,1,1,1,1,1,1,1,1,1,1,1,1,1,1,1,1,1,1,1,1,1,1,1,1,1
15400000,2,Feb-13,1,1,1466,1177,1323.2144,28,5,1,1,1,0,0,1231,1205,1197,1199,1177,1180,1185,1215,1237,1282,1308,1316,1318,1305,1318,1337,1363,1394,1412,1426,1432,1420,1420,1421,1419,1420,1447,1466,,,,1,1,1,1,1,1,1,1,1,1,1,1,1,1,1,1,1,1,1,1,1,1,1,1,1,1,1,1,,,
15400000,1,Feb-13,1,1,1466,1177,1323.2144,28,5,1,1,1,0,0,1231,1205,1197,1199,1177,1180,1185,1215,1237,1282,1308,1316,1318,1305,1318,1337,1363,1394,1412,1426,1432,1420,1420,1421,1419,1420,1447,1466,,,,1,1,1,1,1,1,1,1,1,1,1,1,1,1,1,1,1,1,1,1,1,1,1,1,1,1,1,1,,,
15400000,1,Mar-13,1,1,1619,1475,1539.6774,31,1,1,1,1,0,0,1475,1480,1481,1498,1504,1515,1525,1545,1525,1523,1515,1516,1527,1516,1505,1549,1489,1507,1509,1528,1548,1555,1577,1593,1602,1594,1599,1597,1606,1608,1619,1,1,1,1,1,1,1,1,1,1,1,1,1,1,1,1,1,1,1,1,1,1,1,1,1,1,1,1,1,1,1
15400000,2,Mar-13,1,1,1619,1475,1539.6774,31,1,1,1,1,0,0,1475,1480,1481,1498,1504,1515,1525,1545,1525,1523,1515,1516,1527,1516,1505,1549,1489,1507,1509,1528,1548,1555,1577,1593,1602,1594,1599,1597,1606,1608,1619,1,1,1,1,1,1,1,1,1,1,1,1,1,1,1,1,1,1,1,1,1,1,1,1,1,1,1,1,1,1,1
15400000,1,Apr-13,1,1,1654,1373,1573.2,5,30,1,1,1,0,0,1629,1636,1644,1649,1654,1644,1635,1613,1590,1583,1574,1565,1567,1574,1589,1607,1620,1617,1622,1617,1608,1634,1561,1530,1513,1480,1449,1418,1401,1373,,1,1,1,1,1,1,1,1,1,1,1,1,1,1,1,1,1,1,1,1,1,1,1,1,1,1,1,1,1,1,
15400000,2,Apr-13,1,1,1654,1373,1573.2,5,30,1,1,1,0,0,1629,1636,1644,1649,1654,1644,1635,1613,1590,1583,1574,1565,1567,1574,1589,1607,1620,1617,1622,1617,1608,1634,1561,1530,1513,1480,1449,1418,1401,1373,,1,1,1,1,1,1,1,1,1,1,1,1,1,1,1,1,1,1,1,1,1,1,1,1,1,1,1,1,1,1,
15400000,1,May-13,1,1,1347,1055,1192.1613,1,31,1,1,1,0,0,1347,1335,1303,1301,1327,1265,1251,1248,1254,1231,1208,1201,1200,1195,1194,1169,1149,1137,1124,1133,1209,1117,1166,1166,1151,1151,1129,1102,1076,1063,1055,1,1,1,1,1,1,1,1,1,1,1,1,1,1,1,1,1,1,1,1,1,1,1,1,1,1,1,1,1,1,1
15400000,2,May-13,1,1,1347,1055,1190.5483,1,31,2,2,2,0,0,1347,1335,1303,1301,1327,1265,1251,1248,1254,1231,1208,1201,1200,1195,1194,1169,1149,1137,1124,1133,1159,1117,1166,1166,1151,1151,1129,1102,1076,1063,1055,1,1,1,1,1,1,1,1,1,1,1,1,1,1,1,1,1,1,1,1,2,1,1,1,1,1,1,1,1,1,1
15400000,1,Jun-13,1,1,1137,791,946.43329,6,23,1,1,1,0,0,1050,1079,1041,1039,1064,1137,1114,1123,1084,1059,1025,1007,962,950,920,886,874,851,818,827,821,803,791,833,864,856,841,854,889,931,,1,1,1,1,1,1,1,1,1,1,1,1,1,1,1,1,1,1,1,1,1,1,1,1,1,1,1,1,1,1,
15400000,2,Jun-13,1,1,1137,791,946.43329,6,23,1,1,1,0,0,1050,1079,1041,1039,1064,1137,1114,1123,1084,1059,1025,1007,962,950,920,886,874,851,818,827,821,803,791,833,864,856,841,854,889,931,,1,1,1,1,1,1,1,1,1,1,1,1,1,1,1,1,1,1,1,1,1,1,1,1,1,1,1,1,1,1,
15400000,1,Jul-13,1,1,1021,591,796.96771,2,28,1,1,1,0,0,981,1021,1004,959,943,905,889,927,897,911,867,882,861,827,816,784,783,757,741,734,706,729,709,703,678,654,627,591,616,603,601,1,1,1,1,1,1,1,1,1,1,1,1,1,1,1,1,1,1,1,1,1,1,1,1,1,1,1,1,1,1,1
15400000,2,Jul-13,1,1,1021,591,796.96771,2,28,1,1,1,0,0,981,1021,1004,959,943,905,889,927,897,911,867,882,861,827,816,784,783,757,741,734,706,729,709,703,678,654,627,591,616,603,601,1,1,1,1,1,1,1,1,1,1,1,1,1,1,1,1,1,1,1,1,1,1,1,1,1,1,1,1,1,1,1
15400000,1,Aug-13,1,1,607,381,484.51611,2,29,1,1,1,0,0,589,607,582,578,535,549,552,511,501,481,473,480,416,445,449,413,458,412,465,418,505,508,511,496,480,446,437,442,381,405,495,1,1,1,1,1,1,1,1,1,1,1,1,1,1,1,1,1,1,1,1,1,1,1,1,1,1,1,1,1,1,1
15400000,2,Aug-13,1,1,607,381,484.51611,2,29,1,1,1,0,0,589,607,582,578,535,549,552,511,501,481,473,480,416,445,449,413,458,412,465,418,505,508,511,496,480,446,437,442,381,405,495,1,1,1,1,1,1,1,1,1,1,1,1,1,1,1,1,1,1,1,1,1,1,1,1,1,1,1,1,1,1,1
15400000,1,Sep-13,1,1,568,309,427.5,2,21,1,1,1,0,0,563,568,528,552,475,540,455,456,434,421,437,392,401,396,370,370,358,358,358,375,309,389,399,420,409,438,456,369,453,376,,1,1,1,1,1,1,1,1,1,1,1,1,1,1,1,1,1,1,1,1,1,1,1,1,1,1,1,1,1,1,
15400000,2,Sep-13,1,1,568,309,427.5,2,21,1,1,1,0,0,563,568,528,552,475,540,455,456,434,421,437,392,401,396,370,370,358,358,358,375,309,389,399,420,409,438,456,369,453,376,,1,1,1,1,1,1,1,1,1,1,1,1,1,1,1,1,1,1,1,1,1,1,1,1,1,1,1,1,1,1,
15400000,1,Oct-13,1,1,849,365,594.38708,30,7,1,1,1,0,0,415,403,448,413,412,406,365,382,398,435,488,539,616,605,582,572,577,618,604,666,713,733,733,733,754,755,748,798,827,849,839,1,1,1,1,1,1,1,1,1,1,1,1,1,1,1,1,1,1,1,1,1,1,1,1,1,1,1,1,1,1,1
15400000,2,Oct-13,1,1,849,365,594.38708,30,7,1,1,1,0,0,415,403,448,413,412,406,365,382,398,435,488,539,616,605,582,572,577,618,604,666,713,733,733,733,754,755,748,798,827,849,839,1,1,1,1,1,1,1,1,1,1,1,1,1,1,1,1,1,1,1,1,1,1,1,1,1,1,1,1,1,1,1
15400000,2,Nov-13,1,1,1147,859,978.66669,9,21,2,2,2,0,0,870,906,955,984,984,1012,1081,1113,1147,1131,1090,1037,1000,967,924,906,874,898,907,897,859,869,862,890,932,1000,1077,1070,1063,1055,,1,1,1,1,1,1,1,1,1,1,1,1,1,1,1,1,1,1,1,1,1,1,1,1,1,1,1,2,2,1,
15400000,1,Nov-13,1,1,,,,,,0,0,0,0,0,870,906,955,984,984,1012,1081,1113,1147,1131,1090,1037,1000,967,924,906,874,898,907,897,859,869,862,890,932,1000,1077,,,1055,,1,1,1,1,1,1,1,1,1,1,1,1,1,1,1,1,1,1,1,1,1,1,1,1,1,1,1,,,1,
15400000,2,Dec-13,1,1,1413,930,1159.6774,26,7,1,1,1,0,0,1038,1060,1051,1032,975,955,930,936,964,1024,1016,999,1005,980,984,1055,1191,1224,1259,1234,1292,1317,1368,1383,1401,1413,1410,1396,1376,1354,1328,1,1,1,1,1,1,1,1,1,1,1,1,1,1,1,1,1,1,1,1,1,1,1,1,1,1,1,1,1,1,1
15400000,1,Dec-13,1,1,1413,930,1159.6774,26,7,1,1,1,0,0,1038,1060,1051,1032,975,955,930,936,964,1024,1016,999,1005,980,984,1055,1191,1224,1259,1234,1292,1317,1368,1383,1401,1413,1410,1396,1376,1354,1328,1,1,1,1,1,1,1,1,1,1,1,1,1,1,1,1,1,1,1,1,1,1,1,1,1,1,1,1,1,1,1
15400000,2,Jan-14,1,1,1560,1262,1459.4194,31,4,1,1,1,0,0,1313,1287,1266,1262,1318,1318,1426,1447,1457,1460,1471,1470,1486,1470,1485,1500,1507,1508,1503,1496,1519,1514,1517,1520,1518,1513,1521,1527,1533,1550,1560,1,1,1,1,1,1,1,1,1,1,1,1,1,1,1,1,1,1,1,1,1,1,1,1,1,1,1,1,1,1,1
15400000,1,Jan-14,1,1,1560,1262,1459.4194,31,4,1,1,1,0,0,1313,1287,1266,1262,1318,1318,1426,1447,1457,1460,1471,1470,1486,1470,1485,1500,1507,1508,1503,1496,1519,1514,1517,1520,1518,1513,1521,1527,1533,1550,1560,1,1,1,1,1,1,1,1,1,1,1,1,1,1,1,1,1,1,1,1,1,1,1,1,1,1,1,1,1,1,1
15400000,2,Feb-14,1,1,1861,1564,1730.3571,27,1,1,1,1,0,0,1564,1578,1590,1600,1616,1622,1649,1660,1675,1677,1696,1700,1717,1738,1750,1748,1769,1777,1786,1796,1810,1819,1839,1845,1851,1857,1861,1860,,,,1,1,1,1,1,1,1,1,1,1,1,1,1,1,1,1,1,1,1,1,1,1,1,1,1,1,1,1,,,
15400000,1,Feb-14,1,1,1861,1564,1730.3571,27,1,1,1,1,0,0,1564,1578,1590,1600,1616,1622,1649,1660,1675,1677,1696,1700,1717,1738,1750,1748,1769,1777,1786,1796,1810,1819,1839,1845,1851,1857,1861,1860,,,,1,1,1,1,1,1,1,1,1,1,1,1,1,1,1,1,1,1,1,1,1,1,1,1,1,1,1,1,,,
15400000,2,Mar-14,1,1,1969,1866,1918.4194,30,1,1,1,1,0,0,1866,1867,1868,1873,1880,1885,1889,1889,1895,1896,1903,1907,1906,1909,1910,1912,1912,1917,1923,1932,1937,1941,1947,1953,1960,1963,1966,1966,1965,1969,1965,1,1,1,1,1,1,1,1,1,1,1,1,1,1,1,1,1,1,1,1,1,1,1,1,1,1,1,1,1,1,1
15400000,1,Mar-14,1,1,1969,1866,1918.4194,30,1,1,1,1,0,0,1866,1867,1868,1873,1880,1885,1889,1889,1895,1896,1903,1907,1906,1909,1910,1912,1912,1917,1923,1932,1937,1941,1947,1953,1960,1963,1966,1966,1965,1969,1965,1,1,1,1,1,1,1,1,1,1,1,1,1,1,1,1,1,1,1,1,1,1,1,1,1,1,1,1,1,1,1
15400000,2,Apr-14,1,1,1963,1750,1868.2667,1,30,1,1,1,0,0,1963,1963,1957,1954,1949,1952,1952,1947,1945,1941,1935,1926,1914,1905,1893,1874,1849,1830,1824,1822,1819,1807,1792,1777,1765,1763,1771,1755,1754,1750,,1,1,1,1,1,1,1,1,1,1,1,1,1,1,1,1,1,1,1,1,1,1,1,1,1,1,1,1,1,1,
15400000,1,Apr-14,1,1,1963,1750,1868.2667,1,30,2,2,2,0,0,1963,1963,1957,1954,1949,1952,1952,1947,1945,1941,1935,1926,1914,1905,1893,1874,1849,1830,1824,1822,1819,1807,1792,1777,1765,1763,1771,1755,1754,1750,,1,1,1,1,1,1,1,1,1,1,1,1,1,1,1,1,1,1,1,1,1,1,2,1,1,1,1,1,1,1,
15400000,2,May-14,1,1,1752,1587,1675.2258,1,31,1,1,1,0,0,1752,1751,1737,1725,1721,1712,1728,1731,1734,1734,1708,1696,1700,1697,1692,1685,1671,1659,1640,1636,1624,1614,1627,1642,1645,1629,1616,1615,1621,1603,1587,1,1,1,1,1,1,1,1,1,1,1,1,1,1,1,1,1,1,1,1,1,1,1,1,1,1,1,1,1,1,1
15400000,1,May-14,1,1,1752,1587,1675.2258,1,31,1,1,1,0,0,1752,1751,1737,1725,1721,1712,1728,1731,1734,1734,1708,1696,1700,1697,1692,1685,1671,1659,1640,1636,1624,1614,1627,1642,1645,1629,1616,1615,1621,1603,1587,1,1,1,1,1,1,1,1,1,1,1,1,1,1,1,1,1,1,1,1,1,1,1,1,1,1,1,1,1,1,1
15400000,2,Jun-14,1,1,1578,1219,1423.1,1,30,2,2,2,0,0,1578,1551,1525,1517,1491,1473,1452,1455,1420,1442,1421,1427,1389,1398,1417,1478,1491,1485,1503,1484,1457,1426,1394,1372,1337,1324,1279,1262,1226,1219,,1,1,1,1,1,1,1,1,1,2,2,2,1,2,1,1,1,1,1,1,1,1,1,1,1,1,1,1,1,1,
15400000,1,Jun-14,1,1,,,,,,0,0,0,0,0,1578,1551,1525,1517,1491,1473,1452,1455,1420,,,,1389,1294,1417,1478,1491,1485,1503,1484,1457,1426,1394,1372,1337,1324,1279,1262,1226,1219,,1,1,1,1,1,1,1,1,1,,,,1,1,1,1,1,1,1,1,1,1,1,1,1,1,1,1,1,1,
15400000,1,Jul-14,1,1,1272,913,1118.3549,5,31,1,1,1,0,0,1199,1197,1250,1270,1272,1254,1220,1205,1175,1166,1170,1209,1243,1236,1202,1193,1169,1136,1103,1072,1045,1037,1011,997,981,977,965,959,914,929,913,1,1,1,1,1,1,1,1,1,1,1,1,1,1,1,1,1,1,1,1,1,1,1,1,1,1,1,1,1,1,1
15400000,2,Jul-14,1,1,1284,913,1123.9677,5,31,2,2,2,0,0,1205,1201,1252,1272,1284,1262,1235,1208,1183,1171,1180,1215,1247,1243,1202,1193,1169,1136,1099,1080,1053,1045,1019,1003,993,988,971,966,928,927,913,2,2,2,2,2,2,2,2,2,2,2,2,2,2,1,1,1,1,2,2,2,2,2,2,2,2,2,2,2,2,1
15400000,1,Aug-14,1,1,960,562,738.3548,1,31,1,1,1,0,0,960,898,906,876,862,829,819,803,787,749,769,738,747,731,753,752,780,746,720,684,716,703,683,663,652,611,636,589,596,569,562,1,1,1,1,1,1,1,1,1,1,1,1,1,1,1,1,1,1,1,1,1,1,1,1,1,1,1,1,1,1,1
15400000,2,Aug-14,1,1,950,565,739.96771,1,31,2,2,2,0,0,950,902,904,876,859,826,821,809,788,753,762,739,744,729,749,753,778,746,721,685,715,705,686,672,658,632,638,592,599,583,565,2,2,2,1,2,2,2,2,2,2,2,2,2,2,2,2,2,1,2,2,2,2,2,2,2,2,2,2,2,2,2
15400000,1,Sep-14,1,1,543,421,475.33331,30,18,1,1,1,0,0,531,542,516,474,497,474,463,530,507,431,456,457,456,459,434,443,442,421,452,490,447,458,473,486,478,473,463,464,500,543,,1,1,1,1,1,1,1,1,1,1,1,1,1,1,1,1,1,1,1,1,1,1,1,1,1,1,1,1,1,1,
15400000,2,Sep-14,1,1,541,424,477.23331,30,18,2,2,2,0,0,533,539,521,522,503,481,458,516,507,436,460,459,449,458,433,442,440,424,450,491,460,455,472,490,478,474,463,464,498,541,,2,2,2,2,2,2,2,2,1,2,2,2,2,2,2,2,2,2,2,2,2,2,2,2,1,2,1,1,2,2,
15400000,1,Oct-14,1,1,603,402,477,3,13,1,1,1,,0,547,507,603,535,578,525,526,519,506,490,478,477,402,457,442,510,478,458,464,460,492,463,453,448,447,429,428,411,410,421,418,1,1,1,1,1,1,1,1,1,1,1,1,1,1,1,1,1,1,1,1,1,1,1,1,1,1,1,1,1,1,1
15400000,2,Oct-14,1,1,599,408,479.70969,3,13,2,2,2,0,0,542,513,599,547,577,530,530,520,509,490,480,475,408,456,444,506,482,479,458,467,489,469,456,450,453,433,432,415,414,425,423,2,2,2,2,2,2,2,2,2,2,2,2,2,2,2,2,2,2,2,2,2,2,2,2,2,2,2,2,2,2,2
15400000,1,Nov-14,1,1,776,404,570,26,1,1,1,1,,0,404,436,418,427,431,455,517,490,512,489,492,482,497,510,504,530,535,490,512,489,738,749,741,731,713,776,766,748,747,775,,1,1,1,1,1,1,1,1,1,1,1,1,1,1,1,1,1,1,1,1,1,1,1,1,1,1,1,1,1,1,0
15400000,2,Nov-14,1,1,771,411,582.3667,30,1,2,2,2,0,0,411,438,426,429,434,460,517,497,511,491,495,489,501,512,509,531,540,558,586,639,741,756,747,737,712,768,764,750,751,771,,2,2,2,2,2,2,2,2,2,2,2,2,2,2,2,2,2,2,2,2,2,2,2,2,2,2,2,2,2,2,
15400000,1,Dec-14,1,1,1217,767,977,31,1,2,2,2,,0,767,833,846,894,908,965,981,982,1017,1005,982,935,927,915,907,942,923,891,904,917,938,978,981,1025,1054,1082,1093,1102,1190,1181,1217,1,1,1,1,1,1,1,1,1,1,1,1,1,1,1,1,1,1,1,1,1,2,1,1,1,1,1,1,1,1,1
15400000,2,Dec-14,1,1,1211,773,976.93549,31,1,2,2,2,0,0,773,827,862,908,915,953,978,972,1015,1004,989,939,914,922,909,934,925,894,905,915,938,960,981,1031,1070,1083,1092,1102,1181,1183,1211,2,2,2,2,2,2,2,2,2,2,2,2,2,2,2,2,2,2,2,2,2,2,2,2,2,2,2,2,2,2,2
15400000,2,Jan-15,1,1,1547,1234,1401.2581,30,1,1,1,1,,,1234,1255,1275,1308,1314,1308,1343,1344,1367,1387,1358,1343,1338,1333,1314,1325,1337,1377,1414,1446,1478,1499,1501,1505,1521,1508,1533,1540,1543,1547,1544,1,1,1,1,1,1,1,1,1,1,1,1,1,1,1,1,1,1,1,1,1,1,1,1,1,1,1,1,1,1,1
15400000,1,Jan-15,1,1,1547,121,1365,30,2,2,2,2,,0,1234,1255,1275,1308,1314,1308,1343,1344,1367,1387,1358,1343,1338,1333,1314,1325,1337,1377,1414,1446,1478,1499,1501,1505,1521,1508,1533,1540,1543,1547,1544,1,2,1,1,1,1,1,1,1,1,1,1,1,1,1,1,1,1,1,1,1,1,1,1,1,1,1,1,1,1,1
15400000,2,Feb-15,1,1,1662,1519,1574.6429,27,11,1,1,1,,,1550,1541,1544,1556,1551,1558,1559,1569,1526,1525,1519,1533,1551,1552,1560,1561,1567,1568,1567,1577,1585,1614,1616,1631,1638,1651,1662,1659,,,,1,1,1,1,1,1,1,1,1,1,1,1,1,1,1,1,1,1,1,1,1,1,1,1,1,1,1,1,,,
15400000,1,Feb-15,1,1,1662,1519,1575,27,11,2,2,2,,0,1550,1541,1544,1556,1551,1558,1559,1569,1526,1525,1519,1533,1551,1552,1560,1561,1567,1568,1567,1577,1585,1614,1616,1631,1638,1651,1662,1659,,,,2,2,2,2,2,2,2,2,2,2,2,2,2,2,2,2,2,2,2,2,2,2,2,2,2,2,2,2,,,
15400000,1,Mar-15,1,1,1697,1630,1679,7,30,2,2,2,,0,1655,1652,1661,1671,1682,1691,1697,1694,1692,1694,1694,1693,1691,1695,1693,1691,1690,1688,1682,1677,1692,1696,1692,1690,1684,1672,1663,1656,1643,1630,1633,2,2,2,2,2,2,2,2,2,2,2,2,2,2,2,2,2,2,2,2,2,2,2,2,2,2,2,2,2,2,2
15400000,2,Mar-15,1,1,1697,1630,1678.5161,7,30,1,1,1,,,1655,1652,1661,1671,1682,1691,1697,1694,1692,1694,1694,1693,1691,1695,1693,1691,1690,1688,1682,1677,1692,1696,1692,1690,1684,1672,1663,1656,1643,1630,1633,1,1,1,1,1,1,1,1,1,1,1,1,1,1,1,1,1,1,1,1,1,1,1,1,1,1,1,1,1,1,1
15400000,1,Apr-15,1,1,1597,1524,1557,1,21,2,2,2,,0,1597,1592,1590,1580,1575,1564,1559,1557,1554,1548,1553,1566,1574,1578,1571,1572,1567,1556,1545,1534,1524,1529,1534,1542,1543,1534,1524,1537,1548,1556,,2,2,2,2,2,2,2,2,2,2,2,2,2,2,2,2,2,2,2,2,2,2,2,2,2,2,2,2,2,2,
15400000,2,Apr-15,1,1,1597,1524,1556.7667,1,21,1,1,1,,,1597,1592,1590,1580,1575,1564,1559,1557,1554,1548,1553,1566,1574,1578,1571,1572,1567,1556,1545,1534,1524,1529,1534,1542,1543,1534,1524,1537,1548,1556,,1,1,1,1,1,1,1,1,1,1,1,1,1,1,1,1,1,1,1,1,1,1,1,1,1,1,1,1,1,1,
15400000,1,May-15,1,1,1661,1483,1572,13,28,2,2,2,,0,1553,1543,1540,1538,1545,1530,1540,1570,1602,1626,1644,1660,1661,1653,1644,1630,1633,1631,1614,1599,1580,1563,1558,1540,1523,1505,1485,1483,1493,1512,1523,2,2,2,2,2,2,2,2,2,2,2,2,2,2,2,2,2,2,2,2,2,2,2,2,2,2,2,2,2,2,2
15400000,2,May-15,1,1,1661,1483,1571.6451,13,28,1,1,1,,,1553,1543,1540,1538,1545,1530,1540,1570,1602,1626,1644,1660,1661,1653,1644,1630,1633,1631,1614,1599,1580,1563,1558,1540,1523,1505,1485,1483,1493,1512,1523,1,1,1,1,1,1,1,1,1,1,1,1,1,1,1,1,1,1,1,1,1,1,1,1,1,1,1,1,1,1,1
15400000,1,Jun-15,1,1,1581,1210,1417,4,30,2,2,2,,0,1528,1550,1572,1581,1576,1574,1568,1556,1544,1524,1496,1469,1448,1420,1408,1392,1372,1363,1344,1339,1335,1330,1328,1313,1300,1293,1281,1256,1232,1210,,2,2,2,2,2,2,2,2,2,2,2,2,2,2,2,2,2,2,2,2,2,2,2,2,2,2,2,2,2,2,
15400000,2,Jun-15,1,1,1581,1210,1416.7333,4,30,1,1,1,,,1528,1550,1572,1581,1576,1574,1568,1556,1544,1524,1496,1469,1448,1420,1408,1392,1372,1363,1344,1339,1335,1330,1328,1313,1300,1293,1281,1256,1232,1210,,1,1,1,1,1,1,1,1,1,1,1,1,1,1,1,1,1,1,1,1,1,1,1,1,1,1,1,1,1,1,
15400000,1,Jul-15,1,1,1289.37,994.62,1138.9568,10,30,2,2,2,,0,1179.37,1175.62,1162.14,1150.16,1146.14,1143.45,1179.48,1217.49,1273.3101,1289.37,1281.45,1251.9399,1252.6,1246.4301,1230.03,1187.8199,1154.05,1130.99,1087.05,1077.73,1076.23,1091.6,1088.8199,1076.1801,1054.09,1038.5,1026.26,1027.09,1015.03,994.62,1001.24,2,2,2,2,2,2,2,2,2,2,2,2,2,2,2,2,2,2,2,2,2,2,2,2,2,2,2,2,2,2,2
15400000,2,Jul-15,1,1,1289,995,1138.8387,10,30,1,1,1,,,1179,1176,1162,1150,1146,1143,1179,1217,1273,1289,1281,1252,1253,1246,1230,1188,1154,1131,1087,1078,1076,1092,1089,1076,1054,1039,1026,1027,1015,995,1001,1,1,1,1,1,1,1,1,1,1,1,1,1,1,1,1,1,1,1,1,1,1,1,1,1,1,1,1,1,1,1
15400000,2,Aug-15,1,1,982,605,802.29028,1,31,1,1,1,,,982,975,953,935,896,876,872,835,827,794,722,765,801,837,958,941,876,853,805,785,766,726,708,698,705,703,696,678,647,651,605,1,1,1,1,1,1,1,1,1,1,1,1,1,1,1,1,1,1,1,1,1,1,1,1,1,1,1,1,1,1,1
15400000,1,Aug-15,1,1,978.46002,608.85999,808.73651,1,31,2,2,2,,0,982,975,953,935,896,876,872,835,827,794,722,765,801,837,958,941,876,853,805,785,766,726,707.54999,697.64001,705,702.53003,695.96997,678,647,651,605,,,,,,,,,,,,,,,,,,,,,,,2,2,,2,2,,,,
15400000,2,Sep-15,1,1,600,383,490.93329,1,29,1,1,1,,,600,582,577,565,555,559,534,528,507,506,479,498,470,472,463,469,511,513,515,506,503,459,464,441,424,422,401,415,383,407,,1,1,1,1,1,1,1,1,1,1,1,1,1,1,1,1,1,1,1,1,1,1,1,1,1,1,1,1,1,1,
15400000,1,Sep-15,1,1,602.52002,383.45001,490.4537,1,29,2,2,2,,0,600,582,577,565,555,559,534,528,507,506,479,498,470,472,463,469,511,513,515,506,503,459,464,441,424,422,401.07001,415.17001,383.45001,407,,,,,,,,,,,,,,,,,,,,,,,,,,,,2,2,2,,0
15400000,2,Oct-15,1,1,476,346,412.5484,20,1,1,1,1,,,346,379,366,383,417,419,412,407,375,389,373,386,387,395,421,434,451,467,465,476,454,463,448,440,433,433,419,404,399,389,359,1,1,1,1,1,1,1,1,1,1,1,1,1,1,1,1,1,1,1,1,1,1,1,1,1,1,1,1,1,1,1
15400000,1,Oct-15,1,1,480,344,413,20,1,0,0,0,,0,346,379,366,383,417,419,412,407,375,389,373,386,387,394.5,421,434,451,467,465,476,454,463,448,440,433,433,419,404,399,389,359,,,,,,,,,,,,,,,,,,,,,,,,,,,,,,,
15400000,2,Nov-15,1,1,753,348,580.20001,12,5,1,1,1,,,371,373,361,351,348,357,389,486,563,672,722,753,743,708,688,671,659,671,683,673,686,641,644,616,610,600,614,596,584,573,,1,1,1,1,1,1,1,1,1,1,1,1,1,1,1,1,1,1,1,1,1,1,1,1,1,1,1,1,1,1,
15400000,1,Nov-15,1,1,760,346,580,12,5,0,0,0,,0,371,373,361,351,348,357,389,486,563,672,722,753,743,708,688,671,659,671,683,673,686,641,644,616,610,600,614,596,584,573,,,,,,,,,,,,,,,,,,,,,,,,,,,,,,,,0
15400000,2,Dec-15,1,1,852,515,705.93549,30,4,1,1,1,,,545,533,523,515,595,771,825,789,755,706,725,719,705,732,744,695,683,666,665,620,633,646,715,669,732,789,831,840,842,852,824,1,1,1,1,1,1,1,1,1,1,1,1,1,1,1,1,1,1,1,1,1,1,1,1,1,1,1,1,1,1,1
15400000,1,Dec-15,1,1,872,508,706,30,4,0,0,0,,0,545,533,523,515,595,771,825,789,755,706,725,719,705,732,744,695,683,666,665,620,633,646,715,669,732,789,831,840,842,852,824,,,,,,,,,,,,,,,,,,,,,,,,,,,,,,,
15400000,2,Jan-16,1,1,1165,917,1012.0323,25,1,1,1,1,,,917,932,919,925,929,957,965,982,951,970,955,923,942,948,965,1014,1036,1081,1100,1105,1092,1100,1120,1140,1165,1156,1095,1038,1002,974,975,1,1,1,1,1,1,1,1,1,1,1,1,1,1,1,1,1,1,1,1,1,1,1,1,1,1,1,1,1,1,1
15400000,1,Jan-16,1,1,1176,912,1012,25,1,0,0,0,,0,917,932,919,925,929,957,965,982,951,970,955,923,942,948,965,1014,1036,1081,1100,1105,1092,1100,1120,1140,1165,1156,1095,1038,1002,974,975,,,,,,,,,,,,,,,,,,,,,,,,,,,,,,,
15400000,2,Feb-16,1,1,1395,993,1238.6897,29,2,1,1,1,,,1001,993,1005,1043,1121,1169,1208,1235,1258,1277,1313,1322,1320,1319,1306,1290,1301,1296,1269,1238,1233,1247,1271,1274,1275,1274,1331,1338,1395,,,1,1,1,1,1,1,1,1,1,1,1,1,1,1,1,1,1,1,1,1,1,1,1,1,1,1,1,1,1,,
15400000,1,Feb-16,1,1,1408,980,1239,29,1,3,3,3,,0,1001,993,1005,1043,1121,1169,1208,1235,1258,1277,1313,1322,1320,1319,1306,1290,1301,1296,1269,1238,1233,1247,1271,1274,1275,1274,1331,1338,1395,,,,,,,,,,,,,,,,,,3,,,,,,,,,,,,,,0,0
15400000,2,Mar-16,1,1,1548,1373,1465.4517,11,27,1,1,1,,,1409,1435,1448,1464,1491,1499,1507,1514,1528,1544,1548,1535,1526,1517,1519,1516,1513,1512,1504,1506,1443,1412,1385,1381,1386,1382,1373,1383,1386,1418,1445,1,1,1,1,1,1,1,1,1,1,1,1,1,1,1,1,1,1,1,1,1,1,1,1,1,1,1,1,1,1,1
15400000,1,Mar-16,1,1,1554,1370,1465,11,27,0,0,0,,0,1409,1435,1448,1464,1491,1499,1507,1513.5,1528,1544,1548,1535,1526,1516.5,1519,1516,1513,1512,1504,1506,1443,1412,1385,1381,1386,1382,1373,1383,1386,1418,1445,,,,,,,,,,,,,,,,,,,,,,,,,,,,,,,
15400000,2,Apr-16,1,1,1459,1294,1349.1,1,14,1,1,1,,,1459,1459,1443,1416,1407,1403,1391,1371,1344,1343,1336,1338,1334,1294,1296,1298,1306,1312,1310,1333,1330,1321,1312,1315,1320,1344,1345,1329,1321,1343,,1,1,1,1,1,1,1,1,1,1,1,1,1,1,1,1,1,1,1,1,1,1,1,1,1,1,1,1,1,1,
15400000,1,Apr-16,1,1,1462,1292,1349,1,14,0,0,0,,0,1459,1459,1443,1416,1407,1403,1391,1371,1344,1343,1336,1338,1334,1294,1296,1298,1306,1312,1310,1333,1330,1321,1312,1315,1320,1344,1345,1329,1321,1343,,,,,,,,,,,,,,,,,,,,,,,,,,,,,,,,0
15400000,2,May-16,1,1,1381,932,1142.871,1,31,1,1,1,,,1381,1380,1356,1319,1288,1238,1241,1212,1161,1139,1117,1086,1072,1101,1109,1136,1154,1175,1192,1182,1171,1135,1103,1091,1060,1027,1004,973,952,942,932,1,1,1,1,1,1,1,1,1,1,1,1,1,1,1,1,1,1,1,1,1,1,1,1,1,1,1,1,1,1,1
15400000,1,May-16,1,1,1388,926,1143,2,31,0,0,0,,0,1381,1380,1356,1319,1288,1238,1241,1212,1161,1139,1117,1086,1072,1101,1109,1136,1154,1175,1192,1182,1171,1135,1103,1091,1060,1027,1004,973,952,942,932,,,,,,,,,,,,,,,,,,,,,,,,,,,,,,,
15400000,1,Jun-16,1,1,962,540,769,12,30,0,0,0,,0,933,905,900,906,886,858,821,799,793,828,900,955,931,896.5,848,823,801,743,730,697.5,693,653,641,643,616,597,583,571,567,541,,,,,,,,,,,,,,,,,,,,,,,,,,,,,,,,0
15400000,2,Jun-16,1,1,955,541,768.66669,12,30,1,1,1,,,933,905,900,906,886,858,821,799,793,828,900,955,931,897,848,823,801,743,730,698,693,653,641,643,616,597,583,571,567,541,,1,1,1,1,1,1,1,1,1,1,1,1,1,1,1,1,1,1,1,1,1,1,1,1,1,1,1,1,1,1,
15400000,1,Jul-16,1,1,586,326,465,6,31,0,0,0,,0,545,516,512,532,582,576,549,548,501,500.5,471,445,459,479,522,512,488,474,445,433,416,420,420,415,412,404,394,385,360,356,336,,,,,,,,,,,,,,,,,,,,,,,,,,,,,,,
15400000,2,Jul-16,1,1,582,336,464.7742,5,31,1,1,1,,,545,516,512,532,582,576,549,548,501,501,471,445,459,479,522,512,488,474,445,433,416,420,420,415,412,404,394,385,360,356,336,1,1,1,1,1,1,1,1,1,1,1,1,1,1,1,1,1,1,1,1,1,1,1,1,1,1,1,1,1,1,1
15400000,1,Aug-16,1,1,338,214,273,20,26,0,0,0,,0,330,320,304,297,285,299,294,269,285,277,267,245,252,260,222,226,256,282,318,332,315,290,287,267,253,217,233,249,241,244,233,,,,,,,,,,,,,,,,,,,,,,,,,,,,,,,
15400000,2,Aug-16,1,1,332,217,272.5484,20,26,1,1,1,,,330,320,304,297,285,299,294,269,285,277,267,245,252,260,222,226,256,282,318,332,315,290,287,267,253,217,233,249,241,244,233,1,1,1,1,1,1,1,1,1,1,1,1,1,1,1,1,1,1,1,1,1,1,1,1,1,1,1,1,1,1,1
15400000,2,Sep-16,1,1,287,193,235,17,5,1,1,1,,,248,223,229,212,193,220,235,256,256,254,239,237,256,252,268,264,287,262,249,241,233,227,214,216,225,220,212,215,212,195,,1,1,1,1,1,1,1,1,1,1,1,1,1,1,1,1,1,1,1,1,1,1,1,1,1,1,1,1,1,1,
15400000,1,Sep-16,1,1,287,193.41,235.091,17,5,2,2,2,,0,248.08,222.92,229.00999,212.06,193.41,220.08,235.36,256.07999,255.92,253.74001,238.72,237.2,256.29001,251.92999,268.20999,264.16,287,262.29001,249,241.14,232.96001,227.05,214.10001,216.21001,225.05,220.27,211.92999,215.39999,212.44,194.72,,2,2,2,2,2,2,2,2,2,2,2,2,2,2,2,2,2,2,2,2,2,2,2,2,2,2,2,2,2,2,
15400000,2,Oct-16,1,1,338,209,272.4194,31,1,1,1,1,,,209,216,210,209,221,240,227,248,237,242,229,265,317,282,301,277,270,273,273,271,273,283,317,314,312,307,318,333,314,319,338,1,1,1,1,1,1,1,1,1,1,1,1,1,1,1,1,1,1,1,1,1,1,1,1,1,1,1,1,1,1,1
15400000,1,Oct-16,1,1,338.23999,208.53999,272.35519,31,1,2,2,2,,0,208.53999,216.36,210.03,209.46001,220.53,239.59,227,248.14,236.69,241.96001,228.8,264.70999,316.89999,282.48999,300.53,276.60001,269.54001,272.64001,273.45001,270.82001,273.17001,282.81,316.70999,314.32001,311.60001,306.56,318.42001,332.85001,314.38,319.17001,338.23999,2,2,2,2,2,2,2,2,2,2,2,2,2,2,2,2,2,2,2,2,2,2,2,2,2,2,2,2,2,2,2
15400000,2,Nov-16,1,1,581,317,416.23331,30,17,1,1,1,,,338,337,353,435,452,460,430,404,382,389,392,382,363,357,340,320,317,331,333,364,408,471,508,504,504,502,497,507,526,581,,1,1,1,1,1,1,1,1,1,1,1,1,1,1,1,1,1,1,1,1,1,1,1,1,1,1,1,1,1,1,
15400000,1,Nov-16,1,1,580.97998,317.20001,416.26901,30,17,2,2,2,,0,338.32001,336.75,352.60001,434.85999,451.95001,460.32999,429.79999,403.60001,382.22,389.25,392.22,382.47,363.39001,356.78,340.39999,320.20001,317.20001,331.25,333.39999,364.10999,407.95999,470.51999,507.91,503.57999,503.98001,502.45001,496.54001,507.29999,525.75,580.97998,,2,2,2,2,2,2,2,2,2,2,2,2,2,2,2,2,2,2,2,2,2,2,2,2,2,2,2,2,2,2,
15400000,2,Dec-16,1,1,795,517,629.16132,31,6,1,1,1,,,565,542,539,524,537,517,521,525,563,565,550,585,636,578,608,580,674,619,640,640,704,730,706,703,676,695,706,734,762,785,795,1,1,1,1,1,1,1,1,1,1,1,1,1,1,1,1,1,1,1,1,1,1,1,1,1,1,1,1,1,1,1
15400000,1,Dec-16,1,1,806,516,629,31,6,0,0,0,,0,565,542,539,524,537,517,521,525,563,565,550,585,636,578,608,580,674,619,640,639.5,704,730,706,703,676,695,706,734,762,785,795,1,1,1,1,1,1,1,1,1,1,1,1,1,1,1,1,1,1,1,1,1,1,1,1,1,1,1,1,1,1,1
15400000,2,Jan-17,1,1,1236,798,1078.3226,14,1,1,1,1,,,798,877,942,997,999,1023,1006,1007,1005,999,1039,1122,1195,1236,1207,1231,1192,1188,1156,1160,1153,1135,1115,1095,1083,1045,1050,1062,1067,1077,1167,1,1,1,1,1,1,1,1,1,1,1,1,1,1,1,1,1,1,1,1,1,1,1,1,1,1,1,1,1,1,1
15400000,1,Jan-17,1,1,1254,794,1078,14,1,0,0,0,,0,798,877,942,997,999,1023,1006,1007,1005,999,1039,1122,1195,1236,1207,1231,1192,1188,1156,1160,1153,1135,1115,1095,1083,1045,1050,1062,1067,1077,1167,,,,,,,,,,,,,,,,,,,,,,,,,,,,,,,
15400000,1,Feb-17,1,1,1474,1056,1208,28,7,0,0,0,,0,1144,1157,1159,1143,1107,1070,1058,1079,1099,1107,1115,1156,1153,1161,1153,1147,1194,1259,1291,1299,1312,1315,1300.5,1304.5,1320,1352,1386,1470,,,,,,,,,,,,,,,,,,,,,,,,,,,,,,,,0,0,0
15400000,2,Feb-17,1,1,1470,1058,1207.5714,28,7,1,1,1,,,1144,1157,1159,1143,1107,1070,1058,1079,1099,1107,1115,1156,1153,1161,1153,1147,1194,1259,1291,1299,1312,1315,1301,1305,1320,1352,1386,1470,,,,1,1,1,1,1,1,1,1,1,1,1,1,1,1,1,1,1,1,1,1,1,1,1,1,1,1,1,1,,,
15400000,2,Mar-17,1,1,1510,1425,1467.1613,24,1,1,1,1,,,1425,1447,1459,1461,1451,1470,1477,1500,1492,1494,1473,1473,1462,1464,1457,1461,1462,1453,1443,1455,1468,1486,1503,1510,1506,1479,1460,1465,1452,1441,1433,1,1,1,1,1,1,1,1,1,1,1,1,1,1,1,1,1,1,1,1,1,1,1,1,1,1,1,1,1,1,1
15400000,1,Mar-17,1,1,1512,1422,1467,24,1,0,0,0,,0,1425,1447,1459,1461,1451,1470,1477,1500,1492,1494,1473,1473,1462,1464,1457,1461,1462,1453,1443,1455,1468,1486,1503,1510,1506,1479,1460,1465,1452,1441,1433,1,1,1,1,1,1,1,1,1,1,1,1,1,1,1,1,1,1,1,1,1,1,1,1,1,1,1,1,1,1,1
15400000,1,Apr-17,1,1,1510,1398,1457,19,25,0,0,0,,0,1433,1430,1425,1467,1464,1465,1462,1460,1460,1452,1474,1466,1465,1458,1472,1484,1504,1505,1509,1489,1476,1465,1439,1416,1409,1409,1421,1442,1444,1447,,1,1,1,1,1,1,1,1,1,1,1,1,1,1,1,1,1,1,1,1,1,1,1,1,1,1,1,1,1,1,0
15400000,2,Apr-17,1,1,1509,1409,1457.0667,19,25,1,1,1,,,1433,1430,1425,1467,1464,1465,1462,1460,1460,1452,1474,1466,1465,1458,1472,1484,1504,1505,1509,1489,1476,1465,1439,1416,1409,1409,1421,1442,1444,1447,,1,1,1,1,1,1,1,1,1,1,1,1,1,1,1,1,1,1,1,1,1,1,1,1,1,1,1,1,1,1,
15400000,1,May-17,1,1,1458,1228,1311,1,31,0,0,0,,0,1450,1432,1417,1406.5,1399,1369,1350,1317,1295,1286,1292,1272,1256,1245,1247,1258,1265,1278,1308.5,1322,1318,1305,1301,1294,1302,1323,1317,1293,1261,1233,1230,1,1,1,1,1,1,1,1,1,1,1,1,1,1,1,1,1,1,1,1,1,1,1,1,1,1,1,1,1,1,1
15400000,2,May-17,1,1,1450,1230,1311.0645,1,31,1,1,1,,,1450,1432,1417,1407,1399,1369,1350,1317,1295,1286,1292,1272,1256,1245,1247,1258,1265,1278,1309,1322,1318,1305,1301,1294,1302,1323,1317,1293,1261,1233,1230,1,1,1,1,1,1,1,1,1,1,1,1,1,1,1,1,1,1,1,1,1,1,1,1,1,1,1,1,1,1,1
15400000,1,Jun-17,1,1,1214,872,1089,1,30,0,0,0,,0,1213,1202,1198,1205,1190,1159,1153,1147,1130,1118,1100,1083,1072,1104,1140,1155,1130,1103,1077,1088,1070,1045,1018,991,995,995,983,950,915,930,,1,1,1,1,1,1,1,1,1,1,1,1,1,1,1,1,1,1,1,1,1,1,1,1,1,1,1,1,1,1,0
15400000,2,Jun-17,1,1,1213,915,1088.6333,1,29,1,1,1,,,1213,1202,1198,1205,1190,1159,1153,1147,1130,1118,1100,1083,1072,1104,1140,1155,1130,1103,1077,1088,1070,1045,1018,991,995,995,983,950,915,930,,1,1,1,1,1,1,1,1,1,1,1,1,1,1,1,1,1,1,1,1,1,1,1,1,1,1,1,1,1,1,
15400000,1,Jul-17,1,1,872.51001,481.95999,686.08771,7,31,2,2,2,,0,871.69,836.34003,833.15997,830.29999,846.07001,864.03003,872.51001,860.81,833.59998,799.08002,766.21997,733.13,715.95001,687.03003,675.10999,648.79999,647.25,642.76001,631.66998,619.78003,598.32001,561.98999,552.03998,580.34003,590.72998,582.04999,551.53003,531.82001,518.53998,504.10999,481.95999,2,2,2,2,2,2,2,2,2,2,2,2,2,2,2,2,2,2,2,2,2,2,2,2,2,2,2,2,2,2,2
15400000,2,Jul-17,1,1,873,482,686.12903,7,31,1,1,1,,,872,836,833,830,846,864,873,861,834,799,766,733,716,687,675,649,647,643,632,620,598,562,552,580,591,582,552,532,519,504,482,1,1,1,1,1,1,1,1,1,1,1,1,1,1,1,1,1,1,1,1,1,1,1,1,1,1,1,1,1,1,1
15400000,1,Aug-17,1,1,471.20001,306.73001,381.91449,1,19,2,2,2,,0,471.20001,462.70001,437.92001,436.39001,409.20999,393.89001,384.14001,375.51999,362.29001,350.41,351.70001,353.10001,346.09,347.67999,337.60001,320.51999,309.10001,308.17001,306.73001,333.14999,333.23999,332.84,367.75,444.89999,459.13,449.73999,429.38,428.07999,414.72,397.91,384.14999,2,2,2,2,2,2,2,2,2,2,2,2,2,2,2,2,2,2,2,2,2,2,2,2,2,2,2,2,2,2,2
15400000,2,Aug-17,1,1,471,307,381.93549,1,19,1,1,1,,,471,463,438,436,409,394,384,376,362,350,352,353,346,348,338,321,309,308,307,333,333,333,368,445,459,450,429,428,415,398,384,1,1,1,1,1,1,1,1,1,1,1,1,1,1,1,1,1,1,1,1,1,1,1,1,1,1,1,1,1,1,1
15400000,1,Sep-17,1,1,407.39001,257.20001,324.7077,20,16,2,2,2,,0,379.31,351.92999,350.95001,352.01999,336.89999,336.69,316.92001,310.47,298.67001,287.63,279.16,284.76999,280.20001,273.07001,268.82999,257.20001,259.42999,303.76999,404.25,407.39001,396.5,377.44,351.07001,372.84,351.92999,338.57001,330.44,305,295.60999,282.26999,,2,2,2,2,2,2,2,2,2,2,2,2,2,2,2,2,2,2,2,2,2,2,2,2,2,2,2,2,2,2,
15400000,2,Sep-17,1,1,407,257,324.70001,20,16,1,1,1,,,379,352,351,352,337,337,317,310,299,288,279,285,280,273,269,257,259,304,404,407,397,377,351,373,352,339,330,305,296,282,,1,1,1,1,1,1,1,1,1,1,1,1,1,1,1,1,1,1,1,1,1,1,1,1,1,1,1,1,1,1,
15400000,1,Oct-17,1,1,306,206,267,30,22,0,0,0,,0,268,286,273,281,278,284,301,295,276,289,271,273,265,268,272,251,235,234,220,217,210,221,271,291,275,278,261,263,269,298,297,1,1,1,1,1,1,1,1,1,1,1,1,1,1,1,1,1,1,1,1,1,1,1,1,1,1,1,1,1,1,1
15400000,2,Oct-17,1,1,301,210,266.80649,7,21,1,1,1,,,268,286,273,281,278,284,301,295,276,289,271,273,265,268,272,251,235,234,220,217,210,221,271,291,275,278,261,263,269,298,297,1,1,1,1,1,1,1,1,1,1,1,1,1,1,1,1,1,1,1,1,1,1,1,1,1,1,1,1,1,1,1
15400000,1,Nov-17,1,1,752,332,563,30,1,0,0,0,,0,338,352,350,444,474,470,491,491,503,499,491,467,498,529,576,593,645,651,661,685,667,641,625,617,627,639,676,700,733,750,,1,1,1,1,1,1,1,1,1,1,1,1,1,1,1,1,1,1,1,1,1,1,1,1,1,1,1,1,1,1,0
15400000,2,Nov-17,1,1,750,338,562.76672,30,1,1,1,1,,,338,352,350,444,474,470,491,491,503,499,491,467,498,529,576,593,645,651,661,685,667,641,625,617,627,639,676,700,733,750,,1,1,1,1,1,1,1,1,1,1,1,1,1,1,1,1,1,1,1,1,1,1,1,1,1,1,1,1,1,1,
15400000,1,Dec-17,1,1,1269.91,700.23999,917.43939,31,3,2,2,2,,0,717.57001,705.63,700.23999,709.03998,752.63,806.65997,850.96997,867.01001,859.42999,877.34998,938.92999,962.82001,945.31,933.95001,936.28998,934.70001,947.77002,947.41998,935.14001,939.81,915.83002,910.40002,914.51001,904.78998,931.96997,954.42999,965.97998,1020.69,1150.3101,1233.13,1269.91,2,2,2,2,2,2,2,2,2,2,2,2,2,2,2,2,2,2,2,2,2,2,2,2,2,2,2,2,2,2,2
15400000,2,Dec-17,1,1,1270,700,917.4516,31,3,1,1,1,,,718,706,700,709,753,807,851,867,859,877,939,963,945,934,936,935,948,947,935,940,916,910,915,905,932,954,966,1021,1150,1233,1270,1,1,1,1,1,1,1,1,1,1,1,1,1,1,1,1,1,1,1,1,1,1,1,1,1,1,1,1,1,1,1
15400000,1,Jan-18,1,1,1505.26,1223.78,1382.6639,26,7,2,2,2,,0,1299.66,1308.65,1290.45,1254.96,1246.84,1231.1899,1223.78,1233.63,1287.36,1336.5,1360.86,1373.99,1372.89,1370.6,1364.73,1372.24,1395.49,1414.64,1442.51,1463.61,1471.08,1477.23,1489.98,1489.27,1495.28,1505.26,1496.39,1478.5699,1459.1899,1438.65,1417.1,2,2,2,2,2,2,2,2,2,2,2,2,2,2,2,2,2,2,2,2,2,2,2,2,2,2,2,2,2,2,2
15400000,2,Jan-18,1,1,1505,1224,1382.7097,26,7,1,1,1,,,1300,1309,1290,1255,1247,1231,1224,1234,1287,1337,1361,1374,1373,1371,1365,1372,1395,1415,1443,1464,1471,1477,1490,1489,1495,1505,1496,1479,1459,1439,1417,1,1,1,1,1,1,1,1,1,1,1,1,1,1,1,1,1,1,1,1,1,1,1,1,1,1,1,1,1,1,1
15400000,1,Feb-18,1,1,,,,,,0,0,0,,0,1402.71,1410.89,1436.88,1457.76,1469.4,1483.09,1510.7,1530.97,1548.55,1562,1556,1551,1543,1558,1564,1574,1582,1585,1598,1604,1607,1618,1623,,,,,,,,,2,2,2,2,2,2,2,2,2,2,2,2,2,2,2,2,2,2,2,2,2,2,2,,,,,,,,
15400000,2,Feb-18,1,1,1626,1403,1553.4286,24,1,1,1,1,,,1403,1411,1437,1458,1469,1483,1511,1531,1549,1562,1556,1551,1543,1558,1564,1574,1582,1585,1598,1604,1607,1618,1623,1626,1624,1622,1626,1621,,,,1,1,1,1,1,1,1,1,1,1,1,1,1,1,1,1,1,1,1,1,1,1,1,1,1,1,1,1,,,
15400000,1,Mar-18,1,1,1664,1560,1617,27,11,0,0,0,,0,1616,1611,1613,1608,1609,1606,1611,1600,1586,1571,1561,1584,1596,1604,1616,1621,1620,1611,1607,1603,1615,1627,1633,1639,1649,1653,1663,1658,1656,1659,1628,1,1,1,1,1,1,1,1,1,1,1,1,1,1,1,1,1,1,1,1,1,1,1,1,1,1,1,1,1,1,1
15400000,2,Mar-18,1,1,1663,1561,1617.2258,27,11,1,1,1,,,1616,1611,1613,1608,1609,1606,1611,1600,1586,1571,1561,1584,1596,1604,1616,1621,1620,1611,1607,1603,1615,1627,1633,1639,1649,1653,1663,1658,1656,1659,1628,1,1,1,1,1,1,1,1,1,1,1,1,1,1,1,1,1,1,1,1,1,1,1,1,1,1,1,1,1,1,1
15400000,1,Apr-18,1,1,1672,1430,1575.7333,9,30,2,2,2,,0,1670,1659,1642,1623,1617,1610,1613,1633,1672,1649,1645,1633,1620,1611,1597,1589,1580,1566,1563,1557,1546,1549,1526,1507,1493,1483,1472,1463,1454,1430,,1,1,1,1,1,1,1,1,1,1,1,1,1,1,1,1,1,1,1,1,1,1,2,2,1,1,1,1,1,1,0
15400000,2,Apr-18,1,1,1672,1430,1575.9667,9,30,1,1,1,,,1670,1659,1642,1623,1617,1610,1613,1633,1672,1649,1645,1633,1620,1611,1597,1589,1580,1566,1563,1557,1546,1549,1530,1510,1493,1483,1472,1463,1454,1430,,1,1,1,1,1,1,1,1,1,1,1,1,1,1,1,1,1,1,1,1,1,1,1,1,1,1,1,1,1,1,
15400000,2,May-18,1,1,1424,1219,1346.3226,1,31,1,1,1,,,1424,1417,1405,1411,1406,1416,1388,1382,1380,1369,1388,1396,1423,1410,1395,1374,1364,1337,1344,1338,1323,1308,1295,1286,1281,1279,1270,1241,1238,1229,1219,1,1,1,1,1,1,1,1,1,1,1,1,1,1,1,1,1,1,1,1,1,1,1,1,1,1,1,1,1,1,1
15400000,1,May-18,1,1,1424,1219,1346.3226,1,31,1,1,1,,0,1424,1417,1405,1411,1406,1416,1388,1382,1380,1369,1388,1396,1423,1410,1395,1374,1364,1337,1344,1338,1323,1308,1295,1286,1281,1279,1270,1241,1238,1229,1219,1,1,1,1,1,1,1,1,1,1,1,1,1,1,1,1,1,1,1,1,1,1,1,1,1,1,1,1,1,1,1
15400000,2,Jun-18,1,1,1222,821,1046.2333,9,30,1,1,1,,,1203,1156,1144,1096,1099,1118,1158,1189,1222,1214,1171,1145,1121,1116,1089,1065,1051,1027,1004,980,988,964,947,939,913,883,873,852,839,821,,1,1,1,1,1,1,1,1,1,1,1,1,1,1,1,1,1,1,1,1,1,1,1,1,1,1,1,1,1,1,
15400000,1,Jun-18,1,1,1222,821,1047.2333,9,30,2,2,2,,0,1203,1156,1144,1096,1104,1118,1158,1189,1222,1214,1171,1145,1121,1116,1089,1065,1051,1024,1019,993,988,964,947,939,913,883,873,852,839,821,,1,1,1,1,2,1,1,1,1,1,1,1,1,1,1,1,1,2,2,2,1,1,1,1,1,1,1,1,1,1,0
15400000,2,Jul-18,1,1,822,420,625.93549,4,28,1,1,1,,,796,770,803,822,800,782,747,736,730,754,733,705,693,668,651,628,623,590,577,555,536,526,509,481,462,451,449,420,455,476,476,1,1,1,1,1,1,1,1,1,1,1,1,1,1,1,1,1,1,1,1,1,1,1,1,1,1,1,1,1,1,1
15400000,1,Jul-18,1,1,822,420,625.48389,4,28,2,2,2,,0,783,769,803,822,800,782,747,736,730,754,733,705,693,668,651,628,623,590,577,555,536,526,509,481,462,451,449,420,455,476,476,2,2,1,1,1,1,1,1,1,1,1,1,1,1,1,1,1,1,1,1,1,1,1,1,1,1,1,1,1,1,1
15400000,2,Aug-18,1,1,499,367,420.16129,13,8,1,1,1,,,439,439,423,411,395,385,372,367,373,379,456,477,499,487,474,462,445,408,425,427,411,398,397,405,402,407,395,418,420,422,407,1,1,1,1,1,1,1,1,1,1,1,1,1,1,1,1,1,1,1,1,1,1,1,1,1,1,1,1,1,1,1
15400000,1,Aug-18,1,1,502,358,420,13,8,0,0,0,,0,439,439,423,411,395,385,372,367,373,379,456,477,499,487,474,462,445,408,425,427,411,398,397,405,401.5,407,395,418,420,422,407,1,1,1,1,1,1,1,1,1,1,1,1,1,1,1,1,1,1,1,1,1,1,1,1,1,1,1,1,1,1,1
15400000,2,Sep-18,1,1,411,250,321.06671,1,24,1,1,1,,,411,400,402,398,379,368,348,331,333,330,318,329,322,303,303,299,286,291,272,277,255,269,263,250,289,318,340,332,297,319,,1,1,1,1,1,1,1,1,1,1,1,1,1,1,1,1,1,1,1,1,1,1,1,1,1,1,1,1,1,1,
15400000,1,Sep-18,1,1,420,248,321,1,24,0,0,0,,0,411,400,401.5,397.5,379,368,348,331,333,330,318,329,322,303,303,299,286,291,272,277,255,269,263,250,289,318,340,332,297,319,,1,1,1,1,1,1,1,1,1,1,1,1,1,1,1,1,1,1,1,1,1,1,1,1,1,1,1,1,1,1,0
15400000,2,Oct-18,1,1,584,249,357.61292,31,8,1,1,1,,,286,303,282,270,272,288,251,249,277,264,254,273,283,296,339,388,392,375,377,357,382,445,462,445,444,431,430,437,461,489,584,1,1,1,1,1,1,1,1,1,1,1,1,1,1,1,1,1,1,1,1,1,1,1,1,1,1,1,1,1,1,1
15400000,1,Oct-18,1,1,602,248,358,31,8,0,0,0,,0,286,303,282,270,272,288,251,249,277,264,254,273,283,296,339,388,391.5,375,377,357,382,445,462,445,444,431,430,437,461,489,584,1,1,1,1,1,1,1,1,1,1,1,1,1,1,1,1,1,1,1,1,1,1,1,1,1,1,1,1,1,1,1
15400000,1,Nov-18,1,1,1120,592,764,30,9,0,0,0,,0,657,677,677,661,634,626,614,597,601,597,622,622,667,720,762,757,754,739,722,708,774,824,858,893,952,951,972,1045,1104,1119,,1,1,1,1,1,1,1,1,1,1,1,1,1,1,1,1,1,1,1,1,1,1,1,1,1,1,1,1,1,1,0
15400000,2,Nov-18,1,1,1119,597,763.53333,30,8,1,1,1,,,657,677,677,661,634,626,614,597,601,597,622,622,667,720,762,757,754,739,722,708,774,824,858,893,952,951,972,1045,1104,1119,,1,1,1,1,1,1,1,1,1,1,1,1,1,1,1,1,1,1,1,1,1,1,1,1,1,1,1,1,1,1,
15400000,1,Dec-18,1,1,1392,1126,1252,31,1,0,0,0,,0,1128,1141,1184,1200,1177,1189,1249,1264,1288,1284,1277,1269,1249,1219,1203,1184,1169,1152,1167,1183,1179,1199,1313,1337,1372,1354,1367,1388,1386,1379,1377,1,1,1,1,1,1,1,1,1,1,1,1,1,1,1,1,1,1,1,1,1,1,1,1,1,1,1,1,1,1,1
15400000,2,Dec-18,1,1,1388,1128,1252.4839,28,1,1,1,1,,,1128,1141,1184,1200,1177,1189,1249,1264,1288,1284,1277,1269,1249,1219,1203,1184,1169,1152,1167,1183,1179,1199,1313,1337,1372,1354,1367,1388,1386,1379,1377,1,1,1,1,1,1,1,1,1,1,1,1,1,1,1,1,1,1,1,1,1,1,1,1,1,1,1,1,1,1,1
15400000,1,Jan-19,1,1,1466,1326,1413,23,8,0,0,0,,0,1418,1389,1369,1364,1370,1341,1331,1331,1355,1368,1382,1384,1389,1413,1421,1428,1436,1443,1449,1453,1457,1461,1465,1451,1438,1428,1440,1449,1456,1463,1463,1,1,1,1,1,1,1,1,1,1,1,1,1,1,1,1,1,1,1,1,1,1,1,1,1,1,1,1,1,1,1
15400000,2,Jan-19,1,1,1465,1331,1413.0645,23,7,1,1,1,,,1418,1389,1369,1364,1370,1341,1331,1331,1355,1368,1382,1384,1389,1413,1421,1428,1436,1443,1449,1453,1457,1461,1465,1451,1438,1428,1440,1449,1456,1463,1463,1,1,1,1,1,1,1,1,1,1,1,1,1,1,1,1,1,1,1,1,1,1,1,1,1,1,1,1,1,1,1
15400000,2,Feb-19,1,1,1686,1474,1614.0356,25,2,1,1,1,,,1482,1474,1505,1514,1543,1560,1587,1601,1607,1613,1641,1650,1640,1630,1624,1618,1620,1621,1626,1636,1664,1677,1679,1683,1686,1683,1650,1679,,,,1,1,1,1,1,1,1,1,1,1,1,1,1,1,1,1,1,1,1,1,1,1,1,1,1,1,1,1,,,
15400000,1,Feb-19,1,1,1688,1465,1614,25,2,0,0,0,,0,1482,1474,1505,1514,1542.5,1560,1587,1601,1606.5,1613,1640.5,1650,1640,1629.5,1624,1618,1619.5,1620.5,1626,1635.5,1663.5,1676.5,1678.5,1683,1686,1683,1650,1678.5,,,,1,1,1,1,1,1,1,1,1,1,1,1,1,1,1,1,1,1,1,1,1,1,1,1,1,1,1,1,0,0,0
15400000,2,Mar-19,1,1,1728,1655,1693.4517,8,24,1,1,1,,,1689,1706,1718,1721,1720,1722,1723,1728,1723,1725,1722,1720,1714,1703,1694,1690,1694,1686,1685,1670,1673,1671,1666,1655,1657,1661,1656,1668,1679,1680,1678,1,1,1,1,1,1,1,1,1,1,1,1,1,1,1,1,1,1,1,1,1,1,1,1,1,1,1,1,1,1,1
15400000,1,Mar-19,1,1,1730,1642,1693,7,24,0,0,0,,0,1689,1706,1718,1720.5,1720,1722,1723,1728,1723,1725,1722,1720,1714,1702.5,1694,1690,1694,1686,1685,1670,1673,1670.5,1666,1655,1657,1661,1656,1668,1679,1679.5,1677.5,1,1,1,1,1,1,1,1,1,1,1,1,1,1,1,1,1,1,1,1,1,1,1,1,1,1,1,1,1,1,1
15400000,1,Apr-19,1,1,1685,1436,1575,4,28,0,0,0,,0,1672,1675,1677,1682.5,1675,1662,1660,1649,1651,1659.5,1661.5,1664.5,1657,1645.5,1617.5,1592.5,1565.5,1551.5,1525,1500,1495.5,1475,1466.5,1469.5,1464,1447.5,1438,1439.5,1444.5,1458,,1,1,1,1,1,1,1,1,1,1,1,1,1,1,1,1,1,1,1,1,1,1,1,1,1,1,1,1,1,1,0
15400000,2,Apr-19,1,1,1683,1438,1574.9667,4,27,1,1,1,,,1672,1675,1677,1683,1675,1662,1660,1649,1651,1660,1662,1665,1657,1646,1618,1593,1566,1552,1525,1500,1496,1475,1467,1470,1464,1448,1438,1440,1445,1458,,1,1,1,1,1,1,1,1,1,1,1,1,1,1,1,1,1,1,1,1,1,1,1,1,1,1,1,1,1,1,
15400000,2,May-19,1,1,1477,1239,1393.3549,5,29,1,1,1,,,1469,1470,1473,1472,1477,1473,1458,1447,1433,1423,1432,1438,1429,1405,1385,1389,1403,1427,1434,1427,1408,1380,1350,1331,1332,1312,1272,1242,1239,1276,1288,1,1,1,1,1,1,1,1,1,1,1,1,1,1,1,1,1,1,1,1,1,1,1,1,1,1,1,1,1,1,1
15400000,1,May-19,1,1,1478,1228,1393,5,28,0,0,0,,0,1469,1470,1473,1471.5,1476.5,1473,1458,1447,1433,1423,1431.5,1437.5,1428.5,1405,1385,1389,1402.5,1427,1433.5,1427,1408,1380,1350,1331,1332,1312,1271.5,1242,1239,1276,1288,1,1,1,1,1,1,1,1,1,1,1,1,1,1,1,1,1,1,1,1,1,1,1,1,1,1,1,1,1,1,1
15400000,1,Jun-19,1,1,1298,924,1142,2,30,0,0,0,,0,1283.5,1274,1241,1221,1202,1206,1189.5,1194,1222,1206,1212,1202.5,1194,1178.5,1138.5,1145.5,1135,1139.5,1091.5,1072,1121,1137,1110.5,1073.5,1066,1040,1029,1015,980,930.5,,,,,,,,1,,,,,,,,,,,,,,,,,,,,,,1,1,0
15400000,2,Jun-19,1,1,1284,931,1141.8667,1,30,1,1,1,,,1284,1274,1241,1221,1202,1206,1190,1194,1222,1206,1212,1203,1194,1179,1139,1146,1135,1140,1092,1072,1121,1137,1111,1074,1066,1040,1029,1015,980,931,,1,1,1,1,1,1,1,1,1,1,1,1,1,1,1,1,1,1,1,1,1,1,1,1,1,1,1,1,1,1,
15400000,2,Jul-19,1,1,901,524,709.29028,1,30,1,1,1,,,901,866,851,847,836,825,805,786,810,833,857,832,805,774,741,724,680,639,626,614,587,593,634,627,623,593,560,543,528,524,524,1,1,1,1,1,1,1,1,1,1,1,1,1,1,1,1,1,1,1,1,1,1,1,1,1,1,1,1,1,1,1
15400000,1,Jul-19,1,1,901,524,708.77417,1,30,2,2,2,,0,901,866,851,847,836,825,805,786,768,826,857,832,805,774,741,724,691,658,637,619,599,589,625,627,611,593,560,543,528,524,524,,,,,,,,,2,2,,,,,,,2,2,2,2,2,2,2,,2,,,,,,
15400000,2,Aug-19,1,1,548,315,418.3226,2,28,1,1,1,,,533,548,546,536,545,528,517,454,459,454,454,456,440,434,426,403,406,384,360,353,350,356,360,353,352,338,336,315,326,327,319,1,1,1,1,1,1,1,1,1,1,1,1,1,1,1,1,1,1,1,1,1,1,1,1,1,1,1,1,1,1,1
15400000,1,Aug-19,1,1,548,315,429.96771,2,28,2,2,2,,0,533,548,546,536,545,528,517,498,499,480,479,476,464,458,451,431,425,405,385,374,369,356,360,353,352,338,336,315,326,327,319,1,1,1,1,1,1,1,2,2,2,2,2,2,2,2,2,2,2,2,2,2,1,1,1,1,1,1,1,1,1,1
15400000,2,Sep-19,1,1,303,220,252.53329,1,30,1,1,1,,,303,296,289,282,276,269,262,257,249,247,237,239,238,221,238,230,228,228,232,231,243,251,286,281,263,267,243,237,233,220,,1,1,1,1,1,1,1,1,1,1,1,1,1,1,1,1,1,1,1,1,1,1,1,1,1,1,1,1,1,1,
15400000,1,Sep-19,1,1,303,220,252.23331,1,30,2,2,2,,0,303,293,282,278,277,273,262,257,249,247,237,239,238,221,238,230,228,228,232,231,243,251,286,281,263,267,243,237,233,220,,1,2,2,2,2,2,1,1,1,1,1,1,1,1,1,1,1,1,1,1,1,1,1,1,1,1,1,1,1,1,0
15400000,2,Oct-19,1,1,487,228,352.16129,14,3,1,1,1,,,261,229,228,229,239,236,246,239,234,235,309,422,471,487,466,447,411,386,368,351,327,335,335,343,382,424,445,457,482,450,443,1,1,1,1,1,1,1,1,1,1,1,1,1,1,1,1,1,1,1,1,1,1,1,1,1,1,1,1,1,1,1
15400000,1,Oct-19,1,1,496,225,352,14,2,0,0,0,,0,260.5,229,228,229,239,235.5,246,239,234,235,308.5,422,470.5,487,466,447,411,385.5,367.5,351,327,335,335,343,381.5,424,445,457,482,450,442.5,1,1,1,1,1,1,1,1,1,1,1,1,1,1,1,1,1,1,1,1,1,1,1,1,1,1,1,1,1,1,1
15400000,2,Nov-19,1,1,749,345,512.20001,21,9,1,1,1,,,444,411,391,392,372,363,348,350,345,353,357,366,363,413,452,500,569,619,621,690,749,749,724,683,653,644,619,613,615,598,,1,1,1,1,1,1,1,1,1,1,1,1,1,1,1,1,1,1,1,1,1,1,1,1,1,1,1,1,1,1,
15400000,1,Nov-19,1,1,749,345,512.03333,21,9,1,1,1,,0,443.5,411,390.5,392,371.5,363,347.5,349.5,345,353,357,366,362.5,413,451.5,499.5,569,619,621,690,749,749,723.5,683,653,644,619,612.5,615,598,,1,1,1,1,1,1,1,1,1,1,1,1,1,1,1,1,1,1,1,1,1,1,1,1,1,1,1,1,1,1,0
15400000,2,Dec-19,1,1,1275,598,975.48389,30,1,1,1,1,,,598,599,670,721,743,725,708,735,763,777,809,855,968,1002,1002,1041,1060,1084,1082,1074,1069,1112,1159,1177,1194,1204,1241,1263,1266,1275,1264,1,1,1,1,1,1,1,1,1,1,1,1,1,1,1,1,1,1,1,1,1,1,1,1,1,1,1,1,1,1,1
15400000,1,Dec-19,1,1,1275,598,975.33868,30,1,1,1,1,,0,598,599,670,721,743,725,708,735,763,777,808.5,855,968,1002,1001.5,1041,1060,1083.5,1082,1073.5,1068.5,1112,1159,1177,1194,1203.5,1240.5,1263,1265.5,1275,1263.5,1,1,1,1,1,1,1,1,1,1,1,1,1,1,1,1,1,1,1,1,1,1,1,1,1,1,1,1,1,1,1
15400000,2,Jan-20,1,1,1437,1279,1355.7742,13,31,1,1,1,,,1284,1292,1315,1338,1383,1378,1393,1407,1413,1427,1430,1423,1437,1432,1413,1394,1375,1364,1366,1350,1338,1327,1349,1330,1312,1300,1290,1286,1308,1296,1279,1,1,1,1,1,1,1,1,1,1,1,1,1,1,1,1,1,1,1,1,1,1,1,1,1,1,1,1,1,1,1
15400000,1,Jan-20,1,1,1437,1278.5,1355.5,13,31,1,1,1,,0,1284,1292,1315,1338,1383,1377.5,1393,1406.5,1413,1426.5,1429.5,1423,1437,1431.5,1413,1393.5,1374.5,1363.5,1366,1349.5,1337.5,1326.5,1348.5,1329.5,1312,1300,1290,1285.5,1307.5,1295.5,1278.5,1,1,1,1,1,1,1,1,1,1,1,1,1,1,1,1,1,1,1,1,1,1,1,1,1,1,1,1,1,1,1
15400000,1,Feb-20,1,1,1585,1259,1468,29,3,3,3,3,,0,1264,1268,1263,1268.5,1276.5,1333,1382,1416.5,1450,1463,1483.5,1503,1526.5,1529.5,1524,1540,1526,1528.5,1535,1535.5,1531,1532.5,1535,1545,1550.5,1544.5,1562.5,1574,1580.5,,,1,1,1,1,1,1,1,1,1,1,1,1,1,1,1,3,1,1,1,1,1,1,1,1,1,1,1,1,1,0,0
15400000,2,Feb-20,1,1,1581,1263,1468.2069,29,3,1,1,1,,,1264,1268,1263,1269,1277,1333,1382,1417,1450,1463,1484,1503,1527,1530,1524,1540,1526,1529,1535,1536,1531,1533,1535,1545,1551,1545,1563,1574,1581,,,1,1,1,1,1,1,1,1,1,1,1,1,1,1,1,1,1,1,1,1,1,1,1,1,1,1,1,1,1,,
15400000,1,Mar-20,1,1,1590.5,1340.5,1459.4517,1,20,1,1,1,,0,1590.5,1584,1585.5,1585.5,1580,1566.5,1555,1542.5,1524,1494,1479,1451.5,1429,1412,1390.5,1377,1366,1352.5,1344.5,1340.5,1342,1382.5,1387,1390,1397.5,1428.5,1462,1490.5,1487,1468,1458,1,1,1,1,1,1,1,1,1,1,1,1,1,1,1,1,1,1,1,1,1,1,1,1,1,1,1,1,1,1,1
15400000,2,Mar-20,1,1,1591,1341,1459.6774,1,20,1,1,1,,,1591,1584,1586,1586,1580,1567,1555,1543,1524,1494,1479,1452,1429,1412,1391,1377,1366,1353,1345,1341,1342,1383,1387,1390,1398,1429,1462,1491,1487,1468,1458,1,1,1,1,1,1,1,1,1,1,1,1,1,1,1,1,1,1,1,1,1,1,1,1,1,1,1,1,1,1,1
15400000,1,Apr-20,1,1,1525.5,1186,1413.3833,5,30,1,1,1,,0,1469.5,1495.5,1512,1520.5,1525.5,1515,1502.5,1492.5,1481,1456,1442.5,1448,1455,1465.5,1464.5,1464,1429.5,1409.5,1410.5,1421.5,1419.5,1406,1380.5,1343,1315,1275,1256,1232.5,1207.5,1186,,1,1,1,1,1,1,1,1,1,1,1,1,1,1,1,1,1,1,1,1,1,1,1,1,1,1,1,1,1,1,0
15400000,2,Apr-20,1,1,1526,1186,1413.6667,5,30,1,1,1,,,1470,1496,1512,1521,1526,1515,1503,1493,1481,1456,1443,1448,1455,1466,1465,1464,1430,1410,1411,1422,1420,1406,1381,1343,1315,1275,1256,1233,1208,1186,,1,1,1,1,1,1,1,1,1,1,1,1,1,1,1,1,1,1,1,1,1,1,1,1,1,1,1,1,1,1,
15400000,1,May-20,1,1,1208,922.5,1091.7258,4,31,1,1,1,,0,1185,1194,1194.5,1208,1194,1188.5,1167,1167.5,1171.5,1147,1126.5,1130,1128.5,1134,1118.5,1106.5,1061,1052,1070,1087,1092,1084,1068,1041.5,1012.5,988,962.5,963.5,952,926,922.5,1,1,1,1,1,1,1,1,1,1,1,1,1,1,1,1,1,1,1,1,1,1,1,1,1,1,1,1,1,1,1
15400000,2,May-20,1,1,1208,923,1091.9355,4,31,1,1,1,,,1185,1194,1195,1208,1194,1189,1167,1168,1172,1147,1127,1130,1129,1134,1119,1107,1061,1052,1070,1087,1092,1084,1068,1042,1013,988,963,964,952,926,923,1,1,1,1,1,1,1,1,1,1,1,1,1,1,1,1,1,1,1,1,1,1,1,1,1,1,1,1,1,1,1
15400000,1,Jun-20,1,1,911,642,755.26672,1,25,1,1,1,,0,911,886,871,832.5,806.5,789.5,768,756,771,769,765,759.5,742.5,758,747,775,775.5,755.5,720,699,690.5,693,667.5,652,642,665,738.5,775,753,724,,,,,,,,,,,,,,,,,,,,,,,,,,,,,,,,0
15400000,2,Jun-20,1,1,911,642,755.43329,1,25,1,1,1,,,911,886,871,833,807,790,768,756,771,769,765,760,743,758,747,775,776,756,720,699,691,693,668,652,642,665,739,775,753,724,,1,1,1,1,1,1,1,1,1,1,1,1,1,1,1,1,1,1,1,1,1,1,1,1,1,1,1,1,1,1,
15400000,1,Jul-20,1,1,769,447,598.37097,3,29,1,1,1,,0,720,751.5,769,742.5,718.5,689.5,651.5,633,633,606.5,590,550.5,555,636.5,686,673.5,643.5,615.5,575,564,569,556,561,539.5,514,499.5,480,463,447,452,464,,,,,,,,,,,,,,,,,,,,,,,,,,,,,,,
15400000,2,Jul-20,1,1,769,447,598.58063,3,29,1,1,1,,,720,752,769,743,719,690,652,633,633,607,590,551,555,637,686,674,644,616,575,564,569,556,561,540,514,500,480,463,447,452,464,1,1,1,1,1,1,1,1,1,1,1,1,1,1,1,1,1,1,1,1,1,1,1,1,1,1,1,1,1,1,1
15400000,1,Aug-20,1,1,479,274,366,3,21,0,0,0,,0,465.5,463,467,455,430.5,424,410.5,400,379,409.5,374,359.5,341,328,309,307.5,298,288.5,290.5,285,281,287.5,304,316.5,311,292,337,388,430.5,449,450,,,,,,,,,,,,,,,,,,,,,,,,,,,,,,,
15400000,2,Aug-20,1,1,467,281,365.70969,3,21,1,1,1,,,466,463,467,455,431,424,411,400,379,410,374,360,341,328,309,308,298,289,291,285,281,288,304,317,311,292,337,388,431,449,450,1,1,1,1,1,1,1,1,1,1,1,1,1,1,1,1,1,1,1,1,1,1,1,1,1,1,1,1,1,1,1
15400000,1,Sep-20,1,1,454,237.5,314.68329,1,25,1,1,1,,0,454,441,434,413,398,387.5,385.5,358,343,330.5,333,311,303.5,295.5,288.5,295.5,294,290,284,284.5,271,276.5,253.5,242.5,237.5,257.5,247,244.5,245,241.5,,,,,,,,,,,,,,,,,,,,,,,,,,,,,,,,0
15400000,2,Sep-20,1,1,454,238,314.93329,1,25,1,1,1,,,454,441,434,413,398,388,386,358,343,331,333,311,304,296,289,296,294,290,284,285,271,277,254,243,238,258,247,245,245,242,,1,1,1,1,1,1,1,1,1,1,1,1,1,1,1,1,1,1,1,1,1,1,1,1,1,1,1,1,1,1,
15400000,1,Oct-20,1,1,260,136,192,1,21,0,0,0,,0,252,248,249.5,228.5,239,214.5,221,228.5,234,216,202.5,198,191,195,197,197.5,181,146,160.5,176.5,146.5,161,157,154,151.5,151.5,156,158,159.5,180.5,197,1,1,1,1,1,1,1,1,1,1,1,1,1,1,1,1,1,1,1,1,1,1,1,1,1,1,1,1,1,1,1
15400000,2,Oct-20,1,1,252,146,192.0968,1,18,1,1,1,,,252,248,250,229,239,215,221,229,234,216,203,198,191,195,197,198,181,146,161,177,147,161,157,154,152,152,156,158,160,181,197,1,1,1,1,1,1,1,1,1,1,1,1,1,1,1,1,1,1,1,1,1,1,1,1,1,1,1,1,1,1,1
15400000,1,Nov-20,1,1,404,162,270,27,18,2,2,2,,0,174,193,183,182,196,237,316,343,328,325,289,265,242,214,192,187,188,162,173,201,256,331,316,330,376,390,404,380,359,353,,1,1,1,1,1,1,1,1,1,1,1,1,1,1,1,1,1,1,1,1,1,1,1,1,1,2,2,1,1,1,0
15400000,2,Nov-20,1,1,404,162,269.5,27,18,1,1,1,,,174,193,183,182,196,237,316,343,328,325,289,265,242,214,192,187,188,162,173,201,256,331,316,330,376,390,404,380,359,353,,1,1,1,1,1,1,1,1,1,1,1,1,1,1,1,1,1,1,1,1,1,1,1,1,1,1,1,1,1,1,
15400000,1,Dec-20,1,1,916,309.5,632.43549,30,5,1,1,1,,0,337,332.5,326,316,309.5,318.5,349,362.5,376.5,483,620,677.5,681.5,739,811,813,782,751,754,751,743.5,718,697,694,702.5,726,832,886,904,916,896,1,1,1,1,1,1,1,1,1,1,1,1,1,1,1,1,1,1,1,1,1,1,1,1,1,1,1,1,1,1,1
15400000,2,Dec-20,1,1,916,310,632.58063,30,5,1,1,1,,,337,333,326,316,310,319,349,363,377,483,620,678,682,739,811,813,782,751,754,751,744,718,697,694,703,726,832,886,904,916,896,1,1,1,1,1,1,1,1,1,1,1,1,1,1,1,1,1,1,1,1,1,1,1,1,1,1,1,1,1,1,1
15400000,1,Jan-21,1,1,1380,884,1183,24,1,0,0,0,,0,885.5,905.5,947.5,995,1012.5,1047,1041.5,1033,1034.5,1105,1130,1183,1219.5,1258.5,1250.5,1246,1210,1212.5,1243,1263,1287.5,1320.5,1343,1370,1361,1331.5,1307,1281,1276.5,1278.5,1295,,,,,,,,,,,,,,,,,,,,,,,,,,,,,,,
15400000,2,Jan-21,1,1,1370,886,1183.2903,24,1,1,1,1,,,886,906,948,995,1013,1047,1042,1033,1035,1105,1130,1183,1220,1259,1251,1246,1210,1213,1243,1263,1288,1321,1343,1370,1361,1332,1307,1281,1277,1279,1295,1,1,1,1,1,1,1,1,1,1,1,1,1,1,1,1,1,1,1,1,1,1,1,1,1,1,1,1,1,1,1
15400000,1,Feb-21,1,1,1622,1304,1469.1072,28,1,1,1,1,,0,1311.5,1368,1408.5,1398,1383.5,1371.5,1352.5,1361,1368.5,1385.5,1402.5,1415,1430.5,1422.5,1434,1474,1511.5,1537.5,1549,1556,1567,1568,1573,1579,1584,1593,1609,1621,,,,1,1,1,1,1,1,1,1,1,1,1,1,1,1,1,1,1,1,1,1,1,1,1,1,1,1,1,1,0,0,0
15400000,2,Feb-21,1,1,1621,1312,1469.3214,28,1,1,1,1,,,1312,1368,1409,1398,1384,1372,1353,1361,1369,1386,1403,1415,1431,1423,1434,1474,1512,1538,1549,1556,1567,1568,1573,1579,1584,1593,1609,1621,,,,1,1,1,1,1,1,1,1,1,1,1,1,1,1,1,1,1,1,1,1,1,1,1,1,1,1,1,1,,,
15400000,1,Mar-21,1,1,1666,1454,1557.2097,4,22,1,1,1,,0,1624,1656,1664.5,1666,1656,1622,1599,1576.5,1541.5,1541,1551,1563,1567,1574,1567,1541,1513.5,1487,1476,1473.5,1463,1454,1460,1479,1519,1547,1559,1579,1587.5,1584,1582.5,1,1,1,1,1,1,1,1,1,1,1,1,1,1,1,1,1,1,1,1,1,1,1,1,1,1,1,1,1,1,1
15400000,2,Mar-21,1,1,1666,1454,1557.3226,4,22,1,1,1,,,1624,1656,1665,1666,1656,1622,1599,1577,1542,1541,1551,1563,1567,1574,1567,1541,1514,1487,1476,1474,1463,1454,1460,1479,1519,1547,1559,1579,1588,1584,1583,1,1,1,1,1,1,1,1,1,1,1,1,1,1,1,1,1,1,1,1,1,1,1,1,1,1,1,1,1,1,1
15400000,1,Apr-21,1,1,1616,1462,1560,7,29,0,0,0,,0,1578,1581,1588,1582,1591.5,1604,1613,1610.5,1609,1601,1600,1593,1578,1572,1567.5,1576,1575,1572.5,1571,1553,1530,1523,1521,1520,1522,1519,1511,1496.5,1473,1470,,,,,,,,,,,,,,,,,,,,,,,,,,,,,,,,0
15400000,2,Apr-21,1,1,1613,1470,1560.1333,7,30,1,1,1,,,1578,1581,1588,1582,1592,1604,1613,1611,1609,1601,1600,1593,1578,1572,1568,1576,1575,1573,1571,1553,1530,1523,1521,1520,1522,1519,1511,1497,1473,1470,,1,1,1,1,1,1,1,1,1,1,1,1,1,1,1,1,1,1,1,1,1,1,1,1,1,1,1,1,1,1,
15400000,2,May-21,1,1,1475,1126,1263.4517,2,28,1,1,1,,,1473,1475,1465,1441,1405,1392,1366,1344,1322,1307,1304,1292,1301,1283,1272,1247,1232,1217,1191,1183,1168,1149,1157,1146,1143,1138,1128,1126,1158,1178,1164,1,1,1,1,1,1,1,1,1,1,1,1,1,1,1,1,1,1,1,1,1,1,1,1,1,1,1,1,1,1,1
15400000,1,May-21,1,1,1475,1126,1263.4517,2,28,1,1,1,,0,1473,1475,1465,1441,1405,1392,1366,1344,1322,1307,1304,1292,1301,1283,1272,1247,1232,1217,1191,1183,1168,1149,1157,1146,1143,1138,1128,1126,1158,1178,1164,1,1,1,1,1,1,1,1,1,1,1,1,1,1,1,1,1,1,1,1,1,1,1,1,1,1,1,1,1,1,1
15400000,1,Jun-21,1,1,1216,763,1037.5667,17,30,1,1,1,,0,1141.5,1133,1103.5,1081,1064,1059,1062.5,1070,1052.5,1030.5,1024,1040,1058.5,1091.5,1142.5,1199.5,1216,1213,1150,1085.5,1050,1022,985.5,953,929,901.5,872,857,776,763,,1,1,1,1,1,1,1,1,1,1,1,1,1,1,1,1,1,1,1,1,1,1,1,1,1,1,1,1,1,1,0
15400000,2,Jun-21,1,1,1216,763,1037.7667,17,30,1,1,1,,,1142,1133,1104,1081,1064,1059,1063,1070,1053,1031,1024,1040,1059,1092,1143,1200,1216,1213,1150,1086,1050,1022,986,953,929,902,872,857,776,763,,1,1,1,1,1,1,1,1,1,1,1,1,1,1,1,1,1,1,1,1,1,1,1,1,1,1,1,1,1,1,
15400000,1,Jul-21,1,1,904,482.5,658.66132,3,31,1,1,1,,0,806.5,886,904,888,882,850,815,776,750,722.5,712.5,700,639,616.5,604.5,577.5,570.5,555,550.5,534,514.5,506.5,532,623,625,610.5,578.5,558,537,511,482.5,1,1,1,1,1,1,1,1,1,1,1,1,1,1,1,1,1,1,1,1,1,1,1,1,1,1,1,1,1,1,1
15400000,2,Jul-21,1,1,904,483,658.87097,3,31,1,1,1,,,807,886,904,888,882,850,815,776,750,723,713,700,639,617,605,578,571,555,551,534,515,507,532,623,625,611,579,558,537,511,483,1,1,1,1,1,1,1,1,1,1,1,1,1,1,1,1,1,1,1,1,1,1,1,1,1,1,1,1,1,1,1
15400000,2,Aug-21,1,3,467,216,322.70969,1,29,1,1,1,,,467,439,433,403,412,415,399,386,375,363,360,339,326,318,315,328,321,297,286,287,290,276,266,266,255,253,250,228,216,217,218,1,1,1,1,1,1,1,1,1,1,1,1,1,1,1,1,1,1,1,1,1,1,1,1,1,1,1,1,1,1,1
15400000,1,Aug-21,1,1,466,205,314,1,31,0,0,0,,0,459.5,430.5,425,393.5,405,406,387,375,366,352.5,353,332.5,320,311,307,323,313,288,281,275.5,280,266,256,256.5,246,247,241.5,221.5,209.5,209,208.5,1,1,1,1,1,1,1,1,1,1,1,1,1,1,1,1,1,1,1,1,1,1,1,1,1,1,1,1,1,1,1
15400000,1,Sep-21,1,1,278,191,234.78329,20,4,1,1,1,,0,200.5,191.5,206,191,212.5,198,211,224,226,251.5,245.5,244.5,251,244,228,231,228,227,255.5,278,273,255,274.5,235,249,258.5,250,240.5,238,225.5,,1,1,1,1,1,1,1,1,1,1,1,1,1,1,1,1,1,1,1,1,1,1,1,1,1,1,1,1,1,1,0
15400000,2,Sep-21,1,1,278,191,234.96671,20,4,1,1,1,,,201,192,206,191,213,198,211,224,226,252,246,245,251,244,228,231,228,227,256,278,273,255,275,235,249,259,250,241,238,226,,1,1,1,1,1,1,1,1,1,1,1,1,1,1,1,1,1,1,1,1,1,1,1,1,1,1,1,1,1,1,
15400000,1,Oct-21,1,1,342,162,226,29,15,0,0,0,,0,219,216.5,209,211,197.5,219.5,221,227,221,228.5,189,180,173,171,167,176,187,181.5,193.5,205,200,202,239.5,235,268,294,304,309.5,327,322,315,1,1,1,1,1,1,1,1,1,1,1,1,1,1,1,1,1,1,1,1,1,1,1,1,1,1,1,1,1,1,1
15400000,2,Oct-21,1,1,327,167,226.2258,29,15,1,1,1,,,219,217,209,211,198,220,221,227,221,229,189,180,173,171,167,176,187,182,194,205,200,202,240,235,268,294,304,310,327,322,315,1,1,1,1,1,1,1,1,1,1,1,1,1,1,1,1,1,1,1,1,1,1,1,1,1,1,1,1,1,1,1
15400000,1,Nov-21,1,1,691,302,457.64999,30,1,1,1,1,,0,302,310.5,314,311,323.5,320.5,332.5,332.5,325,317,333.5,317.5,334.5,401.5,452,446.5,451.5,449.5,479.5,493.5,507.5,576,605,643,660,653,675.5,684.5,686,691,,1,1,1,1,1,1,1,1,1,1,1,1,1,1,1,1,1,1,1,1,1,1,1,1,1,1,1,1,1,1,0
15400000,2,Nov-21,1,3,692,311,459.23331,29,12,1,1,1,,,312,319,323,329,333,327,334,333,325,312,326,311,334,401,438,433,436,442,483,498,514,577,617,652,665,661,674,684,692,692,,1,1,1,1,1,1,1,1,1,1,1,1,1,1,1,1,1,1,1,1,1,1,1,1,1,1,1,1,1,1,
15400000,2,Dec-21,1,3,1197,688,979.12903,31,1,1,1,1,,,688,722,780,826,889,912,915,919,917,907,913,956,981,991,995,995,1001,1004,996,977,991,1027,1053,1062,1070,1075,1107,1136,1170,1181,1197,1,1,1,1,1,1,1,1,1,1,1,1,1,1,1,1,1,1,1,1,1,1,1,1,1,1,1,1,1,1,1
15400000,1,Dec-21,1,1,1194,685,975.93549,31,1,1,1,1,,0,685,720,782,831,882,911,907,915,959,903,903,948,977,989,988,988,995,1002,991,969,985,1024,1052,1053,1059,1067,1104,1131,1166,1174,1194,1,1,1,1,1,1,1,1,1,1,1,1,1,1,1,1,1,1,1,1,1,1,1,1,1,1,1,1,1,1,1
15400000,1,Jan-22,1,1,1214,954,1064,1,23,0,0,0,,0,1206,1193,1175.5,1153,1133,1113.5,1082.5,1058.5,1062,1084.5,1086.5,1093.5,1073,1032,1049,1005,988,980,967.5,979.5,967,963,958,980,1012.5,1014,1027.5,1070.5,1132,1176,1164.5,,,,,,,,,,,,,,,,,,,,,,,,,,,,,,,
15400000,1,Feb-22,1,1,1350,1132,1279,28,2,2,2,2,,0,1152,1132,1149,1195,1219,1251,1259,1251,1242,1283,1303,1328,1340,1324,1291,1277,1278,1290,1292,1302,1311,1326,1327,1335,1349,1330,1338,1350,,,,,,,,,,,2,,,,,,,,,,,,,,,,,,,,,0,0,0
15400000,1,Mar-22,1,1,1466,1298,1391,22,10,0,0,0,,0,1366.5,1369,1400,1415.5,1418.5,1414,1392.5,1365,1346,1314,1324.5,1320.5,1332,1318,1316,1312.5,1337,1371,1400.5,1431.5,1456,1463.5,1453,1445,1444.5,1444,1440,1426.5,1417.5,1424,1448,1,1,1,1,1,1,1,1,1,1,1,1,1,1,1,1,1,1,1,1,1,1,1,1,1,1,1,1,1,1,1
15400000,1,Apr-22,1,1,1498,1180,1359,2,30,0,0,0,,0,1477.5,1496,1479,1469.5,1474,1470,1461,1451,1417.5,1391.5,1381.5,1373,1348.5,1342.5,1357.5,1339.5,1356,1341,1358,1373,1359.5,1335,1311,1288,1268,1239,1229,1210.5,1204,1183,,,,,,,,,,,,,,,,,,,,,,,,,,,,,,,,0
15400000,1,May-22,1,1,1156,758,971,1,31,0,0,0,,0,1152,1132,1117,1111.5,1087,1072,1060.5,1034.5,1020.5,1036,1033,1010.5,974,958.5,946,941.5,964,945,934.5,934,929.5,939.5,939,934.5,915,900,869,836.5,817.5,797,764.5,,,,,,,,,,,,,,,,,,,,,,,,,,,,,,,
15400000,1,Jun-22,1,1,886,550,737,13,30,0,0,0,,0,749.5,752.5,741.5,724.5,761,784,781.5,772,762.5,750,783.5,850.5,885,874.5,873.5,858,832.5,805.5,770.5,726.5,732.5,693.5,669,635.5,627,614,597,575.5,584,553.5,,1,1,1,1,1,1,1,1,1,1,1,1,1,1,1,1,1,1,1,1,1,1,1,1,1,1,1,1,1,1,0
15400000,1,Jul-22,1,1,544,298,380,1,18,0,0,0,,0,540,513,488,477.5,455,434,393,393.5,391.5,368.5,363,334.5,335.5,344,337,319,317,303,353,412.5,414,390,367.5,357,341,341,350,345,337,331,321,1,1,1,1,1,1,1,1,1,1,1,1,1,1,1,1,1,1,1,1,1,1,1,1,1,1,1,1,1,1,1
15400000,1,Aug-22,1,1,426,274,338,13,30,0,0,0,,0,315,334,341.5,341.5,320.5,313,299.5,315.5,310.5,296.5,306,395.5,423,413,397.5,393,397.5,387.5,376,359,326,312,302.5,304.5,309.5,324,326,337.5,316,285.5,296,1,1,1,1,1,1,1,1,1,1,1,1,1,1,1,1,1,1,1,1,1,1,1,1,1,1,1,1,1,1,1
15400000,1,Sep-22,1,1,334,138,212,23,18,0,0,0,,0,273,277.5,244.5,217.5,208.5,193,189,178,180,167.5,176,175,160,167.5,157.5,169,150.5,139.5,149,146,199,280,326.5,326,299.5,270,255,230,220,231,,1,1,1,1,1,1,1,1,1,1,1,1,1,1,1,1,1,1,1,1,1,1,1,1,1,1,1,1,1,1,0
15400000,1,Oct-22,1,1,428.5,207,291.5,29,1,1,1,1,,0,207,222,227,231.5,226.5,219,227.5,249.5,256.5,251,242,232.5,232,255,237,262.5,253.5,255,292,344,359.5,354.5,359,353,342,337,333.5,409,428.5,425,412.5,1,1,1,1,1,1,1,1,1,1,1,1,1,1,1,1,1,1,1,1,1,1,1,1,1,1,1,1,1,1,1
15400000,1,Nov-22,1,1,501.5,296,398.51669,30,18,1,1,1,,0,398,395.5,388,383,412,421,455,442,418.5,398,407.5,371.5,360,334.5,333,308,302,296,333,390.5,460,465,472,430,421.5,379,369,425.5,485,501.5,,1,1,1,1,1,1,1,1,1,1,1,1,1,1,1,1,1,1,1,1,1,1,1,1,1,1,1,1,1,1,0
15400000,1,Dec-22,1,1,888,421,584.08063,31,5,1,1,1,,0,487,464,456,434.5,421,427,538,601.5,608.5,593,553,520,487,470,451.5,436.5,453.5,525,574,589,619,623,639.5,639.5,683.5,744.5,761.5,739,799,880,888,1,1,1,1,1,1,1,1,1,1,1,1,1,1,1,1,1,1,1,1,1,1,1,1,1,1,1,1,1,1,1
15400000,1,Jan-23,1,1,1040,841,946.33868,11,3,1,1,1,,0,894,850,841,879,924.5,932,925,969,1028,1029,1040,1009,972,958,923,900,888,879,927.5,963,969,959,955,954,971,993.5,979.5,963.5,959.5,952,949.5,1,1,1,1,1,1,1,1,1,1,1,1,1,1,1,1,1,1,1,1,1,1,1,1,1,1,1,1,1,1,1
15400000,1,Feb-23,1,1,1420,924,1228,25,3,0,0,0,,0,943,937,927,935.5,969.5,1019.5,1062.5,1120.5,1174.5,1236,1251,1267,1279.5,1295.5,1300.5,1298.5,1306,1310,1333,1349,1362,1372.5,1395,1412.5,1415,1396,1370.5,1350,,,,1,1,1,1,1,1,1,1,1,1,1,1,1,1,1,1,1,1,1,1,1,1,1,1,1,1,1,1,0,0,0
15400000,1,Mar-23,1,1,1543,1305,1367,31,2,0,0,0,,0,1333,1312,1306,1316,1331,1338,1327.5,1320,1310,1313.5,1325,1328,1327,1336,1342,1348,1343.5,1345,1355,1366,1387.5,1402,1389.5,1384,1391,1406,1423,1434,1475,1510.5,1536.5,,,,,,,,,,,,,,,,,,,,,,,,,,,,,,,
15400000,1,Apr-23,1,1,1566,1392,1499,2,30,0,0,0,,0,1557,1563,1555,1558,1547.5,1544.5,1527,1518.5,1516,1529,1534,1543,1553,1548.5,1538,1520,1500,1479,1465,1452,1447,1441.5,1429.5,1433,1445,1457,1473,1460.5,1438,1405.5,,1,1,1,1,1,1,1,1,1,1,1,1,1,1,1,1,1,1,1,1,1,1,1,1,1,1,1,1,1,1,0
15400000,1,May-23,1,1,1390,1030,1207,1,27,0,0,0,,0,1380.5,1346,1313,1277,1268,1260.5,1245,1237,1231,1230,1233,1264,1299.5,1322.5,1323.5,1301,1263.5,1222,1187,1178,1150.5,1133.5,1098.5,1085,1051,1046,1044,1085.5,1109,1122,1105.5,1,1,1,1,1,1,1,1,1,1,1,1,1,1,1,1,1,1,1,1,1,1,1,1,1,1,1,1,1,1,1
15400000,1,Jun-23,1,1,1077,741,908.06671,1,30,2,2,2,,0,1077,1057,1057,1065,1053,1050,1032,993,982,955,927,900,872,863,852,832,839,896,909,910,902,879,856,839,820,791,777,767,749,741,,1,1,1,1,1,1,1,1,1,1,1,1,1,1,1,1,1,1,1,2,1,1,1,1,1,1,1,1,1,1,0
